ISO-10303-21;
HEADER;
FILE_DESCRIPTION(('Open CASCADE Model'),'2;1');
FILE_NAME('Open CASCADE Shape Model','2026-09-25T11:58:59',('Author'),(
    'Open CASCADE'),'Open CASCADE STEP processor 8.0','build123d',
  'Unknown');
FILE_SCHEMA(('AUTOMOTIVE_DESIGN { 1 0 10303 214 1 1 1 1 }'));
ENDSEC;
DATA;
#1 = APPLICATION_PROTOCOL_DEFINITION('international standard',
  'automotive_design',2000,#2);
#2 = APPLICATION_CONTEXT(
  'core data for automotive mechanical design processes');
#3 = SHAPE_DEFINITION_REPRESENTATION(#4,#10);
#4 = PRODUCT_DEFINITION_SHAPE('','',#5);
#5 = PRODUCT_DEFINITION('design','',#6,#9);
#6 = PRODUCT_DEFINITION_FORMATION('','',#7);
#7 = PRODUCT('COMPOUND','COMPOUND','',(#8));
#8 = PRODUCT_CONTEXT('',#2,'mechanical');
#9 = PRODUCT_DEFINITION_CONTEXT('part definition',#2,'design');
#10 = SHAPE_REPRESENTATION('',(#11,#15,#293,#875,#1457,#1787,#6157,#6487
    ,#6817,#6999,#7329,#7659,#7989),#9010);
#11 = AXIS2_PLACEMENT_3D('',#12,#13,#14);
#12 = CARTESIAN_POINT('',(0.,0.,0.));
#13 = DIRECTION('',(0.,0.,1.));
#14 = DIRECTION('',(1.,0.,-0.));
#15 = MANIFOLD_SOLID_BREP('',#16);
#16 = CLOSED_SHELL('',(#17,#105,#140,#175,#230,#285,#289));
#17 = ADVANCED_FACE('',(#18),#31,.T.);
#18 = FACE_BOUND('',#19,.T.);
#19 = EDGE_LOOP('',(#20,#54,#77,#104));
#20 = ORIENTED_EDGE('',*,*,#21,.F.);
#21 = EDGE_CURVE('',#22,#22,#24,.T.);
#22 = VERTEX_POINT('',#23);
#23 = CARTESIAN_POINT('',(1.225E+03,-30.,355.));
#24 = SURFACE_CURVE('',#25,(#30,#42),.PCURVE_S1.);
#25 = CIRCLE('',#26,75.);
#26 = AXIS2_PLACEMENT_3D('',#27,#28,#29);
#27 = CARTESIAN_POINT('',(1.15E+03,-30.,355.));
#28 = DIRECTION('',(0.,-1.,2.22044604925E-16));
#29 = DIRECTION('',(1.,0.,0.));
#30 = PCURVE('',#31,#36);
#31 = CYLINDRICAL_SURFACE('',#32,75.);
#32 = AXIS2_PLACEMENT_3D('',#33,#34,#35);
#33 = CARTESIAN_POINT('',(1.15E+03,30.,355.));
#34 = DIRECTION('',(0.,-1.,2.22044604925E-16));
#35 = DIRECTION('',(1.,0.,0.));
#36 = DEFINITIONAL_REPRESENTATION('',(#37),#41);
#37 = LINE('',#38,#39);
#38 = CARTESIAN_POINT('',(0.,60.));
#39 = VECTOR('',#40,1.);
#40 = DIRECTION('',(1.,0.));
#41 = ( GEOMETRIC_REPRESENTATION_CONTEXT(2) 
PARAMETRIC_REPRESENTATION_CONTEXT() REPRESENTATION_CONTEXT('2D SPACE',''
  ) );
#42 = PCURVE('',#43,#48);
#43 = PLANE('',#44);
#44 = AXIS2_PLACEMENT_3D('',#45,#46,#47);
#45 = CARTESIAN_POINT('',(1.15E+03,-30.,355.));
#46 = DIRECTION('',(0.,-1.,2.22044604925E-16));
#47 = DIRECTION('',(1.,0.,0.));
#48 = DEFINITIONAL_REPRESENTATION('',(#49),#53);
#49 = CIRCLE('',#50,75.);
#50 = AXIS2_PLACEMENT_2D('',#51,#52);
#51 = CARTESIAN_POINT('',(0.,0.));
#52 = DIRECTION('',(1.,0.));
#53 = ( GEOMETRIC_REPRESENTATION_CONTEXT(2) 
PARAMETRIC_REPRESENTATION_CONTEXT() REPRESENTATION_CONTEXT('2D SPACE',''
  ) );
#54 = ORIENTED_EDGE('',*,*,#55,.F.);
#55 = EDGE_CURVE('',#56,#22,#58,.T.);
#56 = VERTEX_POINT('',#57);
#57 = CARTESIAN_POINT('',(1.225E+03,30.,355.));
#58 = SEAM_CURVE('',#59,(#63,#70),.PCURVE_S1.);
#59 = LINE('',#60,#61);
#60 = CARTESIAN_POINT('',(1.225E+03,30.,355.));
#61 = VECTOR('',#62,1.);
#62 = DIRECTION('',(0.,-1.,2.22044604925E-16));
#63 = PCURVE('',#31,#64);
#64 = DEFINITIONAL_REPRESENTATION('',(#65),#69);
#65 = LINE('',#66,#67);
#66 = CARTESIAN_POINT('',(6.28318530718,-0.));
#67 = VECTOR('',#68,1.);
#68 = DIRECTION('',(0.,1.));
#69 = ( GEOMETRIC_REPRESENTATION_CONTEXT(2) 
PARAMETRIC_REPRESENTATION_CONTEXT() REPRESENTATION_CONTEXT('2D SPACE',''
  ) );
#70 = PCURVE('',#31,#71);
#71 = DEFINITIONAL_REPRESENTATION('',(#72),#76);
#72 = LINE('',#73,#74);
#73 = CARTESIAN_POINT('',(0.,-0.));
#74 = VECTOR('',#75,1.);
#75 = DIRECTION('',(0.,1.));
#76 = ( GEOMETRIC_REPRESENTATION_CONTEXT(2) 
PARAMETRIC_REPRESENTATION_CONTEXT() REPRESENTATION_CONTEXT('2D SPACE',''
  ) );
#77 = ORIENTED_EDGE('',*,*,#78,.T.);
#78 = EDGE_CURVE('',#56,#56,#79,.T.);
#79 = SURFACE_CURVE('',#80,(#85,#92),.PCURVE_S1.);
#80 = CIRCLE('',#81,75.);
#81 = AXIS2_PLACEMENT_3D('',#82,#83,#84);
#82 = CARTESIAN_POINT('',(1.15E+03,30.,355.));
#83 = DIRECTION('',(0.,-1.,2.22044604925E-16));
#84 = DIRECTION('',(1.,0.,0.));
#85 = PCURVE('',#31,#86);
#86 = DEFINITIONAL_REPRESENTATION('',(#87),#91);
#87 = LINE('',#88,#89);
#88 = CARTESIAN_POINT('',(0.,0.));
#89 = VECTOR('',#90,1.);
#90 = DIRECTION('',(1.,0.));
#91 = ( GEOMETRIC_REPRESENTATION_CONTEXT(2) 
PARAMETRIC_REPRESENTATION_CONTEXT() REPRESENTATION_CONTEXT('2D SPACE',''
  ) );
#92 = PCURVE('',#93,#98);
#93 = PLANE('',#94);
#94 = AXIS2_PLACEMENT_3D('',#95,#96,#97);
#95 = CARTESIAN_POINT('',(1.15E+03,30.,355.));
#96 = DIRECTION('',(0.,-1.,2.22044604925E-16));
#97 = DIRECTION('',(1.,0.,0.));
#98 = DEFINITIONAL_REPRESENTATION('',(#99),#103);
#99 = CIRCLE('',#100,75.);
#100 = AXIS2_PLACEMENT_2D('',#101,#102);
#101 = CARTESIAN_POINT('',(0.,0.));
#102 = DIRECTION('',(1.,0.));
#103 = ( GEOMETRIC_REPRESENTATION_CONTEXT(2) 
PARAMETRIC_REPRESENTATION_CONTEXT() REPRESENTATION_CONTEXT('2D SPACE',''
  ) );
#104 = ORIENTED_EDGE('',*,*,#55,.T.);
#105 = ADVANCED_FACE('',(#106,#109),#43,.T.);
#106 = FACE_BOUND('',#107,.T.);
#107 = EDGE_LOOP('',(#108));
#108 = ORIENTED_EDGE('',*,*,#21,.T.);
#109 = FACE_BOUND('',#110,.T.);
#110 = EDGE_LOOP('',(#111));
#111 = ORIENTED_EDGE('',*,*,#112,.F.);
#112 = EDGE_CURVE('',#113,#113,#115,.T.);
#113 = VERTEX_POINT('',#114);
#114 = CARTESIAN_POINT('',(1.156E+03,-30.,355.));
#115 = SURFACE_CURVE('',#116,(#121,#128),.PCURVE_S1.);
#116 = CIRCLE('',#117,6.);
#117 = AXIS2_PLACEMENT_3D('',#118,#119,#120);
#118 = CARTESIAN_POINT('',(1.15E+03,-30.,355.));
#119 = DIRECTION('',(0.,-1.,2.22044604925E-16));
#120 = DIRECTION('',(1.,0.,0.));
#121 = PCURVE('',#43,#122);
#122 = DEFINITIONAL_REPRESENTATION('',(#123),#127);
#123 = CIRCLE('',#124,6.);
#124 = AXIS2_PLACEMENT_2D('',#125,#126);
#125 = CARTESIAN_POINT('',(0.,0.));
#126 = DIRECTION('',(1.,0.));
#127 = ( GEOMETRIC_REPRESENTATION_CONTEXT(2) 
PARAMETRIC_REPRESENTATION_CONTEXT() REPRESENTATION_CONTEXT('2D SPACE',''
  ) );
#128 = PCURVE('',#129,#134);
#129 = CYLINDRICAL_SURFACE('',#130,6.);
#130 = AXIS2_PLACEMENT_3D('',#131,#132,#133);
#131 = CARTESIAN_POINT('',(1.15E+03,65.,355.));
#132 = DIRECTION('',(0.,-1.,2.22044604925E-16));
#133 = DIRECTION('',(1.,0.,0.));
#134 = DEFINITIONAL_REPRESENTATION('',(#135),#139);
#135 = LINE('',#136,#137);
#136 = CARTESIAN_POINT('',(0.,95.));
#137 = VECTOR('',#138,1.);
#138 = DIRECTION('',(1.,0.));
#139 = ( GEOMETRIC_REPRESENTATION_CONTEXT(2) 
PARAMETRIC_REPRESENTATION_CONTEXT() REPRESENTATION_CONTEXT('2D SPACE',''
  ) );
#140 = ADVANCED_FACE('',(#141,#144),#93,.F.);
#141 = FACE_BOUND('',#142,.F.);
#142 = EDGE_LOOP('',(#143));
#143 = ORIENTED_EDGE('',*,*,#78,.T.);
#144 = FACE_BOUND('',#145,.F.);
#145 = EDGE_LOOP('',(#146));
#146 = ORIENTED_EDGE('',*,*,#147,.F.);
#147 = EDGE_CURVE('',#148,#148,#150,.T.);
#148 = VERTEX_POINT('',#149);
#149 = CARTESIAN_POINT('',(1.156E+03,30.,355.));
#150 = SURFACE_CURVE('',#151,(#156,#163),.PCURVE_S1.);
#151 = CIRCLE('',#152,6.);
#152 = AXIS2_PLACEMENT_3D('',#153,#154,#155);
#153 = CARTESIAN_POINT('',(1.15E+03,30.,355.));
#154 = DIRECTION('',(0.,-1.,2.22044604925E-16));
#155 = DIRECTION('',(1.,0.,0.));
#156 = PCURVE('',#93,#157);
#157 = DEFINITIONAL_REPRESENTATION('',(#158),#162);
#158 = CIRCLE('',#159,6.);
#159 = AXIS2_PLACEMENT_2D('',#160,#161);
#160 = CARTESIAN_POINT('',(0.,1.577721810442E-30));
#161 = DIRECTION('',(1.,0.));
#162 = ( GEOMETRIC_REPRESENTATION_CONTEXT(2) 
PARAMETRIC_REPRESENTATION_CONTEXT() REPRESENTATION_CONTEXT('2D SPACE',''
  ) );
#163 = PCURVE('',#164,#169);
#164 = CYLINDRICAL_SURFACE('',#165,6.);
#165 = AXIS2_PLACEMENT_3D('',#166,#167,#168);
#166 = CARTESIAN_POINT('',(1.15E+03,65.,355.));
#167 = DIRECTION('',(0.,-1.,2.22044604925E-16));
#168 = DIRECTION('',(1.,0.,0.));
#169 = DEFINITIONAL_REPRESENTATION('',(#170),#174);
#170 = LINE('',#171,#172);
#171 = CARTESIAN_POINT('',(0.,35.));
#172 = VECTOR('',#173,1.);
#173 = DIRECTION('',(1.,0.));
#174 = ( GEOMETRIC_REPRESENTATION_CONTEXT(2) 
PARAMETRIC_REPRESENTATION_CONTEXT() REPRESENTATION_CONTEXT('2D SPACE',''
  ) );
#175 = ADVANCED_FACE('',(#176),#129,.T.);
#176 = FACE_BOUND('',#177,.T.);
#177 = EDGE_LOOP('',(#178,#201,#228,#229));
#178 = ORIENTED_EDGE('',*,*,#179,.T.);
#179 = EDGE_CURVE('',#113,#180,#182,.T.);
#180 = VERTEX_POINT('',#181);
#181 = CARTESIAN_POINT('',(1.156E+03,-65.,355.));
#182 = SEAM_CURVE('',#183,(#187,#194),.PCURVE_S1.);
#183 = LINE('',#184,#185);
#184 = CARTESIAN_POINT('',(1.156E+03,65.,355.));
#185 = VECTOR('',#186,1.);
#186 = DIRECTION('',(0.,-1.,2.22044604925E-16));
#187 = PCURVE('',#129,#188);
#188 = DEFINITIONAL_REPRESENTATION('',(#189),#193);
#189 = LINE('',#190,#191);
#190 = CARTESIAN_POINT('',(6.28318530718,-0.));
#191 = VECTOR('',#192,1.);
#192 = DIRECTION('',(0.,1.));
#193 = ( GEOMETRIC_REPRESENTATION_CONTEXT(2) 
PARAMETRIC_REPRESENTATION_CONTEXT() REPRESENTATION_CONTEXT('2D SPACE',''
  ) );
#194 = PCURVE('',#129,#195);
#195 = DEFINITIONAL_REPRESENTATION('',(#196),#200);
#196 = LINE('',#197,#198);
#197 = CARTESIAN_POINT('',(0.,-0.));
#198 = VECTOR('',#199,1.);
#199 = DIRECTION('',(0.,1.));
#200 = ( GEOMETRIC_REPRESENTATION_CONTEXT(2) 
PARAMETRIC_REPRESENTATION_CONTEXT() REPRESENTATION_CONTEXT('2D SPACE',''
  ) );
#201 = ORIENTED_EDGE('',*,*,#202,.F.);
#202 = EDGE_CURVE('',#180,#180,#203,.T.);
#203 = SURFACE_CURVE('',#204,(#209,#216),.PCURVE_S1.);
#204 = CIRCLE('',#205,6.);
#205 = AXIS2_PLACEMENT_3D('',#206,#207,#208);
#206 = CARTESIAN_POINT('',(1.15E+03,-65.,355.));
#207 = DIRECTION('',(0.,-1.,2.22044604925E-16));
#208 = DIRECTION('',(1.,0.,0.));
#209 = PCURVE('',#129,#210);
#210 = DEFINITIONAL_REPRESENTATION('',(#211),#215);
#211 = LINE('',#212,#213);
#212 = CARTESIAN_POINT('',(0.,130.));
#213 = VECTOR('',#214,1.);
#214 = DIRECTION('',(1.,0.));
#215 = ( GEOMETRIC_REPRESENTATION_CONTEXT(2) 
PARAMETRIC_REPRESENTATION_CONTEXT() REPRESENTATION_CONTEXT('2D SPACE',''
  ) );
#216 = PCURVE('',#217,#222);
#217 = PLANE('',#218);
#218 = AXIS2_PLACEMENT_3D('',#219,#220,#221);
#219 = CARTESIAN_POINT('',(1.15E+03,-65.,355.));
#220 = DIRECTION('',(0.,-1.,2.22044604925E-16));
#221 = DIRECTION('',(1.,0.,0.));
#222 = DEFINITIONAL_REPRESENTATION('',(#223),#227);
#223 = CIRCLE('',#224,6.);
#224 = AXIS2_PLACEMENT_2D('',#225,#226);
#225 = CARTESIAN_POINT('',(0.,0.));
#226 = DIRECTION('',(1.,0.));
#227 = ( GEOMETRIC_REPRESENTATION_CONTEXT(2) 
PARAMETRIC_REPRESENTATION_CONTEXT() REPRESENTATION_CONTEXT('2D SPACE',''
  ) );
#228 = ORIENTED_EDGE('',*,*,#179,.F.);
#229 = ORIENTED_EDGE('',*,*,#112,.T.);
#230 = ADVANCED_FACE('',(#231),#164,.T.);
#231 = FACE_BOUND('',#232,.T.);
#232 = EDGE_LOOP('',(#233,#234,#257,#284));
#233 = ORIENTED_EDGE('',*,*,#147,.F.);
#234 = ORIENTED_EDGE('',*,*,#235,.F.);
#235 = EDGE_CURVE('',#236,#148,#238,.T.);
#236 = VERTEX_POINT('',#237);
#237 = CARTESIAN_POINT('',(1.156E+03,65.,355.));
#238 = SEAM_CURVE('',#239,(#243,#250),.PCURVE_S1.);
#239 = LINE('',#240,#241);
#240 = CARTESIAN_POINT('',(1.156E+03,65.,355.));
#241 = VECTOR('',#242,1.);
#242 = DIRECTION('',(0.,-1.,2.22044604925E-16));
#243 = PCURVE('',#164,#244);
#244 = DEFINITIONAL_REPRESENTATION('',(#245),#249);
#245 = LINE('',#246,#247);
#246 = CARTESIAN_POINT('',(6.28318530718,-0.));
#247 = VECTOR('',#248,1.);
#248 = DIRECTION('',(0.,1.));
#249 = ( GEOMETRIC_REPRESENTATION_CONTEXT(2) 
PARAMETRIC_REPRESENTATION_CONTEXT() REPRESENTATION_CONTEXT('2D SPACE',''
  ) );
#250 = PCURVE('',#164,#251);
#251 = DEFINITIONAL_REPRESENTATION('',(#252),#256);
#252 = LINE('',#253,#254);
#253 = CARTESIAN_POINT('',(0.,-0.));
#254 = VECTOR('',#255,1.);
#255 = DIRECTION('',(0.,1.));
#256 = ( GEOMETRIC_REPRESENTATION_CONTEXT(2) 
PARAMETRIC_REPRESENTATION_CONTEXT() REPRESENTATION_CONTEXT('2D SPACE',''
  ) );
#257 = ORIENTED_EDGE('',*,*,#258,.T.);
#258 = EDGE_CURVE('',#236,#236,#259,.T.);
#259 = SURFACE_CURVE('',#260,(#265,#272),.PCURVE_S1.);
#260 = CIRCLE('',#261,6.);
#261 = AXIS2_PLACEMENT_3D('',#262,#263,#264);
#262 = CARTESIAN_POINT('',(1.15E+03,65.,355.));
#263 = DIRECTION('',(0.,-1.,2.22044604925E-16));
#264 = DIRECTION('',(1.,0.,0.));
#265 = PCURVE('',#164,#266);
#266 = DEFINITIONAL_REPRESENTATION('',(#267),#271);
#267 = LINE('',#268,#269);
#268 = CARTESIAN_POINT('',(0.,0.));
#269 = VECTOR('',#270,1.);
#270 = DIRECTION('',(1.,0.));
#271 = ( GEOMETRIC_REPRESENTATION_CONTEXT(2) 
PARAMETRIC_REPRESENTATION_CONTEXT() REPRESENTATION_CONTEXT('2D SPACE',''
  ) );
#272 = PCURVE('',#273,#278);
#273 = PLANE('',#274);
#274 = AXIS2_PLACEMENT_3D('',#275,#276,#277);
#275 = CARTESIAN_POINT('',(1.15E+03,65.,355.));
#276 = DIRECTION('',(0.,-1.,2.22044604925E-16));
#277 = DIRECTION('',(1.,0.,0.));
#278 = DEFINITIONAL_REPRESENTATION('',(#279),#283);
#279 = CIRCLE('',#280,6.);
#280 = AXIS2_PLACEMENT_2D('',#281,#282);
#281 = CARTESIAN_POINT('',(0.,0.));
#282 = DIRECTION('',(1.,0.));
#283 = ( GEOMETRIC_REPRESENTATION_CONTEXT(2) 
PARAMETRIC_REPRESENTATION_CONTEXT() REPRESENTATION_CONTEXT('2D SPACE',''
  ) );
#284 = ORIENTED_EDGE('',*,*,#235,.T.);
#285 = ADVANCED_FACE('',(#286),#217,.T.);
#286 = FACE_BOUND('',#287,.T.);
#287 = EDGE_LOOP('',(#288));
#288 = ORIENTED_EDGE('',*,*,#202,.T.);
#289 = ADVANCED_FACE('',(#290),#273,.F.);
#290 = FACE_BOUND('',#291,.T.);
#291 = EDGE_LOOP('',(#292));
#292 = ORIENTED_EDGE('',*,*,#258,.F.);
#293 = MANIFOLD_SOLID_BREP('',#294);
#294 = CLOSED_SHELL('',(#295,#415,#491,#562,#589,#616,#724,#785,#835,
    #867));
#295 = ADVANCED_FACE('',(#296),#310,.F.);
#296 = FACE_BOUND('',#297,.F.);
#297 = EDGE_LOOP('',(#298,#333,#361,#389));
#298 = ORIENTED_EDGE('',*,*,#299,.F.);
#299 = EDGE_CURVE('',#300,#302,#304,.T.);
#300 = VERTEX_POINT('',#301);
#301 = CARTESIAN_POINT('',(1.162786499544E+03,62.,348.95802768811));
#302 = VERTEX_POINT('',#303);
#303 = CARTESIAN_POINT('',(1.143958027688E+03,62.,342.21350045624));
#304 = SURFACE_CURVE('',#305,(#309,#321),.PCURVE_S1.);
#305 = LINE('',#306,#307);
#306 = CARTESIAN_POINT('',(1.162786499544E+03,62.,348.95802768811));
#307 = VECTOR('',#308,1.);
#308 = DIRECTION('',(-0.941423592782,0.,-0.337226361594));
#309 = PCURVE('',#310,#315);
#310 = PLANE('',#311);
#311 = AXIS2_PLACEMENT_3D('',#312,#313,#314);
#312 = CARTESIAN_POINT('',(1.162786499544E+03,62.,348.95802768811));
#313 = DIRECTION('',(-0.337226361594,0.,0.941423592782));
#314 = DIRECTION('',(-0.941423592782,0.,-0.337226361594));
#315 = DEFINITIONAL_REPRESENTATION('',(#316),#320);
#316 = LINE('',#317,#318);
#317 = CARTESIAN_POINT('',(0.,0.));
#318 = VECTOR('',#319,1.);
#319 = DIRECTION('',(1.,0.));
#320 = ( GEOMETRIC_REPRESENTATION_CONTEXT(2) 
PARAMETRIC_REPRESENTATION_CONTEXT() REPRESENTATION_CONTEXT('2D SPACE',''
  ) );
#321 = PCURVE('',#322,#327);
#322 = PLANE('',#323);
#323 = AXIS2_PLACEMENT_3D('',#324,#325,#326);
#324 = CARTESIAN_POINT('',(1.162786499544E+03,62.,348.95802768811));
#325 = DIRECTION('',(0.,1.,0.));
#326 = DIRECTION('',(-0.941423592782,0.,-0.337226361594));
#327 = DEFINITIONAL_REPRESENTATION('',(#328),#332);
#328 = LINE('',#329,#330);
#329 = CARTESIAN_POINT('',(0.,0.));
#330 = VECTOR('',#331,1.);
#331 = DIRECTION('',(1.,0.));
#332 = ( GEOMETRIC_REPRESENTATION_CONTEXT(2) 
PARAMETRIC_REPRESENTATION_CONTEXT() REPRESENTATION_CONTEXT('2D SPACE',''
  ) );
#333 = ORIENTED_EDGE('',*,*,#334,.T.);
#334 = EDGE_CURVE('',#300,#335,#337,.T.);
#335 = VERTEX_POINT('',#336);
#336 = CARTESIAN_POINT('',(1.162786499544E+03,67.,348.95802768811));
#337 = SURFACE_CURVE('',#338,(#342,#349),.PCURVE_S1.);
#338 = LINE('',#339,#340);
#339 = CARTESIAN_POINT('',(1.162786499544E+03,62.,348.95802768811));
#340 = VECTOR('',#341,1.);
#341 = DIRECTION('',(0.,1.,0.));
#342 = PCURVE('',#310,#343);
#343 = DEFINITIONAL_REPRESENTATION('',(#344),#348);
#344 = LINE('',#345,#346);
#345 = CARTESIAN_POINT('',(0.,0.));
#346 = VECTOR('',#347,1.);
#347 = DIRECTION('',(0.,-1.));
#348 = ( GEOMETRIC_REPRESENTATION_CONTEXT(2) 
PARAMETRIC_REPRESENTATION_CONTEXT() REPRESENTATION_CONTEXT('2D SPACE',''
  ) );
#349 = PCURVE('',#350,#355);
#350 = PLANE('',#351);
#351 = AXIS2_PLACEMENT_3D('',#352,#353,#354);
#352 = CARTESIAN_POINT('',(1.162786499544E+03,62.,348.95802768811));
#353 = DIRECTION('',(-0.941423592782,0.,-0.337226361594));
#354 = DIRECTION('',(-0.337226361594,0.,0.941423592782));
#355 = DEFINITIONAL_REPRESENTATION('',(#356),#360);
#356 = LINE('',#357,#358);
#357 = CARTESIAN_POINT('',(0.,0.));
#358 = VECTOR('',#359,1.);
#359 = DIRECTION('',(0.,1.));
#360 = ( GEOMETRIC_REPRESENTATION_CONTEXT(2) 
PARAMETRIC_REPRESENTATION_CONTEXT() REPRESENTATION_CONTEXT('2D SPACE',''
  ) );
#361 = ORIENTED_EDGE('',*,*,#362,.T.);
#362 = EDGE_CURVE('',#335,#363,#365,.T.);
#363 = VERTEX_POINT('',#364);
#364 = CARTESIAN_POINT('',(1.143958027688E+03,67.,342.21350045624));
#365 = SURFACE_CURVE('',#366,(#370,#377),.PCURVE_S1.);
#366 = LINE('',#367,#368);
#367 = CARTESIAN_POINT('',(1.162786499544E+03,67.,348.95802768811));
#368 = VECTOR('',#369,1.);
#369 = DIRECTION('',(-0.941423592782,0.,-0.337226361594));
#370 = PCURVE('',#310,#371);
#371 = DEFINITIONAL_REPRESENTATION('',(#372),#376);
#372 = LINE('',#373,#374);
#373 = CARTESIAN_POINT('',(0.,-5.));
#374 = VECTOR('',#375,1.);
#375 = DIRECTION('',(1.,0.));
#376 = ( GEOMETRIC_REPRESENTATION_CONTEXT(2) 
PARAMETRIC_REPRESENTATION_CONTEXT() REPRESENTATION_CONTEXT('2D SPACE',''
  ) );
#377 = PCURVE('',#378,#383);
#378 = PLANE('',#379);
#379 = AXIS2_PLACEMENT_3D('',#380,#381,#382);
#380 = CARTESIAN_POINT('',(1.162786499544E+03,67.,348.95802768811));
#381 = DIRECTION('',(0.,1.,0.));
#382 = DIRECTION('',(-0.941423592782,0.,-0.337226361594));
#383 = DEFINITIONAL_REPRESENTATION('',(#384),#388);
#384 = LINE('',#385,#386);
#385 = CARTESIAN_POINT('',(0.,0.));
#386 = VECTOR('',#387,1.);
#387 = DIRECTION('',(1.,0.));
#388 = ( GEOMETRIC_REPRESENTATION_CONTEXT(2) 
PARAMETRIC_REPRESENTATION_CONTEXT() REPRESENTATION_CONTEXT('2D SPACE',''
  ) );
#389 = ORIENTED_EDGE('',*,*,#390,.F.);
#390 = EDGE_CURVE('',#302,#363,#391,.T.);
#391 = SURFACE_CURVE('',#392,(#396,#403),.PCURVE_S1.);
#392 = LINE('',#393,#394);
#393 = CARTESIAN_POINT('',(1.143958027688E+03,62.,342.21350045624));
#394 = VECTOR('',#395,1.);
#395 = DIRECTION('',(0.,1.,0.));
#396 = PCURVE('',#310,#397);
#397 = DEFINITIONAL_REPRESENTATION('',(#398),#402);
#398 = LINE('',#399,#400);
#399 = CARTESIAN_POINT('',(20.,0.));
#400 = VECTOR('',#401,1.);
#401 = DIRECTION('',(0.,-1.));
#402 = ( GEOMETRIC_REPRESENTATION_CONTEXT(2) 
PARAMETRIC_REPRESENTATION_CONTEXT() REPRESENTATION_CONTEXT('2D SPACE',''
  ) );
#403 = PCURVE('',#404,#409);
#404 = PLANE('',#405);
#405 = AXIS2_PLACEMENT_3D('',#406,#407,#408);
#406 = CARTESIAN_POINT('',(1.143958027688E+03,62.,342.21350045624));
#407 = DIRECTION('',(-0.941423592782,0.,-0.337226361594));
#408 = DIRECTION('',(-0.337226361594,0.,0.941423592782));
#409 = DEFINITIONAL_REPRESENTATION('',(#410),#414);
#410 = LINE('',#411,#412);
#411 = CARTESIAN_POINT('',(0.,0.));
#412 = VECTOR('',#413,1.);
#413 = DIRECTION('',(0.,1.));
#414 = ( GEOMETRIC_REPRESENTATION_CONTEXT(2) 
PARAMETRIC_REPRESENTATION_CONTEXT() REPRESENTATION_CONTEXT('2D SPACE',''
  ) );
#415 = ADVANCED_FACE('',(#416),#350,.F.);
#416 = FACE_BOUND('',#417,.F.);
#417 = EDGE_LOOP('',(#418,#419,#442,#470));
#418 = ORIENTED_EDGE('',*,*,#334,.F.);
#419 = ORIENTED_EDGE('',*,*,#420,.T.);
#420 = EDGE_CURVE('',#300,#421,#423,.T.);
#421 = VERTEX_POINT('',#422);
#422 = CARTESIAN_POINT('',(1.112202545305E+03,62.,490.1715666054));
#423 = SURFACE_CURVE('',#424,(#428,#435),.PCURVE_S1.);
#424 = LINE('',#425,#426);
#425 = CARTESIAN_POINT('',(1.162786499544E+03,62.,348.95802768811));
#426 = VECTOR('',#427,1.);
#427 = DIRECTION('',(-0.337226361594,0.,0.941423592782));
#428 = PCURVE('',#350,#429);
#429 = DEFINITIONAL_REPRESENTATION('',(#430),#434);
#430 = LINE('',#431,#432);
#431 = CARTESIAN_POINT('',(0.,0.));
#432 = VECTOR('',#433,1.);
#433 = DIRECTION('',(1.,0.));
#434 = ( GEOMETRIC_REPRESENTATION_CONTEXT(2) 
PARAMETRIC_REPRESENTATION_CONTEXT() REPRESENTATION_CONTEXT('2D SPACE',''
  ) );
#435 = PCURVE('',#322,#436);
#436 = DEFINITIONAL_REPRESENTATION('',(#437),#441);
#437 = LINE('',#438,#439);
#438 = CARTESIAN_POINT('',(0.,0.));
#439 = VECTOR('',#440,1.);
#440 = DIRECTION('',(0.,1.));
#441 = ( GEOMETRIC_REPRESENTATION_CONTEXT(2) 
PARAMETRIC_REPRESENTATION_CONTEXT() REPRESENTATION_CONTEXT('2D SPACE',''
  ) );
#442 = ORIENTED_EDGE('',*,*,#443,.T.);
#443 = EDGE_CURVE('',#421,#444,#446,.T.);
#444 = VERTEX_POINT('',#445);
#445 = CARTESIAN_POINT('',(1.112202545305E+03,67.,490.1715666054));
#446 = SURFACE_CURVE('',#447,(#451,#458),.PCURVE_S1.);
#447 = LINE('',#448,#449);
#448 = CARTESIAN_POINT('',(1.112202545305E+03,62.,490.1715666054));
#449 = VECTOR('',#450,1.);
#450 = DIRECTION('',(0.,1.,0.));
#451 = PCURVE('',#350,#452);
#452 = DEFINITIONAL_REPRESENTATION('',(#453),#457);
#453 = LINE('',#454,#455);
#454 = CARTESIAN_POINT('',(150.,0.));
#455 = VECTOR('',#456,1.);
#456 = DIRECTION('',(0.,1.));
#457 = ( GEOMETRIC_REPRESENTATION_CONTEXT(2) 
PARAMETRIC_REPRESENTATION_CONTEXT() REPRESENTATION_CONTEXT('2D SPACE',''
  ) );
#458 = PCURVE('',#459,#464);
#459 = PLANE('',#460);
#460 = AXIS2_PLACEMENT_3D('',#461,#462,#463);
#461 = CARTESIAN_POINT('',(1.112202545305E+03,62.,490.1715666054));
#462 = DIRECTION('',(-0.337226361594,0.,0.941423592782));
#463 = DIRECTION('',(-0.941423592782,0.,-0.337226361594));
#464 = DEFINITIONAL_REPRESENTATION('',(#465),#469);
#465 = LINE('',#466,#467);
#466 = CARTESIAN_POINT('',(0.,0.));
#467 = VECTOR('',#468,1.);
#468 = DIRECTION('',(0.,-1.));
#469 = ( GEOMETRIC_REPRESENTATION_CONTEXT(2) 
PARAMETRIC_REPRESENTATION_CONTEXT() REPRESENTATION_CONTEXT('2D SPACE',''
  ) );
#470 = ORIENTED_EDGE('',*,*,#471,.F.);
#471 = EDGE_CURVE('',#335,#444,#472,.T.);
#472 = SURFACE_CURVE('',#473,(#477,#484),.PCURVE_S1.);
#473 = LINE('',#474,#475);
#474 = CARTESIAN_POINT('',(1.162786499544E+03,67.,348.95802768811));
#475 = VECTOR('',#476,1.);
#476 = DIRECTION('',(-0.337226361594,0.,0.941423592782));
#477 = PCURVE('',#350,#478);
#478 = DEFINITIONAL_REPRESENTATION('',(#479),#483);
#479 = LINE('',#480,#481);
#480 = CARTESIAN_POINT('',(0.,5.));
#481 = VECTOR('',#482,1.);
#482 = DIRECTION('',(1.,0.));
#483 = ( GEOMETRIC_REPRESENTATION_CONTEXT(2) 
PARAMETRIC_REPRESENTATION_CONTEXT() REPRESENTATION_CONTEXT('2D SPACE',''
  ) );
#484 = PCURVE('',#378,#485);
#485 = DEFINITIONAL_REPRESENTATION('',(#486),#490);
#486 = LINE('',#487,#488);
#487 = CARTESIAN_POINT('',(0.,0.));
#488 = VECTOR('',#489,1.);
#489 = DIRECTION('',(0.,1.));
#490 = ( GEOMETRIC_REPRESENTATION_CONTEXT(2) 
PARAMETRIC_REPRESENTATION_CONTEXT() REPRESENTATION_CONTEXT('2D SPACE',''
  ) );
#491 = ADVANCED_FACE('',(#492),#459,.T.);
#492 = FACE_BOUND('',#493,.T.);
#493 = EDGE_LOOP('',(#494,#517,#518,#541));
#494 = ORIENTED_EDGE('',*,*,#495,.F.);
#495 = EDGE_CURVE('',#421,#496,#498,.T.);
#496 = VERTEX_POINT('',#497);
#497 = CARTESIAN_POINT('',(1.093374073449E+03,62.,483.42703937353));
#498 = SURFACE_CURVE('',#499,(#503,#510),.PCURVE_S1.);
#499 = LINE('',#500,#501);
#500 = CARTESIAN_POINT('',(1.112202545305E+03,62.,490.1715666054));
#501 = VECTOR('',#502,1.);
#502 = DIRECTION('',(-0.941423592782,0.,-0.337226361594));
#503 = PCURVE('',#459,#504);
#504 = DEFINITIONAL_REPRESENTATION('',(#505),#509);
#505 = LINE('',#506,#507);
#506 = CARTESIAN_POINT('',(0.,0.));
#507 = VECTOR('',#508,1.);
#508 = DIRECTION('',(1.,0.));
#509 = ( GEOMETRIC_REPRESENTATION_CONTEXT(2) 
PARAMETRIC_REPRESENTATION_CONTEXT() REPRESENTATION_CONTEXT('2D SPACE',''
  ) );
#510 = PCURVE('',#322,#511);
#511 = DEFINITIONAL_REPRESENTATION('',(#512),#516);
#512 = LINE('',#513,#514);
#513 = CARTESIAN_POINT('',(0.,150.));
#514 = VECTOR('',#515,1.);
#515 = DIRECTION('',(1.,0.));
#516 = ( GEOMETRIC_REPRESENTATION_CONTEXT(2) 
PARAMETRIC_REPRESENTATION_CONTEXT() REPRESENTATION_CONTEXT('2D SPACE',''
  ) );
#517 = ORIENTED_EDGE('',*,*,#443,.T.);
#518 = ORIENTED_EDGE('',*,*,#519,.T.);
#519 = EDGE_CURVE('',#444,#520,#522,.T.);
#520 = VERTEX_POINT('',#521);
#521 = CARTESIAN_POINT('',(1.093374073449E+03,67.,483.42703937353));
#522 = SURFACE_CURVE('',#523,(#527,#534),.PCURVE_S1.);
#523 = LINE('',#524,#525);
#524 = CARTESIAN_POINT('',(1.112202545305E+03,67.,490.1715666054));
#525 = VECTOR('',#526,1.);
#526 = DIRECTION('',(-0.941423592782,0.,-0.337226361594));
#527 = PCURVE('',#459,#528);
#528 = DEFINITIONAL_REPRESENTATION('',(#529),#533);
#529 = LINE('',#530,#531);
#530 = CARTESIAN_POINT('',(0.,-5.));
#531 = VECTOR('',#532,1.);
#532 = DIRECTION('',(1.,0.));
#533 = ( GEOMETRIC_REPRESENTATION_CONTEXT(2) 
PARAMETRIC_REPRESENTATION_CONTEXT() REPRESENTATION_CONTEXT('2D SPACE',''
  ) );
#534 = PCURVE('',#378,#535);
#535 = DEFINITIONAL_REPRESENTATION('',(#536),#540);
#536 = LINE('',#537,#538);
#537 = CARTESIAN_POINT('',(0.,150.));
#538 = VECTOR('',#539,1.);
#539 = DIRECTION('',(1.,0.));
#540 = ( GEOMETRIC_REPRESENTATION_CONTEXT(2) 
PARAMETRIC_REPRESENTATION_CONTEXT() REPRESENTATION_CONTEXT('2D SPACE',''
  ) );
#541 = ORIENTED_EDGE('',*,*,#542,.F.);
#542 = EDGE_CURVE('',#496,#520,#543,.T.);
#543 = SURFACE_CURVE('',#544,(#548,#555),.PCURVE_S1.);
#544 = LINE('',#545,#546);
#545 = CARTESIAN_POINT('',(1.093374073449E+03,62.,483.42703937353));
#546 = VECTOR('',#547,1.);
#547 = DIRECTION('',(0.,1.,0.));
#548 = PCURVE('',#459,#549);
#549 = DEFINITIONAL_REPRESENTATION('',(#550),#554);
#550 = LINE('',#551,#552);
#551 = CARTESIAN_POINT('',(20.,0.));
#552 = VECTOR('',#553,1.);
#553 = DIRECTION('',(0.,-1.));
#554 = ( GEOMETRIC_REPRESENTATION_CONTEXT(2) 
PARAMETRIC_REPRESENTATION_CONTEXT() REPRESENTATION_CONTEXT('2D SPACE',''
  ) );
#555 = PCURVE('',#404,#556);
#556 = DEFINITIONAL_REPRESENTATION('',(#557),#561);
#557 = LINE('',#558,#559);
#558 = CARTESIAN_POINT('',(150.,0.));
#559 = VECTOR('',#560,1.);
#560 = DIRECTION('',(0.,1.));
#561 = ( GEOMETRIC_REPRESENTATION_CONTEXT(2) 
PARAMETRIC_REPRESENTATION_CONTEXT() REPRESENTATION_CONTEXT('2D SPACE',''
  ) );
#562 = ADVANCED_FACE('',(#563),#378,.T.);
#563 = FACE_BOUND('',#564,.T.);
#564 = EDGE_LOOP('',(#565,#566,#567,#588));
#565 = ORIENTED_EDGE('',*,*,#471,.F.);
#566 = ORIENTED_EDGE('',*,*,#362,.T.);
#567 = ORIENTED_EDGE('',*,*,#568,.T.);
#568 = EDGE_CURVE('',#363,#520,#569,.T.);
#569 = SURFACE_CURVE('',#570,(#574,#581),.PCURVE_S1.);
#570 = LINE('',#571,#572);
#571 = CARTESIAN_POINT('',(1.143958027688E+03,67.,342.21350045624));
#572 = VECTOR('',#573,1.);
#573 = DIRECTION('',(-0.337226361594,0.,0.941423592782));
#574 = PCURVE('',#378,#575);
#575 = DEFINITIONAL_REPRESENTATION('',(#576),#580);
#576 = LINE('',#577,#578);
#577 = CARTESIAN_POINT('',(20.,0.));
#578 = VECTOR('',#579,1.);
#579 = DIRECTION('',(0.,1.));
#580 = ( GEOMETRIC_REPRESENTATION_CONTEXT(2) 
PARAMETRIC_REPRESENTATION_CONTEXT() REPRESENTATION_CONTEXT('2D SPACE',''
  ) );
#581 = PCURVE('',#404,#582);
#582 = DEFINITIONAL_REPRESENTATION('',(#583),#587);
#583 = LINE('',#584,#585);
#584 = CARTESIAN_POINT('',(0.,5.));
#585 = VECTOR('',#586,1.);
#586 = DIRECTION('',(1.,0.));
#587 = ( GEOMETRIC_REPRESENTATION_CONTEXT(2) 
PARAMETRIC_REPRESENTATION_CONTEXT() REPRESENTATION_CONTEXT('2D SPACE',''
  ) );
#588 = ORIENTED_EDGE('',*,*,#519,.F.);
#589 = ADVANCED_FACE('',(#590),#404,.T.);
#590 = FACE_BOUND('',#591,.T.);
#591 = EDGE_LOOP('',(#592,#593,#614,#615));
#592 = ORIENTED_EDGE('',*,*,#390,.F.);
#593 = ORIENTED_EDGE('',*,*,#594,.T.);
#594 = EDGE_CURVE('',#302,#496,#595,.T.);
#595 = SURFACE_CURVE('',#596,(#600,#607),.PCURVE_S1.);
#596 = LINE('',#597,#598);
#597 = CARTESIAN_POINT('',(1.143958027688E+03,62.,342.21350045624));
#598 = VECTOR('',#599,1.);
#599 = DIRECTION('',(-0.337226361594,0.,0.941423592782));
#600 = PCURVE('',#404,#601);
#601 = DEFINITIONAL_REPRESENTATION('',(#602),#606);
#602 = LINE('',#603,#604);
#603 = CARTESIAN_POINT('',(0.,0.));
#604 = VECTOR('',#605,1.);
#605 = DIRECTION('',(1.,0.));
#606 = ( GEOMETRIC_REPRESENTATION_CONTEXT(2) 
PARAMETRIC_REPRESENTATION_CONTEXT() REPRESENTATION_CONTEXT('2D SPACE',''
  ) );
#607 = PCURVE('',#322,#608);
#608 = DEFINITIONAL_REPRESENTATION('',(#609),#613);
#609 = LINE('',#610,#611);
#610 = CARTESIAN_POINT('',(20.,0.));
#611 = VECTOR('',#612,1.);
#612 = DIRECTION('',(0.,1.));
#613 = ( GEOMETRIC_REPRESENTATION_CONTEXT(2) 
PARAMETRIC_REPRESENTATION_CONTEXT() REPRESENTATION_CONTEXT('2D SPACE',''
  ) );
#614 = ORIENTED_EDGE('',*,*,#542,.T.);
#615 = ORIENTED_EDGE('',*,*,#568,.F.);
#616 = ADVANCED_FACE('',(#617,#623),#322,.F.);
#617 = FACE_BOUND('',#618,.F.);
#618 = EDGE_LOOP('',(#619,#620,#621,#622));
#619 = ORIENTED_EDGE('',*,*,#420,.F.);
#620 = ORIENTED_EDGE('',*,*,#299,.T.);
#621 = ORIENTED_EDGE('',*,*,#594,.T.);
#622 = ORIENTED_EDGE('',*,*,#495,.F.);
#623 = FACE_BOUND('',#624,.F.);
#624 = EDGE_LOOP('',(#625,#653,#679,#705));
#625 = ORIENTED_EDGE('',*,*,#626,.T.);
#626 = EDGE_CURVE('',#627,#629,#631,.T.);
#627 = VERTEX_POINT('',#628);
#628 = CARTESIAN_POINT('',(1.101732455453E+03,62.,468.36332803584));
#629 = VERTEX_POINT('',#630);
#630 = CARTESIAN_POINT('',(1.115309859595E+03,62.,473.2268757885));
#631 = SURFACE_CURVE('',#632,(#636,#642),.PCURVE_S1.);
#632 = LINE('',#633,#634);
#633 = CARTESIAN_POINT('',(1.113228275488E+03,62.,472.48123372014));
#634 = VECTOR('',#635,1.);
#635 = DIRECTION('',(0.941423592782,-0.,0.337226361594));
#636 = PCURVE('',#322,#637);
#637 = DEFINITIONAL_REPRESENTATION('',(#638),#641);
#638 = B_SPLINE_CURVE_WITH_KNOTS('',1,(#639,#640),.UNSPECIFIED.,.F.,.F.,
  (2,2),(-15.,5.),.PIECEWISE_BEZIER_KNOTS.);
#639 = CARTESIAN_POINT('',(20.,133.));
#640 = CARTESIAN_POINT('',(0.,133.));
#641 = ( GEOMETRIC_REPRESENTATION_CONTEXT(2) 
PARAMETRIC_REPRESENTATION_CONTEXT() REPRESENTATION_CONTEXT('2D SPACE',''
  ) );
#642 = PCURVE('',#643,#648);
#643 = PLANE('',#644);
#644 = AXIS2_PLACEMENT_3D('',#645,#646,#647);
#645 = CARTESIAN_POINT('',(1.108521157524E+03,50.,470.79510191217));
#646 = DIRECTION('',(-0.337226361594,0.,0.941423592782));
#647 = DIRECTION('',(0.941423592782,0.,0.337226361594));
#648 = DEFINITIONAL_REPRESENTATION('',(#649),#652);
#649 = B_SPLINE_CURVE_WITH_KNOTS('',1,(#650,#651),.UNSPECIFIED.,.F.,.F.,
  (2,2),(-15.,5.),.PIECEWISE_BEZIER_KNOTS.);
#650 = CARTESIAN_POINT('',(-10.,12.));
#651 = CARTESIAN_POINT('',(10.,12.));
#652 = ( GEOMETRIC_REPRESENTATION_CONTEXT(2) 
PARAMETRIC_REPRESENTATION_CONTEXT() REPRESENTATION_CONTEXT('2D SPACE',''
  ) );
#653 = ORIENTED_EDGE('',*,*,#654,.T.);
#654 = EDGE_CURVE('',#629,#655,#657,.T.);
#655 = VERTEX_POINT('',#656);
#656 = CARTESIAN_POINT('',(1.110588690533E+03,62.,486.40680608744));
#657 = SURFACE_CURVE('',#658,(#662,#668),.PCURVE_S1.);
#658 = LINE('',#659,#660);
#659 = CARTESIAN_POINT('',(1.115309859595E+03,62.,473.2268757885));
#660 = VECTOR('',#661,1.);
#661 = DIRECTION('',(-0.337226361594,0.,0.941423592782));
#662 = PCURVE('',#322,#663);
#663 = DEFINITIONAL_REPRESENTATION('',(#664),#667);
#664 = B_SPLINE_CURVE_WITH_KNOTS('',1,(#665,#666),.UNSPECIFIED.,.F.,.F.,
  (2,2),(-2.400000073548E-06,14.0000024),.PIECEWISE_BEZIER_KNOTS.);
#665 = CARTESIAN_POINT('',(2.788897449072,132.9999976));
#666 = CARTESIAN_POINT('',(2.788897449072,147.0000024));
#667 = ( GEOMETRIC_REPRESENTATION_CONTEXT(2) 
PARAMETRIC_REPRESENTATION_CONTEXT() REPRESENTATION_CONTEXT('2D SPACE',''
  ) );
#668 = PCURVE('',#669,#674);
#669 = CYLINDRICAL_SURFACE('',#670,14.);
#670 = AXIS2_PLACEMENT_3D('',#671,#672,#673);
#671 = CARTESIAN_POINT('',(1.108521157524E+03,50.,470.79510191217));
#672 = DIRECTION('',(-0.337226361594,0.,0.941423592782));
#673 = DIRECTION('',(0.941423592782,0.,0.337226361594));
#674 = DEFINITIONAL_REPRESENTATION('',(#675),#678);
#675 = B_SPLINE_CURVE_WITH_KNOTS('',1,(#676,#677),.UNSPECIFIED.,.F.,.F.,
  (2,2),(0.,14.),.PIECEWISE_BEZIER_KNOTS.);
#676 = CARTESIAN_POINT('',(7.312882108017,3.641531520771E-14));
#677 = CARTESIAN_POINT('',(7.312882108017,14.));
#678 = ( GEOMETRIC_REPRESENTATION_CONTEXT(2) 
PARAMETRIC_REPRESENTATION_CONTEXT() REPRESENTATION_CONTEXT('2D SPACE',''
  ) );
#679 = ORIENTED_EDGE('',*,*,#680,.F.);
#680 = EDGE_CURVE('',#681,#655,#683,.T.);
#681 = VERTEX_POINT('',#682);
#682 = CARTESIAN_POINT('',(1.09701128639E+03,62.,481.54325833479));
#683 = SURFACE_CURVE('',#684,(#688,#694),.PCURVE_S1.);
#684 = LINE('',#685,#686);
#685 = CARTESIAN_POINT('',(1.108507106426E+03,62.,485.66116401908));
#686 = VECTOR('',#687,1.);
#687 = DIRECTION('',(0.941423592782,-0.,0.337226361594));
#688 = PCURVE('',#322,#689);
#689 = DEFINITIONAL_REPRESENTATION('',(#690),#693);
#690 = B_SPLINE_CURVE_WITH_KNOTS('',1,(#691,#692),.UNSPECIFIED.,.F.,.F.,
  (2,2),(-15.,5.),.PIECEWISE_BEZIER_KNOTS.);
#691 = CARTESIAN_POINT('',(20.,147.));
#692 = CARTESIAN_POINT('',(0.,147.));
#693 = ( GEOMETRIC_REPRESENTATION_CONTEXT(2) 
PARAMETRIC_REPRESENTATION_CONTEXT() REPRESENTATION_CONTEXT('2D SPACE',''
  ) );
#694 = PCURVE('',#695,#700);
#695 = PLANE('',#696);
#696 = AXIS2_PLACEMENT_3D('',#697,#698,#699);
#697 = CARTESIAN_POINT('',(1.103799988462E+03,50.,483.97503221112));
#698 = DIRECTION('',(-0.337226361594,0.,0.941423592782));
#699 = DIRECTION('',(0.941423592782,0.,0.337226361594));
#700 = DEFINITIONAL_REPRESENTATION('',(#701),#704);
#701 = B_SPLINE_CURVE_WITH_KNOTS('',1,(#702,#703),.UNSPECIFIED.,.F.,.F.,
  (2,2),(-15.,5.),.PIECEWISE_BEZIER_KNOTS.);
#702 = CARTESIAN_POINT('',(-10.,12.));
#703 = CARTESIAN_POINT('',(10.,12.));
#704 = ( GEOMETRIC_REPRESENTATION_CONTEXT(2) 
PARAMETRIC_REPRESENTATION_CONTEXT() REPRESENTATION_CONTEXT('2D SPACE',''
  ) );
#705 = ORIENTED_EDGE('',*,*,#706,.F.);
#706 = EDGE_CURVE('',#627,#681,#707,.T.);
#707 = SURFACE_CURVE('',#708,(#712,#718),.PCURVE_S1.);
#708 = LINE('',#709,#710);
#709 = CARTESIAN_POINT('',(1.101732455453E+03,62.,468.36332803584));
#710 = VECTOR('',#711,1.);
#711 = DIRECTION('',(-0.337226361594,0.,0.941423592782));
#712 = PCURVE('',#322,#713);
#713 = DEFINITIONAL_REPRESENTATION('',(#714),#717);
#714 = B_SPLINE_CURVE_WITH_KNOTS('',1,(#715,#716),.UNSPECIFIED.,.F.,.F.,
  (2,2),(-2.399999943358E-06,14.0000024),.PIECEWISE_BEZIER_KNOTS.);
#715 = CARTESIAN_POINT('',(17.211102550928,132.9999976));
#716 = CARTESIAN_POINT('',(17.211102550928,147.0000024));
#717 = ( GEOMETRIC_REPRESENTATION_CONTEXT(2) 
PARAMETRIC_REPRESENTATION_CONTEXT() REPRESENTATION_CONTEXT('2D SPACE',''
  ) );
#718 = PCURVE('',#669,#719);
#719 = DEFINITIONAL_REPRESENTATION('',(#720),#723);
#720 = B_SPLINE_CURVE_WITH_KNOTS('',1,(#721,#722),.UNSPECIFIED.,.F.,.F.,
  (2,2),(0.,14.),.PIECEWISE_BEZIER_KNOTS.);
#721 = CARTESIAN_POINT('',(2.111895852752,-3.641531520771E-14));
#722 = CARTESIAN_POINT('',(2.111895852752,14.));
#723 = ( GEOMETRIC_REPRESENTATION_CONTEXT(2) 
PARAMETRIC_REPRESENTATION_CONTEXT() REPRESENTATION_CONTEXT('2D SPACE',''
  ) );
#724 = ADVANCED_FACE('',(#725,#754),#695,.T.);
#725 = FACE_BOUND('',#726,.T.);
#726 = EDGE_LOOP('',(#727,#728));
#727 = ORIENTED_EDGE('',*,*,#680,.F.);
#728 = ORIENTED_EDGE('',*,*,#729,.F.);
#729 = EDGE_CURVE('',#655,#681,#730,.T.);
#730 = SURFACE_CURVE('',#731,(#736,#747),.PCURVE_S1.);
#731 = CIRCLE('',#732,14.);
#732 = AXIS2_PLACEMENT_3D('',#733,#734,#735);
#733 = CARTESIAN_POINT('',(1.103799988462E+03,50.,483.97503221112));
#734 = DIRECTION('',(0.337226361594,1.026956297778E-15,-0.941423592782)
  );
#735 = DIRECTION('',(0.484907290815,0.857142857143,0.173698134023));
#736 = PCURVE('',#695,#737);
#737 = DEFINITIONAL_REPRESENTATION('',(#738),#746);
#738 = ( BOUNDED_CURVE() B_SPLINE_CURVE(2,(#739,#740,#741,#742,#743,#744
,#745),.UNSPECIFIED.,.T.,.F.) B_SPLINE_CURVE_WITH_KNOTS((1,2,2,2,2,1),(
    -2.094395102393,0.,2.094395102393,4.188790204786,6.28318530718,
8.377580409573),.UNSPECIFIED.) CURVE() GEOMETRIC_REPRESENTATION_ITEM() 
RATIONAL_B_SPLINE_CURVE((1.,0.5,1.,0.5,1.,0.5,1.)) REPRESENTATION_ITEM(
  '') );
#739 = CARTESIAN_POINT('',(7.211102550928,12.));
#740 = CARTESIAN_POINT('',(27.995712241755,-0.489995996797));
#741 = CARTESIAN_POINT('',(6.78675356995,-12.24499799839));
#742 = CARTESIAN_POINT('',(-14.42220510185,-24.));
#743 = CARTESIAN_POINT('',(-13.99785612087,0.244997998398));
#744 = CARTESIAN_POINT('',(-13.57350713989,24.489995996797));
#745 = CARTESIAN_POINT('',(7.211102550928,12.));
#746 = ( GEOMETRIC_REPRESENTATION_CONTEXT(2) 
PARAMETRIC_REPRESENTATION_CONTEXT() REPRESENTATION_CONTEXT('2D SPACE',''
  ) );
#747 = PCURVE('',#669,#748);
#748 = DEFINITIONAL_REPRESENTATION('',(#749),#753);
#749 = LINE('',#750,#751);
#750 = CARTESIAN_POINT('',(7.312882108017,14.));
#751 = VECTOR('',#752,1.);
#752 = DIRECTION('',(-1.,-0.));
#753 = ( GEOMETRIC_REPRESENTATION_CONTEXT(2) 
PARAMETRIC_REPRESENTATION_CONTEXT() REPRESENTATION_CONTEXT('2D SPACE',''
  ) );
#754 = FACE_BOUND('',#755,.T.);
#755 = EDGE_LOOP('',(#756));
#756 = ORIENTED_EDGE('',*,*,#757,.F.);
#757 = EDGE_CURVE('',#758,#758,#760,.T.);
#758 = VERTEX_POINT('',#759);
#759 = CARTESIAN_POINT('',(1.114155647982E+03,50.,487.68452218865));
#760 = SURFACE_CURVE('',#761,(#766,#773),.PCURVE_S1.);
#761 = CIRCLE('',#762,11.);
#762 = AXIS2_PLACEMENT_3D('',#763,#764,#765);
#763 = CARTESIAN_POINT('',(1.103799988462E+03,50.,483.97503221112));
#764 = DIRECTION('',(-0.337226361594,-0.,0.941423592782));
#765 = DIRECTION('',(0.941423592782,0.,0.337226361594));
#766 = PCURVE('',#695,#767);
#767 = DEFINITIONAL_REPRESENTATION('',(#768),#772);
#768 = CIRCLE('',#769,11.);
#769 = AXIS2_PLACEMENT_2D('',#770,#771);
#770 = CARTESIAN_POINT('',(0.,0.));
#771 = DIRECTION('',(1.,0.));
#772 = ( GEOMETRIC_REPRESENTATION_CONTEXT(2) 
PARAMETRIC_REPRESENTATION_CONTEXT() REPRESENTATION_CONTEXT('2D SPACE',''
  ) );
#773 = PCURVE('',#774,#779);
#774 = CYLINDRICAL_SURFACE('',#775,11.);
#775 = AXIS2_PLACEMENT_3D('',#776,#777,#778);
#776 = CARTESIAN_POINT('',(1.108858383886E+03,50.,469.85367831939));
#777 = DIRECTION('',(-0.337226361594,0.,0.941423592782));
#778 = DIRECTION('',(0.941423592782,0.,0.337226361594));
#779 = DEFINITIONAL_REPRESENTATION('',(#780),#784);
#780 = LINE('',#781,#782);
#781 = CARTESIAN_POINT('',(0.,15.));
#782 = VECTOR('',#783,1.);
#783 = DIRECTION('',(1.,0.));
#784 = ( GEOMETRIC_REPRESENTATION_CONTEXT(2) 
PARAMETRIC_REPRESENTATION_CONTEXT() REPRESENTATION_CONTEXT('2D SPACE',''
  ) );
#785 = ADVANCED_FACE('',(#786),#774,.F.);
#786 = FACE_BOUND('',#787,.F.);
#787 = EDGE_LOOP('',(#788,#789,#812,#834));
#788 = ORIENTED_EDGE('',*,*,#757,.F.);
#789 = ORIENTED_EDGE('',*,*,#790,.F.);
#790 = EDGE_CURVE('',#791,#758,#793,.T.);
#791 = VERTEX_POINT('',#792);
#792 = CARTESIAN_POINT('',(1.118876817045E+03,50.,474.5045918897));
#793 = SEAM_CURVE('',#794,(#798,#805),.PCURVE_S1.);
#794 = LINE('',#795,#796);
#795 = CARTESIAN_POINT('',(1.119214043406E+03,50.,473.56316829692));
#796 = VECTOR('',#797,1.);
#797 = DIRECTION('',(-0.337226361594,0.,0.941423592782));
#798 = PCURVE('',#774,#799);
#799 = DEFINITIONAL_REPRESENTATION('',(#800),#804);
#800 = LINE('',#801,#802);
#801 = CARTESIAN_POINT('',(6.28318530718,-0.));
#802 = VECTOR('',#803,1.);
#803 = DIRECTION('',(0.,1.));
#804 = ( GEOMETRIC_REPRESENTATION_CONTEXT(2) 
PARAMETRIC_REPRESENTATION_CONTEXT() REPRESENTATION_CONTEXT('2D SPACE',''
  ) );
#805 = PCURVE('',#774,#806);
#806 = DEFINITIONAL_REPRESENTATION('',(#807),#811);
#807 = LINE('',#808,#809);
#808 = CARTESIAN_POINT('',(0.,-0.));
#809 = VECTOR('',#810,1.);
#810 = DIRECTION('',(0.,1.));
#811 = ( GEOMETRIC_REPRESENTATION_CONTEXT(2) 
PARAMETRIC_REPRESENTATION_CONTEXT() REPRESENTATION_CONTEXT('2D SPACE',''
  ) );
#812 = ORIENTED_EDGE('',*,*,#813,.T.);
#813 = EDGE_CURVE('',#791,#791,#814,.T.);
#814 = SURFACE_CURVE('',#815,(#820,#827),.PCURVE_S1.);
#815 = CIRCLE('',#816,11.);
#816 = AXIS2_PLACEMENT_3D('',#817,#818,#819);
#817 = CARTESIAN_POINT('',(1.108521157524E+03,50.,470.79510191217));
#818 = DIRECTION('',(-0.337226361594,-0.,0.941423592782));
#819 = DIRECTION('',(0.941423592782,0.,0.337226361594));
#820 = PCURVE('',#774,#821);
#821 = DEFINITIONAL_REPRESENTATION('',(#822),#826);
#822 = LINE('',#823,#824);
#823 = CARTESIAN_POINT('',(0.,1.));
#824 = VECTOR('',#825,1.);
#825 = DIRECTION('',(1.,0.));
#826 = ( GEOMETRIC_REPRESENTATION_CONTEXT(2) 
PARAMETRIC_REPRESENTATION_CONTEXT() REPRESENTATION_CONTEXT('2D SPACE',''
  ) );
#827 = PCURVE('',#643,#828);
#828 = DEFINITIONAL_REPRESENTATION('',(#829),#833);
#829 = CIRCLE('',#830,11.);
#830 = AXIS2_PLACEMENT_2D('',#831,#832);
#831 = CARTESIAN_POINT('',(0.,0.));
#832 = DIRECTION('',(1.,0.));
#833 = ( GEOMETRIC_REPRESENTATION_CONTEXT(2) 
PARAMETRIC_REPRESENTATION_CONTEXT() REPRESENTATION_CONTEXT('2D SPACE',''
  ) );
#834 = ORIENTED_EDGE('',*,*,#790,.T.);
#835 = ADVANCED_FACE('',(#836),#669,.T.);
#836 = FACE_BOUND('',#837,.T.);
#837 = EDGE_LOOP('',(#838,#864,#865,#866));
#838 = ORIENTED_EDGE('',*,*,#839,.F.);
#839 = EDGE_CURVE('',#629,#627,#840,.T.);
#840 = SURFACE_CURVE('',#841,(#846,#853),.PCURVE_S1.);
#841 = CIRCLE('',#842,14.);
#842 = AXIS2_PLACEMENT_3D('',#843,#844,#845);
#843 = CARTESIAN_POINT('',(1.108521157524E+03,50.,470.79510191217));
#844 = DIRECTION('',(0.337226361594,4.274358644807E-15,-0.941423592782)
  );
#845 = DIRECTION('',(0.484907290815,0.857142857143,0.173698134023));
#846 = PCURVE('',#669,#847);
#847 = DEFINITIONAL_REPRESENTATION('',(#848),#852);
#848 = LINE('',#849,#850);
#849 = CARTESIAN_POINT('',(7.312882108017,0.));
#850 = VECTOR('',#851,1.);
#851 = DIRECTION('',(-1.,-0.));
#852 = ( GEOMETRIC_REPRESENTATION_CONTEXT(2) 
PARAMETRIC_REPRESENTATION_CONTEXT() REPRESENTATION_CONTEXT('2D SPACE',''
  ) );
#853 = PCURVE('',#643,#854);
#854 = DEFINITIONAL_REPRESENTATION('',(#855),#863);
#855 = ( BOUNDED_CURVE() B_SPLINE_CURVE(2,(#856,#857,#858,#859,#860,#861
,#862),.UNSPECIFIED.,.T.,.F.) B_SPLINE_CURVE_WITH_KNOTS((1,2,2,2,2,1),(
    -2.094395102393,0.,2.094395102393,4.188790204786,6.28318530718,
8.377580409573),.UNSPECIFIED.) CURVE() GEOMETRIC_REPRESENTATION_ITEM() 
RATIONAL_B_SPLINE_CURVE((1.,0.5,1.,0.5,1.,0.5,1.)) REPRESENTATION_ITEM(
  '') );
#856 = CARTESIAN_POINT('',(7.211102550928,12.));
#857 = CARTESIAN_POINT('',(27.995712241755,-0.489995996797));
#858 = CARTESIAN_POINT('',(6.78675356995,-12.24499799839));
#859 = CARTESIAN_POINT('',(-14.42220510185,-24.));
#860 = CARTESIAN_POINT('',(-13.99785612087,0.244997998398));
#861 = CARTESIAN_POINT('',(-13.57350713989,24.489995996797));
#862 = CARTESIAN_POINT('',(7.211102550928,12.));
#863 = ( GEOMETRIC_REPRESENTATION_CONTEXT(2) 
PARAMETRIC_REPRESENTATION_CONTEXT() REPRESENTATION_CONTEXT('2D SPACE',''
  ) );
#864 = ORIENTED_EDGE('',*,*,#654,.T.);
#865 = ORIENTED_EDGE('',*,*,#729,.T.);
#866 = ORIENTED_EDGE('',*,*,#706,.F.);
#867 = ADVANCED_FACE('',(#868,#872),#643,.F.);
#868 = FACE_BOUND('',#869,.F.);
#869 = EDGE_LOOP('',(#870,#871));
#870 = ORIENTED_EDGE('',*,*,#626,.F.);
#871 = ORIENTED_EDGE('',*,*,#839,.F.);
#872 = FACE_BOUND('',#873,.F.);
#873 = EDGE_LOOP('',(#874));
#874 = ORIENTED_EDGE('',*,*,#813,.F.);
#875 = MANIFOLD_SOLID_BREP('',#876);
#876 = CLOSED_SHELL('',(#877,#997,#1073,#1144,#1272,#1333,#1383,#1415,
    #1423,#1450));
#877 = ADVANCED_FACE('',(#878),#892,.F.);
#878 = FACE_BOUND('',#879,.F.);
#879 = EDGE_LOOP('',(#880,#915,#943,#971));
#880 = ORIENTED_EDGE('',*,*,#881,.F.);
#881 = EDGE_CURVE('',#882,#884,#886,.T.);
#882 = VERTEX_POINT('',#883);
#883 = CARTESIAN_POINT('',(1.162786499544E+03,-67.,348.95802768811));
#884 = VERTEX_POINT('',#885);
#885 = CARTESIAN_POINT('',(1.143958027688E+03,-67.,342.21350045624));
#886 = SURFACE_CURVE('',#887,(#891,#903),.PCURVE_S1.);
#887 = LINE('',#888,#889);
#888 = CARTESIAN_POINT('',(1.162786499544E+03,-67.,348.95802768811));
#889 = VECTOR('',#890,1.);
#890 = DIRECTION('',(-0.941423592782,0.,-0.337226361594));
#891 = PCURVE('',#892,#897);
#892 = PLANE('',#893);
#893 = AXIS2_PLACEMENT_3D('',#894,#895,#896);
#894 = CARTESIAN_POINT('',(1.162786499544E+03,-67.,348.95802768811));
#895 = DIRECTION('',(-0.337226361594,0.,0.941423592782));
#896 = DIRECTION('',(-0.941423592782,0.,-0.337226361594));
#897 = DEFINITIONAL_REPRESENTATION('',(#898),#902);
#898 = LINE('',#899,#900);
#899 = CARTESIAN_POINT('',(0.,0.));
#900 = VECTOR('',#901,1.);
#901 = DIRECTION('',(1.,0.));
#902 = ( GEOMETRIC_REPRESENTATION_CONTEXT(2) 
PARAMETRIC_REPRESENTATION_CONTEXT() REPRESENTATION_CONTEXT('2D SPACE',''
  ) );
#903 = PCURVE('',#904,#909);
#904 = PLANE('',#905);
#905 = AXIS2_PLACEMENT_3D('',#906,#907,#908);
#906 = CARTESIAN_POINT('',(1.162786499544E+03,-67.,348.95802768811));
#907 = DIRECTION('',(0.,1.,0.));
#908 = DIRECTION('',(-0.941423592782,0.,-0.337226361594));
#909 = DEFINITIONAL_REPRESENTATION('',(#910),#914);
#910 = LINE('',#911,#912);
#911 = CARTESIAN_POINT('',(0.,0.));
#912 = VECTOR('',#913,1.);
#913 = DIRECTION('',(1.,0.));
#914 = ( GEOMETRIC_REPRESENTATION_CONTEXT(2) 
PARAMETRIC_REPRESENTATION_CONTEXT() REPRESENTATION_CONTEXT('2D SPACE',''
  ) );
#915 = ORIENTED_EDGE('',*,*,#916,.T.);
#916 = EDGE_CURVE('',#882,#917,#919,.T.);
#917 = VERTEX_POINT('',#918);
#918 = CARTESIAN_POINT('',(1.162786499544E+03,-62.,348.95802768811));
#919 = SURFACE_CURVE('',#920,(#924,#931),.PCURVE_S1.);
#920 = LINE('',#921,#922);
#921 = CARTESIAN_POINT('',(1.162786499544E+03,-67.,348.95802768811));
#922 = VECTOR('',#923,1.);
#923 = DIRECTION('',(0.,1.,0.));
#924 = PCURVE('',#892,#925);
#925 = DEFINITIONAL_REPRESENTATION('',(#926),#930);
#926 = LINE('',#927,#928);
#927 = CARTESIAN_POINT('',(0.,0.));
#928 = VECTOR('',#929,1.);
#929 = DIRECTION('',(0.,-1.));
#930 = ( GEOMETRIC_REPRESENTATION_CONTEXT(2) 
PARAMETRIC_REPRESENTATION_CONTEXT() REPRESENTATION_CONTEXT('2D SPACE',''
  ) );
#931 = PCURVE('',#932,#937);
#932 = PLANE('',#933);
#933 = AXIS2_PLACEMENT_3D('',#934,#935,#936);
#934 = CARTESIAN_POINT('',(1.162786499544E+03,-67.,348.95802768811));
#935 = DIRECTION('',(-0.941423592782,0.,-0.337226361594));
#936 = DIRECTION('',(-0.337226361594,0.,0.941423592782));
#937 = DEFINITIONAL_REPRESENTATION('',(#938),#942);
#938 = LINE('',#939,#940);
#939 = CARTESIAN_POINT('',(0.,0.));
#940 = VECTOR('',#941,1.);
#941 = DIRECTION('',(0.,1.));
#942 = ( GEOMETRIC_REPRESENTATION_CONTEXT(2) 
PARAMETRIC_REPRESENTATION_CONTEXT() REPRESENTATION_CONTEXT('2D SPACE',''
  ) );
#943 = ORIENTED_EDGE('',*,*,#944,.T.);
#944 = EDGE_CURVE('',#917,#945,#947,.T.);
#945 = VERTEX_POINT('',#946);
#946 = CARTESIAN_POINT('',(1.143958027688E+03,-62.,342.21350045624));
#947 = SURFACE_CURVE('',#948,(#952,#959),.PCURVE_S1.);
#948 = LINE('',#949,#950);
#949 = CARTESIAN_POINT('',(1.162786499544E+03,-62.,348.95802768811));
#950 = VECTOR('',#951,1.);
#951 = DIRECTION('',(-0.941423592782,0.,-0.337226361594));
#952 = PCURVE('',#892,#953);
#953 = DEFINITIONAL_REPRESENTATION('',(#954),#958);
#954 = LINE('',#955,#956);
#955 = CARTESIAN_POINT('',(0.,-5.));
#956 = VECTOR('',#957,1.);
#957 = DIRECTION('',(1.,0.));
#958 = ( GEOMETRIC_REPRESENTATION_CONTEXT(2) 
PARAMETRIC_REPRESENTATION_CONTEXT() REPRESENTATION_CONTEXT('2D SPACE',''
  ) );
#959 = PCURVE('',#960,#965);
#960 = PLANE('',#961);
#961 = AXIS2_PLACEMENT_3D('',#962,#963,#964);
#962 = CARTESIAN_POINT('',(1.162786499544E+03,-62.,348.95802768811));
#963 = DIRECTION('',(0.,1.,0.));
#964 = DIRECTION('',(-0.941423592782,0.,-0.337226361594));
#965 = DEFINITIONAL_REPRESENTATION('',(#966),#970);
#966 = LINE('',#967,#968);
#967 = CARTESIAN_POINT('',(0.,0.));
#968 = VECTOR('',#969,1.);
#969 = DIRECTION('',(1.,0.));
#970 = ( GEOMETRIC_REPRESENTATION_CONTEXT(2) 
PARAMETRIC_REPRESENTATION_CONTEXT() REPRESENTATION_CONTEXT('2D SPACE',''
  ) );
#971 = ORIENTED_EDGE('',*,*,#972,.F.);
#972 = EDGE_CURVE('',#884,#945,#973,.T.);
#973 = SURFACE_CURVE('',#974,(#978,#985),.PCURVE_S1.);
#974 = LINE('',#975,#976);
#975 = CARTESIAN_POINT('',(1.143958027688E+03,-67.,342.21350045624));
#976 = VECTOR('',#977,1.);
#977 = DIRECTION('',(0.,1.,0.));
#978 = PCURVE('',#892,#979);
#979 = DEFINITIONAL_REPRESENTATION('',(#980),#984);
#980 = LINE('',#981,#982);
#981 = CARTESIAN_POINT('',(20.,0.));
#982 = VECTOR('',#983,1.);
#983 = DIRECTION('',(0.,-1.));
#984 = ( GEOMETRIC_REPRESENTATION_CONTEXT(2) 
PARAMETRIC_REPRESENTATION_CONTEXT() REPRESENTATION_CONTEXT('2D SPACE',''
  ) );
#985 = PCURVE('',#986,#991);
#986 = PLANE('',#987);
#987 = AXIS2_PLACEMENT_3D('',#988,#989,#990);
#988 = CARTESIAN_POINT('',(1.143958027688E+03,-67.,342.21350045624));
#989 = DIRECTION('',(-0.941423592782,0.,-0.337226361594));
#990 = DIRECTION('',(-0.337226361594,0.,0.941423592782));
#991 = DEFINITIONAL_REPRESENTATION('',(#992),#996);
#992 = LINE('',#993,#994);
#993 = CARTESIAN_POINT('',(0.,0.));
#994 = VECTOR('',#995,1.);
#995 = DIRECTION('',(0.,1.));
#996 = ( GEOMETRIC_REPRESENTATION_CONTEXT(2) 
PARAMETRIC_REPRESENTATION_CONTEXT() REPRESENTATION_CONTEXT('2D SPACE',''
  ) );
#997 = ADVANCED_FACE('',(#998),#932,.F.);
#998 = FACE_BOUND('',#999,.F.);
#999 = EDGE_LOOP('',(#1000,#1001,#1024,#1052));
#1000 = ORIENTED_EDGE('',*,*,#916,.F.);
#1001 = ORIENTED_EDGE('',*,*,#1002,.T.);
#1002 = EDGE_CURVE('',#882,#1003,#1005,.T.);
#1003 = VERTEX_POINT('',#1004);
#1004 = CARTESIAN_POINT('',(1.112202545305E+03,-67.,490.1715666054));
#1005 = SURFACE_CURVE('',#1006,(#1010,#1017),.PCURVE_S1.);
#1006 = LINE('',#1007,#1008);
#1007 = CARTESIAN_POINT('',(1.162786499544E+03,-67.,348.95802768811));
#1008 = VECTOR('',#1009,1.);
#1009 = DIRECTION('',(-0.337226361594,0.,0.941423592782));
#1010 = PCURVE('',#932,#1011);
#1011 = DEFINITIONAL_REPRESENTATION('',(#1012),#1016);
#1012 = LINE('',#1013,#1014);
#1013 = CARTESIAN_POINT('',(0.,0.));
#1014 = VECTOR('',#1015,1.);
#1015 = DIRECTION('',(1.,0.));
#1016 = ( GEOMETRIC_REPRESENTATION_CONTEXT(2) 
PARAMETRIC_REPRESENTATION_CONTEXT() REPRESENTATION_CONTEXT('2D SPACE',''
  ) );
#1017 = PCURVE('',#904,#1018);
#1018 = DEFINITIONAL_REPRESENTATION('',(#1019),#1023);
#1019 = LINE('',#1020,#1021);
#1020 = CARTESIAN_POINT('',(0.,0.));
#1021 = VECTOR('',#1022,1.);
#1022 = DIRECTION('',(0.,1.));
#1023 = ( GEOMETRIC_REPRESENTATION_CONTEXT(2) 
PARAMETRIC_REPRESENTATION_CONTEXT() REPRESENTATION_CONTEXT('2D SPACE',''
  ) );
#1024 = ORIENTED_EDGE('',*,*,#1025,.T.);
#1025 = EDGE_CURVE('',#1003,#1026,#1028,.T.);
#1026 = VERTEX_POINT('',#1027);
#1027 = CARTESIAN_POINT('',(1.112202545305E+03,-62.,490.1715666054));
#1028 = SURFACE_CURVE('',#1029,(#1033,#1040),.PCURVE_S1.);
#1029 = LINE('',#1030,#1031);
#1030 = CARTESIAN_POINT('',(1.112202545305E+03,-67.,490.1715666054));
#1031 = VECTOR('',#1032,1.);
#1032 = DIRECTION('',(0.,1.,0.));
#1033 = PCURVE('',#932,#1034);
#1034 = DEFINITIONAL_REPRESENTATION('',(#1035),#1039);
#1035 = LINE('',#1036,#1037);
#1036 = CARTESIAN_POINT('',(150.,0.));
#1037 = VECTOR('',#1038,1.);
#1038 = DIRECTION('',(0.,1.));
#1039 = ( GEOMETRIC_REPRESENTATION_CONTEXT(2) 
PARAMETRIC_REPRESENTATION_CONTEXT() REPRESENTATION_CONTEXT('2D SPACE',''
  ) );
#1040 = PCURVE('',#1041,#1046);
#1041 = PLANE('',#1042);
#1042 = AXIS2_PLACEMENT_3D('',#1043,#1044,#1045);
#1043 = CARTESIAN_POINT('',(1.112202545305E+03,-67.,490.1715666054));
#1044 = DIRECTION('',(-0.337226361594,0.,0.941423592782));
#1045 = DIRECTION('',(-0.941423592782,0.,-0.337226361594));
#1046 = DEFINITIONAL_REPRESENTATION('',(#1047),#1051);
#1047 = LINE('',#1048,#1049);
#1048 = CARTESIAN_POINT('',(0.,0.));
#1049 = VECTOR('',#1050,1.);
#1050 = DIRECTION('',(0.,-1.));
#1051 = ( GEOMETRIC_REPRESENTATION_CONTEXT(2) 
PARAMETRIC_REPRESENTATION_CONTEXT() REPRESENTATION_CONTEXT('2D SPACE',''
  ) );
#1052 = ORIENTED_EDGE('',*,*,#1053,.F.);
#1053 = EDGE_CURVE('',#917,#1026,#1054,.T.);
#1054 = SURFACE_CURVE('',#1055,(#1059,#1066),.PCURVE_S1.);
#1055 = LINE('',#1056,#1057);
#1056 = CARTESIAN_POINT('',(1.162786499544E+03,-62.,348.95802768811));
#1057 = VECTOR('',#1058,1.);
#1058 = DIRECTION('',(-0.337226361594,0.,0.941423592782));
#1059 = PCURVE('',#932,#1060);
#1060 = DEFINITIONAL_REPRESENTATION('',(#1061),#1065);
#1061 = LINE('',#1062,#1063);
#1062 = CARTESIAN_POINT('',(0.,5.));
#1063 = VECTOR('',#1064,1.);
#1064 = DIRECTION('',(1.,0.));
#1065 = ( GEOMETRIC_REPRESENTATION_CONTEXT(2) 
PARAMETRIC_REPRESENTATION_CONTEXT() REPRESENTATION_CONTEXT('2D SPACE',''
  ) );
#1066 = PCURVE('',#960,#1067);
#1067 = DEFINITIONAL_REPRESENTATION('',(#1068),#1072);
#1068 = LINE('',#1069,#1070);
#1069 = CARTESIAN_POINT('',(0.,0.));
#1070 = VECTOR('',#1071,1.);
#1071 = DIRECTION('',(0.,1.));
#1072 = ( GEOMETRIC_REPRESENTATION_CONTEXT(2) 
PARAMETRIC_REPRESENTATION_CONTEXT() REPRESENTATION_CONTEXT('2D SPACE',''
  ) );
#1073 = ADVANCED_FACE('',(#1074),#1041,.T.);
#1074 = FACE_BOUND('',#1075,.T.);
#1075 = EDGE_LOOP('',(#1076,#1099,#1100,#1123));
#1076 = ORIENTED_EDGE('',*,*,#1077,.F.);
#1077 = EDGE_CURVE('',#1003,#1078,#1080,.T.);
#1078 = VERTEX_POINT('',#1079);
#1079 = CARTESIAN_POINT('',(1.093374073449E+03,-67.,483.42703937353));
#1080 = SURFACE_CURVE('',#1081,(#1085,#1092),.PCURVE_S1.);
#1081 = LINE('',#1082,#1083);
#1082 = CARTESIAN_POINT('',(1.112202545305E+03,-67.,490.1715666054));
#1083 = VECTOR('',#1084,1.);
#1084 = DIRECTION('',(-0.941423592782,0.,-0.337226361594));
#1085 = PCURVE('',#1041,#1086);
#1086 = DEFINITIONAL_REPRESENTATION('',(#1087),#1091);
#1087 = LINE('',#1088,#1089);
#1088 = CARTESIAN_POINT('',(0.,0.));
#1089 = VECTOR('',#1090,1.);
#1090 = DIRECTION('',(1.,0.));
#1091 = ( GEOMETRIC_REPRESENTATION_CONTEXT(2) 
PARAMETRIC_REPRESENTATION_CONTEXT() REPRESENTATION_CONTEXT('2D SPACE',''
  ) );
#1092 = PCURVE('',#904,#1093);
#1093 = DEFINITIONAL_REPRESENTATION('',(#1094),#1098);
#1094 = LINE('',#1095,#1096);
#1095 = CARTESIAN_POINT('',(0.,150.));
#1096 = VECTOR('',#1097,1.);
#1097 = DIRECTION('',(1.,0.));
#1098 = ( GEOMETRIC_REPRESENTATION_CONTEXT(2) 
PARAMETRIC_REPRESENTATION_CONTEXT() REPRESENTATION_CONTEXT('2D SPACE',''
  ) );
#1099 = ORIENTED_EDGE('',*,*,#1025,.T.);
#1100 = ORIENTED_EDGE('',*,*,#1101,.T.);
#1101 = EDGE_CURVE('',#1026,#1102,#1104,.T.);
#1102 = VERTEX_POINT('',#1103);
#1103 = CARTESIAN_POINT('',(1.093374073449E+03,-62.,483.42703937353));
#1104 = SURFACE_CURVE('',#1105,(#1109,#1116),.PCURVE_S1.);
#1105 = LINE('',#1106,#1107);
#1106 = CARTESIAN_POINT('',(1.112202545305E+03,-62.,490.1715666054));
#1107 = VECTOR('',#1108,1.);
#1108 = DIRECTION('',(-0.941423592782,0.,-0.337226361594));
#1109 = PCURVE('',#1041,#1110);
#1110 = DEFINITIONAL_REPRESENTATION('',(#1111),#1115);
#1111 = LINE('',#1112,#1113);
#1112 = CARTESIAN_POINT('',(0.,-5.));
#1113 = VECTOR('',#1114,1.);
#1114 = DIRECTION('',(1.,0.));
#1115 = ( GEOMETRIC_REPRESENTATION_CONTEXT(2) 
PARAMETRIC_REPRESENTATION_CONTEXT() REPRESENTATION_CONTEXT('2D SPACE',''
  ) );
#1116 = PCURVE('',#960,#1117);
#1117 = DEFINITIONAL_REPRESENTATION('',(#1118),#1122);
#1118 = LINE('',#1119,#1120);
#1119 = CARTESIAN_POINT('',(0.,150.));
#1120 = VECTOR('',#1121,1.);
#1121 = DIRECTION('',(1.,0.));
#1122 = ( GEOMETRIC_REPRESENTATION_CONTEXT(2) 
PARAMETRIC_REPRESENTATION_CONTEXT() REPRESENTATION_CONTEXT('2D SPACE',''
  ) );
#1123 = ORIENTED_EDGE('',*,*,#1124,.F.);
#1124 = EDGE_CURVE('',#1078,#1102,#1125,.T.);
#1125 = SURFACE_CURVE('',#1126,(#1130,#1137),.PCURVE_S1.);
#1126 = LINE('',#1127,#1128);
#1127 = CARTESIAN_POINT('',(1.093374073449E+03,-67.,483.42703937353));
#1128 = VECTOR('',#1129,1.);
#1129 = DIRECTION('',(0.,1.,0.));
#1130 = PCURVE('',#1041,#1131);
#1131 = DEFINITIONAL_REPRESENTATION('',(#1132),#1136);
#1132 = LINE('',#1133,#1134);
#1133 = CARTESIAN_POINT('',(20.,0.));
#1134 = VECTOR('',#1135,1.);
#1135 = DIRECTION('',(0.,-1.));
#1136 = ( GEOMETRIC_REPRESENTATION_CONTEXT(2) 
PARAMETRIC_REPRESENTATION_CONTEXT() REPRESENTATION_CONTEXT('2D SPACE',''
  ) );
#1137 = PCURVE('',#986,#1138);
#1138 = DEFINITIONAL_REPRESENTATION('',(#1139),#1143);
#1139 = LINE('',#1140,#1141);
#1140 = CARTESIAN_POINT('',(150.,0.));
#1141 = VECTOR('',#1142,1.);
#1142 = DIRECTION('',(0.,1.));
#1143 = ( GEOMETRIC_REPRESENTATION_CONTEXT(2) 
PARAMETRIC_REPRESENTATION_CONTEXT() REPRESENTATION_CONTEXT('2D SPACE',''
  ) );
#1144 = ADVANCED_FACE('',(#1145,#1171),#960,.T.);
#1145 = FACE_BOUND('',#1146,.T.);
#1146 = EDGE_LOOP('',(#1147,#1148,#1149,#1170));
#1147 = ORIENTED_EDGE('',*,*,#1053,.F.);
#1148 = ORIENTED_EDGE('',*,*,#944,.T.);
#1149 = ORIENTED_EDGE('',*,*,#1150,.T.);
#1150 = EDGE_CURVE('',#945,#1102,#1151,.T.);
#1151 = SURFACE_CURVE('',#1152,(#1156,#1163),.PCURVE_S1.);
#1152 = LINE('',#1153,#1154);
#1153 = CARTESIAN_POINT('',(1.143958027688E+03,-62.,342.21350045624));
#1154 = VECTOR('',#1155,1.);
#1155 = DIRECTION('',(-0.337226361594,0.,0.941423592782));
#1156 = PCURVE('',#960,#1157);
#1157 = DEFINITIONAL_REPRESENTATION('',(#1158),#1162);
#1158 = LINE('',#1159,#1160);
#1159 = CARTESIAN_POINT('',(20.,0.));
#1160 = VECTOR('',#1161,1.);
#1161 = DIRECTION('',(0.,1.));
#1162 = ( GEOMETRIC_REPRESENTATION_CONTEXT(2) 
PARAMETRIC_REPRESENTATION_CONTEXT() REPRESENTATION_CONTEXT('2D SPACE',''
  ) );
#1163 = PCURVE('',#986,#1164);
#1164 = DEFINITIONAL_REPRESENTATION('',(#1165),#1169);
#1165 = LINE('',#1166,#1167);
#1166 = CARTESIAN_POINT('',(0.,5.));
#1167 = VECTOR('',#1168,1.);
#1168 = DIRECTION('',(1.,0.));
#1169 = ( GEOMETRIC_REPRESENTATION_CONTEXT(2) 
PARAMETRIC_REPRESENTATION_CONTEXT() REPRESENTATION_CONTEXT('2D SPACE',''
  ) );
#1170 = ORIENTED_EDGE('',*,*,#1101,.F.);
#1171 = FACE_BOUND('',#1172,.T.);
#1172 = EDGE_LOOP('',(#1173,#1201,#1227,#1253));
#1173 = ORIENTED_EDGE('',*,*,#1174,.T.);
#1174 = EDGE_CURVE('',#1175,#1177,#1179,.T.);
#1175 = VERTEX_POINT('',#1176);
#1176 = CARTESIAN_POINT('',(1.101732455453E+03,-62.,468.36332803584));
#1177 = VERTEX_POINT('',#1178);
#1178 = CARTESIAN_POINT('',(1.115309859595E+03,-62.,473.2268757885));
#1179 = SURFACE_CURVE('',#1180,(#1184,#1190),.PCURVE_S1.);
#1180 = LINE('',#1181,#1182);
#1181 = CARTESIAN_POINT('',(1.113228275488E+03,-62.,472.48123372014));
#1182 = VECTOR('',#1183,1.);
#1183 = DIRECTION('',(0.941423592782,-0.,0.337226361594));
#1184 = PCURVE('',#960,#1185);
#1185 = DEFINITIONAL_REPRESENTATION('',(#1186),#1189);
#1186 = B_SPLINE_CURVE_WITH_KNOTS('',1,(#1187,#1188),.UNSPECIFIED.,.F.,
  .F.,(2,2),(-15.,5.),.PIECEWISE_BEZIER_KNOTS.);
#1187 = CARTESIAN_POINT('',(20.,133.));
#1188 = CARTESIAN_POINT('',(0.,133.));
#1189 = ( GEOMETRIC_REPRESENTATION_CONTEXT(2) 
PARAMETRIC_REPRESENTATION_CONTEXT() REPRESENTATION_CONTEXT('2D SPACE',''
  ) );
#1190 = PCURVE('',#1191,#1196);
#1191 = PLANE('',#1192);
#1192 = AXIS2_PLACEMENT_3D('',#1193,#1194,#1195);
#1193 = CARTESIAN_POINT('',(1.108521157524E+03,-50.,470.79510191217));
#1194 = DIRECTION('',(-0.337226361594,0.,0.941423592782));
#1195 = DIRECTION('',(0.941423592782,0.,0.337226361594));
#1196 = DEFINITIONAL_REPRESENTATION('',(#1197),#1200);
#1197 = B_SPLINE_CURVE_WITH_KNOTS('',1,(#1198,#1199),.UNSPECIFIED.,.F.,
  .F.,(2,2),(-15.,5.),.PIECEWISE_BEZIER_KNOTS.);
#1198 = CARTESIAN_POINT('',(-10.,-12.));
#1199 = CARTESIAN_POINT('',(10.,-12.));
#1200 = ( GEOMETRIC_REPRESENTATION_CONTEXT(2) 
PARAMETRIC_REPRESENTATION_CONTEXT() REPRESENTATION_CONTEXT('2D SPACE',''
  ) );
#1201 = ORIENTED_EDGE('',*,*,#1202,.T.);
#1202 = EDGE_CURVE('',#1177,#1203,#1205,.T.);
#1203 = VERTEX_POINT('',#1204);
#1204 = CARTESIAN_POINT('',(1.110588690533E+03,-62.,486.40680608744));
#1205 = SURFACE_CURVE('',#1206,(#1210,#1216),.PCURVE_S1.);
#1206 = LINE('',#1207,#1208);
#1207 = CARTESIAN_POINT('',(1.115309859595E+03,-62.,473.2268757885));
#1208 = VECTOR('',#1209,1.);
#1209 = DIRECTION('',(-0.337226361594,0.,0.941423592782));
#1210 = PCURVE('',#960,#1211);
#1211 = DEFINITIONAL_REPRESENTATION('',(#1212),#1215);
#1212 = B_SPLINE_CURVE_WITH_KNOTS('',1,(#1213,#1214),.UNSPECIFIED.,.F.,
  .F.,(2,2),(-2.400000073548E-06,14.0000024),.PIECEWISE_BEZIER_KNOTS.);
#1213 = CARTESIAN_POINT('',(2.788897449072,132.9999976));
#1214 = CARTESIAN_POINT('',(2.788897449072,147.0000024));
#1215 = ( GEOMETRIC_REPRESENTATION_CONTEXT(2) 
PARAMETRIC_REPRESENTATION_CONTEXT() REPRESENTATION_CONTEXT('2D SPACE',''
  ) );
#1216 = PCURVE('',#1217,#1222);
#1217 = CYLINDRICAL_SURFACE('',#1218,14.);
#1218 = AXIS2_PLACEMENT_3D('',#1219,#1220,#1221);
#1219 = CARTESIAN_POINT('',(1.108521157524E+03,-50.,470.79510191217));
#1220 = DIRECTION('',(-0.337226361594,0.,0.941423592782));
#1221 = DIRECTION('',(0.941423592782,0.,0.337226361594));
#1222 = DEFINITIONAL_REPRESENTATION('',(#1223),#1226);
#1223 = B_SPLINE_CURVE_WITH_KNOTS('',1,(#1224,#1225),.UNSPECIFIED.,.F.,
  .F.,(2,2),(0.,14.),.PIECEWISE_BEZIER_KNOTS.);
#1224 = CARTESIAN_POINT('',(5.253488506342,3.641531520771E-14));
#1225 = CARTESIAN_POINT('',(5.253488506342,14.));
#1226 = ( GEOMETRIC_REPRESENTATION_CONTEXT(2) 
PARAMETRIC_REPRESENTATION_CONTEXT() REPRESENTATION_CONTEXT('2D SPACE',''
  ) );
#1227 = ORIENTED_EDGE('',*,*,#1228,.F.);
#1228 = EDGE_CURVE('',#1229,#1203,#1231,.T.);
#1229 = VERTEX_POINT('',#1230);
#1230 = CARTESIAN_POINT('',(1.09701128639E+03,-62.,481.54325833479));
#1231 = SURFACE_CURVE('',#1232,(#1236,#1242),.PCURVE_S1.);
#1232 = LINE('',#1233,#1234);
#1233 = CARTESIAN_POINT('',(1.108507106426E+03,-62.,485.66116401908));
#1234 = VECTOR('',#1235,1.);
#1235 = DIRECTION('',(0.941423592782,-0.,0.337226361594));
#1236 = PCURVE('',#960,#1237);
#1237 = DEFINITIONAL_REPRESENTATION('',(#1238),#1241);
#1238 = B_SPLINE_CURVE_WITH_KNOTS('',1,(#1239,#1240),.UNSPECIFIED.,.F.,
  .F.,(2,2),(-15.,5.),.PIECEWISE_BEZIER_KNOTS.);
#1239 = CARTESIAN_POINT('',(20.,147.));
#1240 = CARTESIAN_POINT('',(0.,147.));
#1241 = ( GEOMETRIC_REPRESENTATION_CONTEXT(2) 
PARAMETRIC_REPRESENTATION_CONTEXT() REPRESENTATION_CONTEXT('2D SPACE',''
  ) );
#1242 = PCURVE('',#1243,#1248);
#1243 = PLANE('',#1244);
#1244 = AXIS2_PLACEMENT_3D('',#1245,#1246,#1247);
#1245 = CARTESIAN_POINT('',(1.103799988462E+03,-50.,483.97503221112));
#1246 = DIRECTION('',(-0.337226361594,0.,0.941423592782));
#1247 = DIRECTION('',(0.941423592782,0.,0.337226361594));
#1248 = DEFINITIONAL_REPRESENTATION('',(#1249),#1252);
#1249 = B_SPLINE_CURVE_WITH_KNOTS('',1,(#1250,#1251),.UNSPECIFIED.,.F.,
  .F.,(2,2),(-15.,5.),.PIECEWISE_BEZIER_KNOTS.);
#1250 = CARTESIAN_POINT('',(-10.,-12.));
#1251 = CARTESIAN_POINT('',(10.,-12.));
#1252 = ( GEOMETRIC_REPRESENTATION_CONTEXT(2) 
PARAMETRIC_REPRESENTATION_CONTEXT() REPRESENTATION_CONTEXT('2D SPACE',''
  ) );
#1253 = ORIENTED_EDGE('',*,*,#1254,.F.);
#1254 = EDGE_CURVE('',#1175,#1229,#1255,.T.);
#1255 = SURFACE_CURVE('',#1256,(#1260,#1266),.PCURVE_S1.);
#1256 = LINE('',#1257,#1258);
#1257 = CARTESIAN_POINT('',(1.101732455453E+03,-62.,468.36332803584));
#1258 = VECTOR('',#1259,1.);
#1259 = DIRECTION('',(-0.337226361594,0.,0.941423592782));
#1260 = PCURVE('',#960,#1261);
#1261 = DEFINITIONAL_REPRESENTATION('',(#1262),#1265);
#1262 = B_SPLINE_CURVE_WITH_KNOTS('',1,(#1263,#1264),.UNSPECIFIED.,.F.,
  .F.,(2,2),(-2.399999943358E-06,14.0000024),.PIECEWISE_BEZIER_KNOTS.);
#1263 = CARTESIAN_POINT('',(17.211102550928,132.9999976));
#1264 = CARTESIAN_POINT('',(17.211102550928,147.0000024));
#1265 = ( GEOMETRIC_REPRESENTATION_CONTEXT(2) 
PARAMETRIC_REPRESENTATION_CONTEXT() REPRESENTATION_CONTEXT('2D SPACE',''
  ) );
#1266 = PCURVE('',#1217,#1267);
#1267 = DEFINITIONAL_REPRESENTATION('',(#1268),#1271);
#1268 = B_SPLINE_CURVE_WITH_KNOTS('',1,(#1269,#1270),.UNSPECIFIED.,.F.,
  .F.,(2,2),(0.,14.),.PIECEWISE_BEZIER_KNOTS.);
#1269 = CARTESIAN_POINT('',(10.454474761607,-3.641531520771E-14));
#1270 = CARTESIAN_POINT('',(10.454474761607,14.));
#1271 = ( GEOMETRIC_REPRESENTATION_CONTEXT(2) 
PARAMETRIC_REPRESENTATION_CONTEXT() REPRESENTATION_CONTEXT('2D SPACE',''
  ) );
#1272 = ADVANCED_FACE('',(#1273,#1302),#1243,.T.);
#1273 = FACE_BOUND('',#1274,.T.);
#1274 = EDGE_LOOP('',(#1275,#1276));
#1275 = ORIENTED_EDGE('',*,*,#1228,.T.);
#1276 = ORIENTED_EDGE('',*,*,#1277,.F.);
#1277 = EDGE_CURVE('',#1229,#1203,#1278,.T.);
#1278 = SURFACE_CURVE('',#1279,(#1284,#1295),.PCURVE_S1.);
#1279 = CIRCLE('',#1280,14.);
#1280 = AXIS2_PLACEMENT_3D('',#1281,#1282,#1283);
#1281 = CARTESIAN_POINT('',(1.103799988462E+03,-50.,483.97503221112));
#1282 = DIRECTION('',(0.337226361594,4.024558464266E-15,-0.941423592782)
  );
#1283 = DIRECTION('',(-0.484907290815,-0.857142857143,-0.173698134023));
#1284 = PCURVE('',#1243,#1285);
#1285 = DEFINITIONAL_REPRESENTATION('',(#1286),#1294);
#1286 = ( BOUNDED_CURVE() B_SPLINE_CURVE(2,(#1287,#1288,#1289,#1290,
#1291,#1292,#1293),.UNSPECIFIED.,.T.,.F.) B_SPLINE_CURVE_WITH_KNOTS((1,2
    ,2,2,2,1),(-2.094395102393,0.,2.094395102393,4.188790204786,
6.28318530718,8.377580409573),.UNSPECIFIED.) CURVE() 
GEOMETRIC_REPRESENTATION_ITEM() RATIONAL_B_SPLINE_CURVE((1.,0.5,1.,0.5,
1.,0.5,1.)) REPRESENTATION_ITEM('') );
#1287 = CARTESIAN_POINT('',(-7.211102550928,-12.));
#1288 = CARTESIAN_POINT('',(-27.99571224175,0.489995996797));
#1289 = CARTESIAN_POINT('',(-6.786753569949,12.244997998398));
#1290 = CARTESIAN_POINT('',(14.422205101856,24.));
#1291 = CARTESIAN_POINT('',(13.997856120877,-0.244997998398));
#1292 = CARTESIAN_POINT('',(13.573507139899,-24.48999599679));
#1293 = CARTESIAN_POINT('',(-7.211102550928,-12.));
#1294 = ( GEOMETRIC_REPRESENTATION_CONTEXT(2) 
PARAMETRIC_REPRESENTATION_CONTEXT() REPRESENTATION_CONTEXT('2D SPACE',''
  ) );
#1295 = PCURVE('',#1217,#1296);
#1296 = DEFINITIONAL_REPRESENTATION('',(#1297),#1301);
#1297 = LINE('',#1298,#1299);
#1298 = CARTESIAN_POINT('',(10.454474761607,14.));
#1299 = VECTOR('',#1300,1.);
#1300 = DIRECTION('',(-1.,-0.));
#1301 = ( GEOMETRIC_REPRESENTATION_CONTEXT(2) 
PARAMETRIC_REPRESENTATION_CONTEXT() REPRESENTATION_CONTEXT('2D SPACE',''
  ) );
#1302 = FACE_BOUND('',#1303,.T.);
#1303 = EDGE_LOOP('',(#1304));
#1304 = ORIENTED_EDGE('',*,*,#1305,.F.);
#1305 = EDGE_CURVE('',#1306,#1306,#1308,.T.);
#1306 = VERTEX_POINT('',#1307);
#1307 = CARTESIAN_POINT('',(1.114155647982E+03,-50.,487.68452218865));
#1308 = SURFACE_CURVE('',#1309,(#1314,#1321),.PCURVE_S1.);
#1309 = CIRCLE('',#1310,11.);
#1310 = AXIS2_PLACEMENT_3D('',#1311,#1312,#1313);
#1311 = CARTESIAN_POINT('',(1.103799988462E+03,-50.,483.97503221112));
#1312 = DIRECTION('',(-0.337226361594,-0.,0.941423592782));
#1313 = DIRECTION('',(0.941423592782,0.,0.337226361594));
#1314 = PCURVE('',#1243,#1315);
#1315 = DEFINITIONAL_REPRESENTATION('',(#1316),#1320);
#1316 = CIRCLE('',#1317,11.);
#1317 = AXIS2_PLACEMENT_2D('',#1318,#1319);
#1318 = CARTESIAN_POINT('',(0.,0.));
#1319 = DIRECTION('',(1.,0.));
#1320 = ( GEOMETRIC_REPRESENTATION_CONTEXT(2) 
PARAMETRIC_REPRESENTATION_CONTEXT() REPRESENTATION_CONTEXT('2D SPACE',''
  ) );
#1321 = PCURVE('',#1322,#1327);
#1322 = CYLINDRICAL_SURFACE('',#1323,11.);
#1323 = AXIS2_PLACEMENT_3D('',#1324,#1325,#1326);
#1324 = CARTESIAN_POINT('',(1.108858383886E+03,-50.,469.85367831939));
#1325 = DIRECTION('',(-0.337226361594,0.,0.941423592782));
#1326 = DIRECTION('',(0.941423592782,0.,0.337226361594));
#1327 = DEFINITIONAL_REPRESENTATION('',(#1328),#1332);
#1328 = LINE('',#1329,#1330);
#1329 = CARTESIAN_POINT('',(0.,15.));
#1330 = VECTOR('',#1331,1.);
#1331 = DIRECTION('',(1.,0.));
#1332 = ( GEOMETRIC_REPRESENTATION_CONTEXT(2) 
PARAMETRIC_REPRESENTATION_CONTEXT() REPRESENTATION_CONTEXT('2D SPACE',''
  ) );
#1333 = ADVANCED_FACE('',(#1334),#1322,.F.);
#1334 = FACE_BOUND('',#1335,.F.);
#1335 = EDGE_LOOP('',(#1336,#1337,#1360,#1382));
#1336 = ORIENTED_EDGE('',*,*,#1305,.F.);
#1337 = ORIENTED_EDGE('',*,*,#1338,.F.);
#1338 = EDGE_CURVE('',#1339,#1306,#1341,.T.);
#1339 = VERTEX_POINT('',#1340);
#1340 = CARTESIAN_POINT('',(1.118876817045E+03,-50.,474.5045918897));
#1341 = SEAM_CURVE('',#1342,(#1346,#1353),.PCURVE_S1.);
#1342 = LINE('',#1343,#1344);
#1343 = CARTESIAN_POINT('',(1.119214043406E+03,-50.,473.56316829692));
#1344 = VECTOR('',#1345,1.);
#1345 = DIRECTION('',(-0.337226361594,0.,0.941423592782));
#1346 = PCURVE('',#1322,#1347);
#1347 = DEFINITIONAL_REPRESENTATION('',(#1348),#1352);
#1348 = LINE('',#1349,#1350);
#1349 = CARTESIAN_POINT('',(6.28318530718,-0.));
#1350 = VECTOR('',#1351,1.);
#1351 = DIRECTION('',(0.,1.));
#1352 = ( GEOMETRIC_REPRESENTATION_CONTEXT(2) 
PARAMETRIC_REPRESENTATION_CONTEXT() REPRESENTATION_CONTEXT('2D SPACE',''
  ) );
#1353 = PCURVE('',#1322,#1354);
#1354 = DEFINITIONAL_REPRESENTATION('',(#1355),#1359);
#1355 = LINE('',#1356,#1357);
#1356 = CARTESIAN_POINT('',(0.,-0.));
#1357 = VECTOR('',#1358,1.);
#1358 = DIRECTION('',(0.,1.));
#1359 = ( GEOMETRIC_REPRESENTATION_CONTEXT(2) 
PARAMETRIC_REPRESENTATION_CONTEXT() REPRESENTATION_CONTEXT('2D SPACE',''
  ) );
#1360 = ORIENTED_EDGE('',*,*,#1361,.T.);
#1361 = EDGE_CURVE('',#1339,#1339,#1362,.T.);
#1362 = SURFACE_CURVE('',#1363,(#1368,#1375),.PCURVE_S1.);
#1363 = CIRCLE('',#1364,11.);
#1364 = AXIS2_PLACEMENT_3D('',#1365,#1366,#1367);
#1365 = CARTESIAN_POINT('',(1.108521157524E+03,-50.,470.79510191217));
#1366 = DIRECTION('',(-0.337226361594,-0.,0.941423592782));
#1367 = DIRECTION('',(0.941423592782,0.,0.337226361594));
#1368 = PCURVE('',#1322,#1369);
#1369 = DEFINITIONAL_REPRESENTATION('',(#1370),#1374);
#1370 = LINE('',#1371,#1372);
#1371 = CARTESIAN_POINT('',(0.,1.));
#1372 = VECTOR('',#1373,1.);
#1373 = DIRECTION('',(1.,0.));
#1374 = ( GEOMETRIC_REPRESENTATION_CONTEXT(2) 
PARAMETRIC_REPRESENTATION_CONTEXT() REPRESENTATION_CONTEXT('2D SPACE',''
  ) );
#1375 = PCURVE('',#1191,#1376);
#1376 = DEFINITIONAL_REPRESENTATION('',(#1377),#1381);
#1377 = CIRCLE('',#1378,11.);
#1378 = AXIS2_PLACEMENT_2D('',#1379,#1380);
#1379 = CARTESIAN_POINT('',(0.,0.));
#1380 = DIRECTION('',(1.,0.));
#1381 = ( GEOMETRIC_REPRESENTATION_CONTEXT(2) 
PARAMETRIC_REPRESENTATION_CONTEXT() REPRESENTATION_CONTEXT('2D SPACE',''
  ) );
#1382 = ORIENTED_EDGE('',*,*,#1338,.T.);
#1383 = ADVANCED_FACE('',(#1384),#1217,.T.);
#1384 = FACE_BOUND('',#1385,.T.);
#1385 = EDGE_LOOP('',(#1386,#1387,#1388,#1414));
#1386 = ORIENTED_EDGE('',*,*,#1277,.T.);
#1387 = ORIENTED_EDGE('',*,*,#1202,.F.);
#1388 = ORIENTED_EDGE('',*,*,#1389,.F.);
#1389 = EDGE_CURVE('',#1175,#1177,#1390,.T.);
#1390 = SURFACE_CURVE('',#1391,(#1396,#1403),.PCURVE_S1.);
#1391 = CIRCLE('',#1392,14.);
#1392 = AXIS2_PLACEMENT_3D('',#1393,#1394,#1395);
#1393 = CARTESIAN_POINT('',(1.108521157524E+03,-50.,470.79510191217));
#1394 = DIRECTION('',(0.337226361594,7.771561172376E-16,-0.941423592782)
  );
#1395 = DIRECTION('',(-0.484907290815,-0.857142857143,-0.173698134023));
#1396 = PCURVE('',#1217,#1397);
#1397 = DEFINITIONAL_REPRESENTATION('',(#1398),#1402);
#1398 = LINE('',#1399,#1400);
#1399 = CARTESIAN_POINT('',(10.454474761607,0.));
#1400 = VECTOR('',#1401,1.);
#1401 = DIRECTION('',(-1.,-0.));
#1402 = ( GEOMETRIC_REPRESENTATION_CONTEXT(2) 
PARAMETRIC_REPRESENTATION_CONTEXT() REPRESENTATION_CONTEXT('2D SPACE',''
  ) );
#1403 = PCURVE('',#1191,#1404);
#1404 = DEFINITIONAL_REPRESENTATION('',(#1405),#1413);
#1405 = ( BOUNDED_CURVE() B_SPLINE_CURVE(2,(#1406,#1407,#1408,#1409,
#1410,#1411,#1412),.UNSPECIFIED.,.T.,.F.) B_SPLINE_CURVE_WITH_KNOTS((1,2
    ,2,2,2,1),(-2.094395102393,0.,2.094395102393,4.188790204786,
6.28318530718,8.377580409573),.UNSPECIFIED.) CURVE() 
GEOMETRIC_REPRESENTATION_ITEM() RATIONAL_B_SPLINE_CURVE((1.,0.5,1.,0.5,
1.,0.5,1.)) REPRESENTATION_ITEM('') );
#1406 = CARTESIAN_POINT('',(-7.211102550928,-12.));
#1407 = CARTESIAN_POINT('',(-27.99571224175,0.489995996797));
#1408 = CARTESIAN_POINT('',(-6.786753569949,12.244997998398));
#1409 = CARTESIAN_POINT('',(14.422205101856,24.));
#1410 = CARTESIAN_POINT('',(13.997856120877,-0.244997998398));
#1411 = CARTESIAN_POINT('',(13.573507139899,-24.48999599679));
#1412 = CARTESIAN_POINT('',(-7.211102550928,-12.));
#1413 = ( GEOMETRIC_REPRESENTATION_CONTEXT(2) 
PARAMETRIC_REPRESENTATION_CONTEXT() REPRESENTATION_CONTEXT('2D SPACE',''
  ) );
#1414 = ORIENTED_EDGE('',*,*,#1254,.T.);
#1415 = ADVANCED_FACE('',(#1416,#1420),#1191,.F.);
#1416 = FACE_BOUND('',#1417,.F.);
#1417 = EDGE_LOOP('',(#1418,#1419));
#1418 = ORIENTED_EDGE('',*,*,#1174,.T.);
#1419 = ORIENTED_EDGE('',*,*,#1389,.F.);
#1420 = FACE_BOUND('',#1421,.F.);
#1421 = EDGE_LOOP('',(#1422));
#1422 = ORIENTED_EDGE('',*,*,#1361,.F.);
#1423 = ADVANCED_FACE('',(#1424),#986,.T.);
#1424 = FACE_BOUND('',#1425,.T.);
#1425 = EDGE_LOOP('',(#1426,#1427,#1448,#1449));
#1426 = ORIENTED_EDGE('',*,*,#972,.F.);
#1427 = ORIENTED_EDGE('',*,*,#1428,.T.);
#1428 = EDGE_CURVE('',#884,#1078,#1429,.T.);
#1429 = SURFACE_CURVE('',#1430,(#1434,#1441),.PCURVE_S1.);
#1430 = LINE('',#1431,#1432);
#1431 = CARTESIAN_POINT('',(1.143958027688E+03,-67.,342.21350045624));
#1432 = VECTOR('',#1433,1.);
#1433 = DIRECTION('',(-0.337226361594,0.,0.941423592782));
#1434 = PCURVE('',#986,#1435);
#1435 = DEFINITIONAL_REPRESENTATION('',(#1436),#1440);
#1436 = LINE('',#1437,#1438);
#1437 = CARTESIAN_POINT('',(0.,0.));
#1438 = VECTOR('',#1439,1.);
#1439 = DIRECTION('',(1.,0.));
#1440 = ( GEOMETRIC_REPRESENTATION_CONTEXT(2) 
PARAMETRIC_REPRESENTATION_CONTEXT() REPRESENTATION_CONTEXT('2D SPACE',''
  ) );
#1441 = PCURVE('',#904,#1442);
#1442 = DEFINITIONAL_REPRESENTATION('',(#1443),#1447);
#1443 = LINE('',#1444,#1445);
#1444 = CARTESIAN_POINT('',(20.,0.));
#1445 = VECTOR('',#1446,1.);
#1446 = DIRECTION('',(0.,1.));
#1447 = ( GEOMETRIC_REPRESENTATION_CONTEXT(2) 
PARAMETRIC_REPRESENTATION_CONTEXT() REPRESENTATION_CONTEXT('2D SPACE',''
  ) );
#1448 = ORIENTED_EDGE('',*,*,#1124,.T.);
#1449 = ORIENTED_EDGE('',*,*,#1150,.F.);
#1450 = ADVANCED_FACE('',(#1451),#904,.F.);
#1451 = FACE_BOUND('',#1452,.F.);
#1452 = EDGE_LOOP('',(#1453,#1454,#1455,#1456));
#1453 = ORIENTED_EDGE('',*,*,#1002,.F.);
#1454 = ORIENTED_EDGE('',*,*,#881,.T.);
#1455 = ORIENTED_EDGE('',*,*,#1428,.T.);
#1456 = ORIENTED_EDGE('',*,*,#1077,.F.);
#1457 = MANIFOLD_SOLID_BREP('',#1458);
#1458 = CLOSED_SHELL('',(#1459,#1579,#1679,#1726,#1773,#1780));
#1459 = ADVANCED_FACE('',(#1460),#1474,.F.);
#1460 = FACE_BOUND('',#1461,.F.);
#1461 = EDGE_LOOP('',(#1462,#1497,#1525,#1553));
#1462 = ORIENTED_EDGE('',*,*,#1463,.F.);
#1463 = EDGE_CURVE('',#1464,#1466,#1468,.T.);
#1464 = VERTEX_POINT('',#1465);
#1465 = CARTESIAN_POINT('',(440.94136011552,-31.,427.27551139199));
#1466 = VERTEX_POINT('',#1467);
#1467 = CARTESIAN_POINT('',(401.81817865539,-31.,411.99884053613));
#1468 = SURFACE_CURVE('',#1469,(#1473,#1485),.PCURVE_S1.);
#1469 = LINE('',#1470,#1471);
#1470 = CARTESIAN_POINT('',(440.94136011552,-31.,427.27551139199));
#1471 = VECTOR('',#1472,1.);
#1472 = DIRECTION('',(-0.931504320479,0.,-0.363730258473));
#1473 = PCURVE('',#1474,#1479);
#1474 = PLANE('',#1475);
#1475 = AXIS2_PLACEMENT_3D('',#1476,#1477,#1478);
#1476 = CARTESIAN_POINT('',(440.94136011552,-31.,427.27551139199));
#1477 = DIRECTION('',(-0.363730258473,0.,0.931504320479));
#1478 = DIRECTION('',(-0.931504320479,0.,-0.363730258473));
#1479 = DEFINITIONAL_REPRESENTATION('',(#1480),#1484);
#1480 = LINE('',#1481,#1482);
#1481 = CARTESIAN_POINT('',(0.,0.));
#1482 = VECTOR('',#1483,1.);
#1483 = DIRECTION('',(1.,0.));
#1484 = ( GEOMETRIC_REPRESENTATION_CONTEXT(2) 
PARAMETRIC_REPRESENTATION_CONTEXT() REPRESENTATION_CONTEXT('2D SPACE',''
  ) );
#1485 = PCURVE('',#1486,#1491);
#1486 = PLANE('',#1487);
#1487 = AXIS2_PLACEMENT_3D('',#1488,#1489,#1490);
#1488 = CARTESIAN_POINT('',(440.94136011552,-31.,427.27551139199));
#1489 = DIRECTION('',(0.,1.,0.));
#1490 = DIRECTION('',(-0.931504320479,0.,-0.363730258473));
#1491 = DEFINITIONAL_REPRESENTATION('',(#1492),#1496);
#1492 = LINE('',#1493,#1494);
#1493 = CARTESIAN_POINT('',(0.,0.));
#1494 = VECTOR('',#1495,1.);
#1495 = DIRECTION('',(1.,0.));
#1496 = ( GEOMETRIC_REPRESENTATION_CONTEXT(2) 
PARAMETRIC_REPRESENTATION_CONTEXT() REPRESENTATION_CONTEXT('2D SPACE',''
  ) );
#1497 = ORIENTED_EDGE('',*,*,#1498,.T.);
#1498 = EDGE_CURVE('',#1464,#1499,#1501,.T.);
#1499 = VERTEX_POINT('',#1500);
#1500 = CARTESIAN_POINT('',(440.94136011552,31.,427.27551139199));
#1501 = SURFACE_CURVE('',#1502,(#1506,#1513),.PCURVE_S1.);
#1502 = LINE('',#1503,#1504);
#1503 = CARTESIAN_POINT('',(440.94136011552,-31.,427.27551139199));
#1504 = VECTOR('',#1505,1.);
#1505 = DIRECTION('',(0.,1.,0.));
#1506 = PCURVE('',#1474,#1507);
#1507 = DEFINITIONAL_REPRESENTATION('',(#1508),#1512);
#1508 = LINE('',#1509,#1510);
#1509 = CARTESIAN_POINT('',(0.,0.));
#1510 = VECTOR('',#1511,1.);
#1511 = DIRECTION('',(0.,-1.));
#1512 = ( GEOMETRIC_REPRESENTATION_CONTEXT(2) 
PARAMETRIC_REPRESENTATION_CONTEXT() REPRESENTATION_CONTEXT('2D SPACE',''
  ) );
#1513 = PCURVE('',#1514,#1519);
#1514 = PLANE('',#1515);
#1515 = AXIS2_PLACEMENT_3D('',#1516,#1517,#1518);
#1516 = CARTESIAN_POINT('',(440.94136011552,-31.,427.27551139199));
#1517 = DIRECTION('',(-0.931504320479,0.,-0.363730258473));
#1518 = DIRECTION('',(-0.363730258473,0.,0.931504320479));
#1519 = DEFINITIONAL_REPRESENTATION('',(#1520),#1524);
#1520 = LINE('',#1521,#1522);
#1521 = CARTESIAN_POINT('',(0.,0.));
#1522 = VECTOR('',#1523,1.);
#1523 = DIRECTION('',(0.,1.));
#1524 = ( GEOMETRIC_REPRESENTATION_CONTEXT(2) 
PARAMETRIC_REPRESENTATION_CONTEXT() REPRESENTATION_CONTEXT('2D SPACE',''
  ) );
#1525 = ORIENTED_EDGE('',*,*,#1526,.T.);
#1526 = EDGE_CURVE('',#1499,#1527,#1529,.T.);
#1527 = VERTEX_POINT('',#1528);
#1528 = CARTESIAN_POINT('',(401.81817865539,31.,411.99884053613));
#1529 = SURFACE_CURVE('',#1530,(#1534,#1541),.PCURVE_S1.);
#1530 = LINE('',#1531,#1532);
#1531 = CARTESIAN_POINT('',(440.94136011552,31.,427.27551139199));
#1532 = VECTOR('',#1533,1.);
#1533 = DIRECTION('',(-0.931504320479,0.,-0.363730258473));
#1534 = PCURVE('',#1474,#1535);
#1535 = DEFINITIONAL_REPRESENTATION('',(#1536),#1540);
#1536 = LINE('',#1537,#1538);
#1537 = CARTESIAN_POINT('',(0.,-62.));
#1538 = VECTOR('',#1539,1.);
#1539 = DIRECTION('',(1.,0.));
#1540 = ( GEOMETRIC_REPRESENTATION_CONTEXT(2) 
PARAMETRIC_REPRESENTATION_CONTEXT() REPRESENTATION_CONTEXT('2D SPACE',''
  ) );
#1541 = PCURVE('',#1542,#1547);
#1542 = PLANE('',#1543);
#1543 = AXIS2_PLACEMENT_3D('',#1544,#1545,#1546);
#1544 = CARTESIAN_POINT('',(440.94136011552,31.,427.27551139199));
#1545 = DIRECTION('',(0.,1.,0.));
#1546 = DIRECTION('',(-0.931504320479,0.,-0.363730258473));
#1547 = DEFINITIONAL_REPRESENTATION('',(#1548),#1552);
#1548 = LINE('',#1549,#1550);
#1549 = CARTESIAN_POINT('',(0.,0.));
#1550 = VECTOR('',#1551,1.);
#1551 = DIRECTION('',(1.,0.));
#1552 = ( GEOMETRIC_REPRESENTATION_CONTEXT(2) 
PARAMETRIC_REPRESENTATION_CONTEXT() REPRESENTATION_CONTEXT('2D SPACE',''
  ) );
#1553 = ORIENTED_EDGE('',*,*,#1554,.F.);
#1554 = EDGE_CURVE('',#1466,#1527,#1555,.T.);
#1555 = SURFACE_CURVE('',#1556,(#1560,#1567),.PCURVE_S1.);
#1556 = LINE('',#1557,#1558);
#1557 = CARTESIAN_POINT('',(401.81817865539,-31.,411.99884053613));
#1558 = VECTOR('',#1559,1.);
#1559 = DIRECTION('',(0.,1.,0.));
#1560 = PCURVE('',#1474,#1561);
#1561 = DEFINITIONAL_REPRESENTATION('',(#1562),#1566);
#1562 = LINE('',#1563,#1564);
#1563 = CARTESIAN_POINT('',(42.,0.));
#1564 = VECTOR('',#1565,1.);
#1565 = DIRECTION('',(0.,-1.));
#1566 = ( GEOMETRIC_REPRESENTATION_CONTEXT(2) 
PARAMETRIC_REPRESENTATION_CONTEXT() REPRESENTATION_CONTEXT('2D SPACE',''
  ) );
#1567 = PCURVE('',#1568,#1573);
#1568 = PLANE('',#1569);
#1569 = AXIS2_PLACEMENT_3D('',#1570,#1571,#1572);
#1570 = CARTESIAN_POINT('',(401.81817865539,-31.,411.99884053613));
#1571 = DIRECTION('',(-0.931504320479,0.,-0.363730258473));
#1572 = DIRECTION('',(-0.363730258473,0.,0.931504320479));
#1573 = DEFINITIONAL_REPRESENTATION('',(#1574),#1578);
#1574 = LINE('',#1575,#1576);
#1575 = CARTESIAN_POINT('',(0.,0.));
#1576 = VECTOR('',#1577,1.);
#1577 = DIRECTION('',(0.,1.));
#1578 = ( GEOMETRIC_REPRESENTATION_CONTEXT(2) 
PARAMETRIC_REPRESENTATION_CONTEXT() REPRESENTATION_CONTEXT('2D SPACE',''
  ) );
#1579 = ADVANCED_FACE('',(#1580),#1594,.T.);
#1580 = FACE_BOUND('',#1581,.T.);
#1581 = EDGE_LOOP('',(#1582,#1612,#1635,#1658));
#1582 = ORIENTED_EDGE('',*,*,#1583,.F.);
#1583 = EDGE_CURVE('',#1584,#1586,#1588,.T.);
#1584 = VERTEX_POINT('',#1585);
#1585 = CARTESIAN_POINT('',(386.3818213446,-31.,567.00115946386));
#1586 = VERTEX_POINT('',#1587);
#1587 = CARTESIAN_POINT('',(347.25863988447,-31.,551.724488608));
#1588 = SURFACE_CURVE('',#1589,(#1593,#1605),.PCURVE_S1.);
#1589 = LINE('',#1590,#1591);
#1590 = CARTESIAN_POINT('',(386.3818213446,-31.,567.00115946386));
#1591 = VECTOR('',#1592,1.);
#1592 = DIRECTION('',(-0.931504320479,0.,-0.363730258473));
#1593 = PCURVE('',#1594,#1599);
#1594 = PLANE('',#1595);
#1595 = AXIS2_PLACEMENT_3D('',#1596,#1597,#1598);
#1596 = CARTESIAN_POINT('',(386.3818213446,-31.,567.00115946386));
#1597 = DIRECTION('',(-0.363730258473,0.,0.931504320479));
#1598 = DIRECTION('',(-0.931504320479,0.,-0.363730258473));
#1599 = DEFINITIONAL_REPRESENTATION('',(#1600),#1604);
#1600 = LINE('',#1601,#1602);
#1601 = CARTESIAN_POINT('',(0.,0.));
#1602 = VECTOR('',#1603,1.);
#1603 = DIRECTION('',(1.,0.));
#1604 = ( GEOMETRIC_REPRESENTATION_CONTEXT(2) 
PARAMETRIC_REPRESENTATION_CONTEXT() REPRESENTATION_CONTEXT('2D SPACE',''
  ) );
#1605 = PCURVE('',#1486,#1606);
#1606 = DEFINITIONAL_REPRESENTATION('',(#1607),#1611);
#1607 = LINE('',#1608,#1609);
#1608 = CARTESIAN_POINT('',(0.,150.));
#1609 = VECTOR('',#1610,1.);
#1610 = DIRECTION('',(1.,0.));
#1611 = ( GEOMETRIC_REPRESENTATION_CONTEXT(2) 
PARAMETRIC_REPRESENTATION_CONTEXT() REPRESENTATION_CONTEXT('2D SPACE',''
  ) );
#1612 = ORIENTED_EDGE('',*,*,#1613,.T.);
#1613 = EDGE_CURVE('',#1584,#1614,#1616,.T.);
#1614 = VERTEX_POINT('',#1615);
#1615 = CARTESIAN_POINT('',(386.3818213446,31.,567.00115946386));
#1616 = SURFACE_CURVE('',#1617,(#1621,#1628),.PCURVE_S1.);
#1617 = LINE('',#1618,#1619);
#1618 = CARTESIAN_POINT('',(386.3818213446,-31.,567.00115946386));
#1619 = VECTOR('',#1620,1.);
#1620 = DIRECTION('',(0.,1.,0.));
#1621 = PCURVE('',#1594,#1622);
#1622 = DEFINITIONAL_REPRESENTATION('',(#1623),#1627);
#1623 = LINE('',#1624,#1625);
#1624 = CARTESIAN_POINT('',(0.,0.));
#1625 = VECTOR('',#1626,1.);
#1626 = DIRECTION('',(0.,-1.));
#1627 = ( GEOMETRIC_REPRESENTATION_CONTEXT(2) 
PARAMETRIC_REPRESENTATION_CONTEXT() REPRESENTATION_CONTEXT('2D SPACE',''
  ) );
#1628 = PCURVE('',#1514,#1629);
#1629 = DEFINITIONAL_REPRESENTATION('',(#1630),#1634);
#1630 = LINE('',#1631,#1632);
#1631 = CARTESIAN_POINT('',(150.,0.));
#1632 = VECTOR('',#1633,1.);
#1633 = DIRECTION('',(0.,1.));
#1634 = ( GEOMETRIC_REPRESENTATION_CONTEXT(2) 
PARAMETRIC_REPRESENTATION_CONTEXT() REPRESENTATION_CONTEXT('2D SPACE',''
  ) );
#1635 = ORIENTED_EDGE('',*,*,#1636,.T.);
#1636 = EDGE_CURVE('',#1614,#1637,#1639,.T.);
#1637 = VERTEX_POINT('',#1638);
#1638 = CARTESIAN_POINT('',(347.25863988447,31.,551.724488608));
#1639 = SURFACE_CURVE('',#1640,(#1644,#1651),.PCURVE_S1.);
#1640 = LINE('',#1641,#1642);
#1641 = CARTESIAN_POINT('',(386.3818213446,31.,567.00115946386));
#1642 = VECTOR('',#1643,1.);
#1643 = DIRECTION('',(-0.931504320479,0.,-0.363730258473));
#1644 = PCURVE('',#1594,#1645);
#1645 = DEFINITIONAL_REPRESENTATION('',(#1646),#1650);
#1646 = LINE('',#1647,#1648);
#1647 = CARTESIAN_POINT('',(0.,-62.));
#1648 = VECTOR('',#1649,1.);
#1649 = DIRECTION('',(1.,0.));
#1650 = ( GEOMETRIC_REPRESENTATION_CONTEXT(2) 
PARAMETRIC_REPRESENTATION_CONTEXT() REPRESENTATION_CONTEXT('2D SPACE',''
  ) );
#1651 = PCURVE('',#1542,#1652);
#1652 = DEFINITIONAL_REPRESENTATION('',(#1653),#1657);
#1653 = LINE('',#1654,#1655);
#1654 = CARTESIAN_POINT('',(0.,150.));
#1655 = VECTOR('',#1656,1.);
#1656 = DIRECTION('',(1.,0.));
#1657 = ( GEOMETRIC_REPRESENTATION_CONTEXT(2) 
PARAMETRIC_REPRESENTATION_CONTEXT() REPRESENTATION_CONTEXT('2D SPACE',''
  ) );
#1658 = ORIENTED_EDGE('',*,*,#1659,.F.);
#1659 = EDGE_CURVE('',#1586,#1637,#1660,.T.);
#1660 = SURFACE_CURVE('',#1661,(#1665,#1672),.PCURVE_S1.);
#1661 = LINE('',#1662,#1663);
#1662 = CARTESIAN_POINT('',(347.25863988447,-31.,551.724488608));
#1663 = VECTOR('',#1664,1.);
#1664 = DIRECTION('',(0.,1.,0.));
#1665 = PCURVE('',#1594,#1666);
#1666 = DEFINITIONAL_REPRESENTATION('',(#1667),#1671);
#1667 = LINE('',#1668,#1669);
#1668 = CARTESIAN_POINT('',(42.,0.));
#1669 = VECTOR('',#1670,1.);
#1670 = DIRECTION('',(0.,-1.));
#1671 = ( GEOMETRIC_REPRESENTATION_CONTEXT(2) 
PARAMETRIC_REPRESENTATION_CONTEXT() REPRESENTATION_CONTEXT('2D SPACE',''
  ) );
#1672 = PCURVE('',#1568,#1673);
#1673 = DEFINITIONAL_REPRESENTATION('',(#1674),#1678);
#1674 = LINE('',#1675,#1676);
#1675 = CARTESIAN_POINT('',(150.,0.));
#1676 = VECTOR('',#1677,1.);
#1677 = DIRECTION('',(0.,1.));
#1678 = ( GEOMETRIC_REPRESENTATION_CONTEXT(2) 
PARAMETRIC_REPRESENTATION_CONTEXT() REPRESENTATION_CONTEXT('2D SPACE',''
  ) );
#1679 = ADVANCED_FACE('',(#1680),#1486,.F.);
#1680 = FACE_BOUND('',#1681,.F.);
#1681 = EDGE_LOOP('',(#1682,#1703,#1704,#1725));
#1682 = ORIENTED_EDGE('',*,*,#1683,.F.);
#1683 = EDGE_CURVE('',#1464,#1584,#1684,.T.);
#1684 = SURFACE_CURVE('',#1685,(#1689,#1696),.PCURVE_S1.);
#1685 = LINE('',#1686,#1687);
#1686 = CARTESIAN_POINT('',(440.94136011552,-31.,427.27551139199));
#1687 = VECTOR('',#1688,1.);
#1688 = DIRECTION('',(-0.363730258473,0.,0.931504320479));
#1689 = PCURVE('',#1486,#1690);
#1690 = DEFINITIONAL_REPRESENTATION('',(#1691),#1695);
#1691 = LINE('',#1692,#1693);
#1692 = CARTESIAN_POINT('',(0.,0.));
#1693 = VECTOR('',#1694,1.);
#1694 = DIRECTION('',(0.,1.));
#1695 = ( GEOMETRIC_REPRESENTATION_CONTEXT(2) 
PARAMETRIC_REPRESENTATION_CONTEXT() REPRESENTATION_CONTEXT('2D SPACE',''
  ) );
#1696 = PCURVE('',#1514,#1697);
#1697 = DEFINITIONAL_REPRESENTATION('',(#1698),#1702);
#1698 = LINE('',#1699,#1700);
#1699 = CARTESIAN_POINT('',(0.,0.));
#1700 = VECTOR('',#1701,1.);
#1701 = DIRECTION('',(1.,0.));
#1702 = ( GEOMETRIC_REPRESENTATION_CONTEXT(2) 
PARAMETRIC_REPRESENTATION_CONTEXT() REPRESENTATION_CONTEXT('2D SPACE',''
  ) );
#1703 = ORIENTED_EDGE('',*,*,#1463,.T.);
#1704 = ORIENTED_EDGE('',*,*,#1705,.T.);
#1705 = EDGE_CURVE('',#1466,#1586,#1706,.T.);
#1706 = SURFACE_CURVE('',#1707,(#1711,#1718),.PCURVE_S1.);
#1707 = LINE('',#1708,#1709);
#1708 = CARTESIAN_POINT('',(401.81817865539,-31.,411.99884053613));
#1709 = VECTOR('',#1710,1.);
#1710 = DIRECTION('',(-0.363730258473,0.,0.931504320479));
#1711 = PCURVE('',#1486,#1712);
#1712 = DEFINITIONAL_REPRESENTATION('',(#1713),#1717);
#1713 = LINE('',#1714,#1715);
#1714 = CARTESIAN_POINT('',(42.,0.));
#1715 = VECTOR('',#1716,1.);
#1716 = DIRECTION('',(0.,1.));
#1717 = ( GEOMETRIC_REPRESENTATION_CONTEXT(2) 
PARAMETRIC_REPRESENTATION_CONTEXT() REPRESENTATION_CONTEXT('2D SPACE',''
  ) );
#1718 = PCURVE('',#1568,#1719);
#1719 = DEFINITIONAL_REPRESENTATION('',(#1720),#1724);
#1720 = LINE('',#1721,#1722);
#1721 = CARTESIAN_POINT('',(0.,0.));
#1722 = VECTOR('',#1723,1.);
#1723 = DIRECTION('',(1.,0.));
#1724 = ( GEOMETRIC_REPRESENTATION_CONTEXT(2) 
PARAMETRIC_REPRESENTATION_CONTEXT() REPRESENTATION_CONTEXT('2D SPACE',''
  ) );
#1725 = ORIENTED_EDGE('',*,*,#1583,.F.);
#1726 = ADVANCED_FACE('',(#1727),#1542,.T.);
#1727 = FACE_BOUND('',#1728,.T.);
#1728 = EDGE_LOOP('',(#1729,#1750,#1751,#1772));
#1729 = ORIENTED_EDGE('',*,*,#1730,.F.);
#1730 = EDGE_CURVE('',#1499,#1614,#1731,.T.);
#1731 = SURFACE_CURVE('',#1732,(#1736,#1743),.PCURVE_S1.);
#1732 = LINE('',#1733,#1734);
#1733 = CARTESIAN_POINT('',(440.94136011552,31.,427.27551139199));
#1734 = VECTOR('',#1735,1.);
#1735 = DIRECTION('',(-0.363730258473,0.,0.931504320479));
#1736 = PCURVE('',#1542,#1737);
#1737 = DEFINITIONAL_REPRESENTATION('',(#1738),#1742);
#1738 = LINE('',#1739,#1740);
#1739 = CARTESIAN_POINT('',(0.,0.));
#1740 = VECTOR('',#1741,1.);
#1741 = DIRECTION('',(0.,1.));
#1742 = ( GEOMETRIC_REPRESENTATION_CONTEXT(2) 
PARAMETRIC_REPRESENTATION_CONTEXT() REPRESENTATION_CONTEXT('2D SPACE',''
  ) );
#1743 = PCURVE('',#1514,#1744);
#1744 = DEFINITIONAL_REPRESENTATION('',(#1745),#1749);
#1745 = LINE('',#1746,#1747);
#1746 = CARTESIAN_POINT('',(0.,62.));
#1747 = VECTOR('',#1748,1.);
#1748 = DIRECTION('',(1.,0.));
#1749 = ( GEOMETRIC_REPRESENTATION_CONTEXT(2) 
PARAMETRIC_REPRESENTATION_CONTEXT() REPRESENTATION_CONTEXT('2D SPACE',''
  ) );
#1750 = ORIENTED_EDGE('',*,*,#1526,.T.);
#1751 = ORIENTED_EDGE('',*,*,#1752,.T.);
#1752 = EDGE_CURVE('',#1527,#1637,#1753,.T.);
#1753 = SURFACE_CURVE('',#1754,(#1758,#1765),.PCURVE_S1.);
#1754 = LINE('',#1755,#1756);
#1755 = CARTESIAN_POINT('',(401.81817865539,31.,411.99884053613));
#1756 = VECTOR('',#1757,1.);
#1757 = DIRECTION('',(-0.363730258473,0.,0.931504320479));
#1758 = PCURVE('',#1542,#1759);
#1759 = DEFINITIONAL_REPRESENTATION('',(#1760),#1764);
#1760 = LINE('',#1761,#1762);
#1761 = CARTESIAN_POINT('',(42.,0.));
#1762 = VECTOR('',#1763,1.);
#1763 = DIRECTION('',(0.,1.));
#1764 = ( GEOMETRIC_REPRESENTATION_CONTEXT(2) 
PARAMETRIC_REPRESENTATION_CONTEXT() REPRESENTATION_CONTEXT('2D SPACE',''
  ) );
#1765 = PCURVE('',#1568,#1766);
#1766 = DEFINITIONAL_REPRESENTATION('',(#1767),#1771);
#1767 = LINE('',#1768,#1769);
#1768 = CARTESIAN_POINT('',(0.,62.));
#1769 = VECTOR('',#1770,1.);
#1770 = DIRECTION('',(1.,0.));
#1771 = ( GEOMETRIC_REPRESENTATION_CONTEXT(2) 
PARAMETRIC_REPRESENTATION_CONTEXT() REPRESENTATION_CONTEXT('2D SPACE',''
  ) );
#1772 = ORIENTED_EDGE('',*,*,#1636,.F.);
#1773 = ADVANCED_FACE('',(#1774),#1514,.F.);
#1774 = FACE_BOUND('',#1775,.F.);
#1775 = EDGE_LOOP('',(#1776,#1777,#1778,#1779));
#1776 = ORIENTED_EDGE('',*,*,#1498,.F.);
#1777 = ORIENTED_EDGE('',*,*,#1683,.T.);
#1778 = ORIENTED_EDGE('',*,*,#1613,.T.);
#1779 = ORIENTED_EDGE('',*,*,#1730,.F.);
#1780 = ADVANCED_FACE('',(#1781),#1568,.T.);
#1781 = FACE_BOUND('',#1782,.T.);
#1782 = EDGE_LOOP('',(#1783,#1784,#1785,#1786));
#1783 = ORIENTED_EDGE('',*,*,#1554,.F.);
#1784 = ORIENTED_EDGE('',*,*,#1705,.T.);
#1785 = ORIENTED_EDGE('',*,*,#1659,.T.);
#1786 = ORIENTED_EDGE('',*,*,#1752,.F.);
#1787 = MANIFOLD_SOLID_BREP('',#1788);
#1788 = CLOSED_SHELL('',(#1789,#1909,#2097,#2252,#2403,#2430,#2879,#2928
    ,#2977,#3639,#3833,#4111,#4160,#4381,#4408,#4457,#4484,#4491,#4540,
    #4589,#4616,#4665,#4714,#4741,#4748,#4824,#4873,#4922,#4949,#4998,
    #5047,#5054,#5081,#5088,#5114,#5142,#5147,#5173,#5201,#5206,#5282,
    #5331,#5380,#5407,#5414,#5490,#5539,#5588,#5615,#5880,#5935,#5967,
    #6001,#6056,#6088,#6122,#6129,#6136,#6143,#6150));
#1789 = ADVANCED_FACE('',(#1790),#1804,.F.);
#1790 = FACE_BOUND('',#1791,.F.);
#1791 = EDGE_LOOP('',(#1792,#1827,#1855,#1883));
#1792 = ORIENTED_EDGE('',*,*,#1793,.F.);
#1793 = EDGE_CURVE('',#1794,#1796,#1798,.T.);
#1794 = VERTEX_POINT('',#1795);
#1795 = CARTESIAN_POINT('',(542.71473799282,-52.,384.37276546436));
#1796 = VERTEX_POINT('',#1797);
#1797 = CARTESIAN_POINT('',(490.57291954765,-52.,462.58549313211));
#1798 = SURFACE_CURVE('',#1799,(#1803,#1815),.PCURVE_S1.);
#1799 = LINE('',#1800,#1801);
#1800 = CARTESIAN_POINT('',(542.71473799282,-52.,384.37276546436));
#1801 = VECTOR('',#1802,1.);
#1802 = DIRECTION('',(-0.554700196225,0.,0.832050294338));
#1803 = PCURVE('',#1804,#1809);
#1804 = PLANE('',#1805);
#1805 = AXIS2_PLACEMENT_3D('',#1806,#1807,#1808);
#1806 = CARTESIAN_POINT('',(542.71473799282,-52.,384.37276546436));
#1807 = DIRECTION('',(0.832050294338,0.,0.554700196225));
#1808 = DIRECTION('',(-0.554700196225,0.,0.832050294338));
#1809 = DEFINITIONAL_REPRESENTATION('',(#1810),#1814);
#1810 = LINE('',#1811,#1812);
#1811 = CARTESIAN_POINT('',(0.,0.));
#1812 = VECTOR('',#1813,1.);
#1813 = DIRECTION('',(1.,0.));
#1814 = ( GEOMETRIC_REPRESENTATION_CONTEXT(2) 
PARAMETRIC_REPRESENTATION_CONTEXT() REPRESENTATION_CONTEXT('2D SPACE',''
  ) );
#1815 = PCURVE('',#1816,#1821);
#1816 = PLANE('',#1817);
#1817 = AXIS2_PLACEMENT_3D('',#1818,#1819,#1820);
#1818 = CARTESIAN_POINT('',(542.71473799282,-52.,384.37276546436));
#1819 = DIRECTION('',(-0.,1.,0.));
#1820 = DIRECTION('',(-0.554700196225,0.,0.832050294338));
#1821 = DEFINITIONAL_REPRESENTATION('',(#1822),#1826);
#1822 = LINE('',#1823,#1824);
#1823 = CARTESIAN_POINT('',(0.,0.));
#1824 = VECTOR('',#1825,1.);
#1825 = DIRECTION('',(1.,0.));
#1826 = ( GEOMETRIC_REPRESENTATION_CONTEXT(2) 
PARAMETRIC_REPRESENTATION_CONTEXT() REPRESENTATION_CONTEXT('2D SPACE',''
  ) );
#1827 = ORIENTED_EDGE('',*,*,#1828,.T.);
#1828 = EDGE_CURVE('',#1794,#1829,#1831,.T.);
#1829 = VERTEX_POINT('',#1830);
#1830 = CARTESIAN_POINT('',(542.71473799282,52.,384.37276546436));
#1831 = SURFACE_CURVE('',#1832,(#1836,#1843),.PCURVE_S1.);
#1832 = LINE('',#1833,#1834);
#1833 = CARTESIAN_POINT('',(542.71473799282,-52.,384.37276546436));
#1834 = VECTOR('',#1835,1.);
#1835 = DIRECTION('',(-0.,1.,0.));
#1836 = PCURVE('',#1804,#1837);
#1837 = DEFINITIONAL_REPRESENTATION('',(#1838),#1842);
#1838 = LINE('',#1839,#1840);
#1839 = CARTESIAN_POINT('',(0.,0.));
#1840 = VECTOR('',#1841,1.);
#1841 = DIRECTION('',(0.,-1.));
#1842 = ( GEOMETRIC_REPRESENTATION_CONTEXT(2) 
PARAMETRIC_REPRESENTATION_CONTEXT() REPRESENTATION_CONTEXT('2D SPACE',''
  ) );
#1843 = PCURVE('',#1844,#1849);
#1844 = PLANE('',#1845);
#1845 = AXIS2_PLACEMENT_3D('',#1846,#1847,#1848);
#1846 = CARTESIAN_POINT('',(542.71473799282,-52.,384.37276546436));
#1847 = DIRECTION('',(-0.554700196225,0.,0.832050294338));
#1848 = DIRECTION('',(0.832050294338,0.,0.554700196225));
#1849 = DEFINITIONAL_REPRESENTATION('',(#1850),#1854);
#1850 = LINE('',#1851,#1852);
#1851 = CARTESIAN_POINT('',(0.,0.));
#1852 = VECTOR('',#1853,1.);
#1853 = DIRECTION('',(0.,1.));
#1854 = ( GEOMETRIC_REPRESENTATION_CONTEXT(2) 
PARAMETRIC_REPRESENTATION_CONTEXT() REPRESENTATION_CONTEXT('2D SPACE',''
  ) );
#1855 = ORIENTED_EDGE('',*,*,#1856,.F.);
#1856 = EDGE_CURVE('',#1857,#1829,#1859,.T.);
#1857 = VERTEX_POINT('',#1858);
#1858 = CARTESIAN_POINT('',(490.57291954765,52.,462.58549313211));
#1859 = SURFACE_CURVE('',#1860,(#1864,#1871),.PCURVE_S1.);
#1860 = LINE('',#1861,#1862);
#1861 = CARTESIAN_POINT('',(490.57291954765,52.,462.58549313211));
#1862 = VECTOR('',#1863,1.);
#1863 = DIRECTION('',(0.554700196225,0.,-0.832050294338));
#1864 = PCURVE('',#1804,#1865);
#1865 = DEFINITIONAL_REPRESENTATION('',(#1866),#1870);
#1866 = LINE('',#1867,#1868);
#1867 = CARTESIAN_POINT('',(94.,-104.));
#1868 = VECTOR('',#1869,1.);
#1869 = DIRECTION('',(-1.,0.));
#1870 = ( GEOMETRIC_REPRESENTATION_CONTEXT(2) 
PARAMETRIC_REPRESENTATION_CONTEXT() REPRESENTATION_CONTEXT('2D SPACE',''
  ) );
#1871 = PCURVE('',#1872,#1877);
#1872 = PLANE('',#1873);
#1873 = AXIS2_PLACEMENT_3D('',#1874,#1875,#1876);
#1874 = CARTESIAN_POINT('',(542.71473799282,52.,384.37276546436));
#1875 = DIRECTION('',(-0.,1.,0.));
#1876 = DIRECTION('',(-0.554700196225,0.,0.832050294338));
#1877 = DEFINITIONAL_REPRESENTATION('',(#1878),#1882);
#1878 = LINE('',#1879,#1880);
#1879 = CARTESIAN_POINT('',(94.,0.));
#1880 = VECTOR('',#1881,1.);
#1881 = DIRECTION('',(-1.,0.));
#1882 = ( GEOMETRIC_REPRESENTATION_CONTEXT(2) 
PARAMETRIC_REPRESENTATION_CONTEXT() REPRESENTATION_CONTEXT('2D SPACE',''
  ) );
#1883 = ORIENTED_EDGE('',*,*,#1884,.F.);
#1884 = EDGE_CURVE('',#1796,#1857,#1885,.T.);
#1885 = SURFACE_CURVE('',#1886,(#1890,#1897),.PCURVE_S1.);
#1886 = LINE('',#1887,#1888);
#1887 = CARTESIAN_POINT('',(490.57291954765,-52.,462.58549313211));
#1888 = VECTOR('',#1889,1.);
#1889 = DIRECTION('',(-0.,1.,0.));
#1890 = PCURVE('',#1804,#1891);
#1891 = DEFINITIONAL_REPRESENTATION('',(#1892),#1896);
#1892 = LINE('',#1893,#1894);
#1893 = CARTESIAN_POINT('',(94.,0.));
#1894 = VECTOR('',#1895,1.);
#1895 = DIRECTION('',(0.,-1.));
#1896 = ( GEOMETRIC_REPRESENTATION_CONTEXT(2) 
PARAMETRIC_REPRESENTATION_CONTEXT() REPRESENTATION_CONTEXT('2D SPACE',''
  ) );
#1897 = PCURVE('',#1898,#1903);
#1898 = PLANE('',#1899);
#1899 = AXIS2_PLACEMENT_3D('',#1900,#1901,#1902);
#1900 = CARTESIAN_POINT('',(490.57291954765,-52.,462.58549313211));
#1901 = DIRECTION('',(-0.554700196225,0.,0.832050294338));
#1902 = DIRECTION('',(0.832050294338,0.,0.554700196225));
#1903 = DEFINITIONAL_REPRESENTATION('',(#1904),#1908);
#1904 = LINE('',#1905,#1906);
#1905 = CARTESIAN_POINT('',(0.,0.));
#1906 = VECTOR('',#1907,1.);
#1907 = DIRECTION('',(0.,1.));
#1908 = ( GEOMETRIC_REPRESENTATION_CONTEXT(2) 
PARAMETRIC_REPRESENTATION_CONTEXT() REPRESENTATION_CONTEXT('2D SPACE',''
  ) );
#1909 = ADVANCED_FACE('',(#1910),#1816,.F.);
#1910 = FACE_BOUND('',#1911,.F.);
#1911 = EDGE_LOOP('',(#1912,#1935,#1936,#1959,#1987,#2015,#2043,#2071));
#1912 = ORIENTED_EDGE('',*,*,#1913,.F.);
#1913 = EDGE_CURVE('',#1794,#1914,#1916,.T.);
#1914 = VERTEX_POINT('',#1915);
#1915 = CARTESIAN_POINT('',(875.53485572796,-52.,606.25284395445));
#1916 = SURFACE_CURVE('',#1917,(#1921,#1928),.PCURVE_S1.);
#1917 = LINE('',#1918,#1919);
#1918 = CARTESIAN_POINT('',(542.71473799282,-52.,384.37276546436));
#1919 = VECTOR('',#1920,1.);
#1920 = DIRECTION('',(0.832050294338,0.,0.554700196225));
#1921 = PCURVE('',#1816,#1922);
#1922 = DEFINITIONAL_REPRESENTATION('',(#1923),#1927);
#1923 = LINE('',#1924,#1925);
#1924 = CARTESIAN_POINT('',(0.,0.));
#1925 = VECTOR('',#1926,1.);
#1926 = DIRECTION('',(0.,1.));
#1927 = ( GEOMETRIC_REPRESENTATION_CONTEXT(2) 
PARAMETRIC_REPRESENTATION_CONTEXT() REPRESENTATION_CONTEXT('2D SPACE',''
  ) );
#1928 = PCURVE('',#1844,#1929);
#1929 = DEFINITIONAL_REPRESENTATION('',(#1930),#1934);
#1930 = LINE('',#1931,#1932);
#1931 = CARTESIAN_POINT('',(0.,0.));
#1932 = VECTOR('',#1933,1.);
#1933 = DIRECTION('',(1.,0.));
#1934 = ( GEOMETRIC_REPRESENTATION_CONTEXT(2) 
PARAMETRIC_REPRESENTATION_CONTEXT() REPRESENTATION_CONTEXT('2D SPACE',''
  ) );
#1935 = ORIENTED_EDGE('',*,*,#1793,.T.);
#1936 = ORIENTED_EDGE('',*,*,#1937,.T.);
#1937 = EDGE_CURVE('',#1796,#1938,#1940,.T.);
#1938 = VERTEX_POINT('',#1939);
#1939 = CARTESIAN_POINT('',(515.53442837779,-52.,479.22649901887));
#1940 = SURFACE_CURVE('',#1941,(#1945,#1952),.PCURVE_S1.);
#1941 = LINE('',#1942,#1943);
#1942 = CARTESIAN_POINT('',(490.57291954765,-52.,462.58549313211));
#1943 = VECTOR('',#1944,1.);
#1944 = DIRECTION('',(0.832050294338,0.,0.554700196225));
#1945 = PCURVE('',#1816,#1946);
#1946 = DEFINITIONAL_REPRESENTATION('',(#1947),#1951);
#1947 = LINE('',#1948,#1949);
#1948 = CARTESIAN_POINT('',(94.,0.));
#1949 = VECTOR('',#1950,1.);
#1950 = DIRECTION('',(0.,1.));
#1951 = ( GEOMETRIC_REPRESENTATION_CONTEXT(2) 
PARAMETRIC_REPRESENTATION_CONTEXT() REPRESENTATION_CONTEXT('2D SPACE',''
  ) );
#1952 = PCURVE('',#1898,#1953);
#1953 = DEFINITIONAL_REPRESENTATION('',(#1954),#1958);
#1954 = LINE('',#1955,#1956);
#1955 = CARTESIAN_POINT('',(0.,0.));
#1956 = VECTOR('',#1957,1.);
#1957 = DIRECTION('',(1.,0.));
#1958 = ( GEOMETRIC_REPRESENTATION_CONTEXT(2) 
PARAMETRIC_REPRESENTATION_CONTEXT() REPRESENTATION_CONTEXT('2D SPACE',''
  ) );
#1959 = ORIENTED_EDGE('',*,*,#1960,.F.);
#1960 = EDGE_CURVE('',#1961,#1938,#1963,.T.);
#1961 = VERTEX_POINT('',#1962);
#1962 = CARTESIAN_POINT('',(537.7224362268,-52.,445.94448724536));
#1963 = SURFACE_CURVE('',#1964,(#1968,#1975),.PCURVE_S1.);
#1964 = LINE('',#1965,#1966);
#1965 = CARTESIAN_POINT('',(565.45744603806,-52.,404.34197252846));
#1966 = VECTOR('',#1967,1.);
#1967 = DIRECTION('',(-0.554700196225,0.,0.832050294338));
#1968 = PCURVE('',#1816,#1969);
#1969 = DEFINITIONAL_REPRESENTATION('',(#1970),#1974);
#1970 = LINE('',#1971,#1972);
#1971 = CARTESIAN_POINT('',(4.,30.));
#1972 = VECTOR('',#1973,1.);
#1973 = DIRECTION('',(1.,0.));
#1974 = ( GEOMETRIC_REPRESENTATION_CONTEXT(2) 
PARAMETRIC_REPRESENTATION_CONTEXT() REPRESENTATION_CONTEXT('2D SPACE',''
  ) );
#1975 = PCURVE('',#1976,#1981);
#1976 = PLANE('',#1977);
#1977 = AXIS2_PLACEMENT_3D('',#1978,#1979,#1980);
#1978 = CARTESIAN_POINT('',(565.45744603806,-52.,404.34197252846));
#1979 = DIRECTION('',(0.832050294338,0.,0.554700196225));
#1980 = DIRECTION('',(-0.554700196225,0.,0.832050294338));
#1981 = DEFINITIONAL_REPRESENTATION('',(#1982),#1986);
#1982 = LINE('',#1983,#1984);
#1983 = CARTESIAN_POINT('',(0.,0.));
#1984 = VECTOR('',#1985,1.);
#1985 = DIRECTION('',(1.,0.));
#1986 = ( GEOMETRIC_REPRESENTATION_CONTEXT(2) 
PARAMETRIC_REPRESENTATION_CONTEXT() REPRESENTATION_CONTEXT('2D SPACE',''
  ) );
#1987 = ORIENTED_EDGE('',*,*,#1988,.T.);
#1988 = EDGE_CURVE('',#1961,#1989,#1991,.T.);
#1989 = VERTEX_POINT('',#1990);
#1990 = CARTESIAN_POINT('',(637.56847154734,-52.,512.50851079238));
#1991 = SURFACE_CURVE('',#1992,(#1996,#2003),.PCURVE_S1.);
#1992 = LINE('',#1993,#1994);
#1993 = CARTESIAN_POINT('',(537.7224362268,-52.,445.94448724536));
#1994 = VECTOR('',#1995,1.);
#1995 = DIRECTION('',(0.832050294338,0.,0.554700196225));
#1996 = PCURVE('',#1816,#1997);
#1997 = DEFINITIONAL_REPRESENTATION('',(#1998),#2002);
#1998 = LINE('',#1999,#2000);
#1999 = CARTESIAN_POINT('',(54.,30.));
#2000 = VECTOR('',#2001,1.);
#2001 = DIRECTION('',(0.,1.));
#2002 = ( GEOMETRIC_REPRESENTATION_CONTEXT(2) 
PARAMETRIC_REPRESENTATION_CONTEXT() REPRESENTATION_CONTEXT('2D SPACE',''
  ) );
#2003 = PCURVE('',#2004,#2009);
#2004 = PLANE('',#2005);
#2005 = AXIS2_PLACEMENT_3D('',#2006,#2007,#2008);
#2006 = CARTESIAN_POINT('',(537.7224362268,-52.,445.94448724536));
#2007 = DIRECTION('',(-0.554700196225,0.,0.832050294338));
#2008 = DIRECTION('',(0.832050294338,0.,0.554700196225));
#2009 = DEFINITIONAL_REPRESENTATION('',(#2010),#2014);
#2010 = LINE('',#2011,#2012);
#2011 = CARTESIAN_POINT('',(0.,0.));
#2012 = VECTOR('',#2013,1.);
#2013 = DIRECTION('',(1.,0.));
#2014 = ( GEOMETRIC_REPRESENTATION_CONTEXT(2) 
PARAMETRIC_REPRESENTATION_CONTEXT() REPRESENTATION_CONTEXT('2D SPACE',''
  ) );
#2015 = ORIENTED_EDGE('',*,*,#2016,.F.);
#2016 = EDGE_CURVE('',#2017,#1989,#2019,.T.);
#2017 = VERTEX_POINT('',#2018);
#2018 = CARTESIAN_POINT('',(665.3034813586,-52.,470.90599607549));
#2019 = SURFACE_CURVE('',#2020,(#2024,#2031),.PCURVE_S1.);
#2020 = LINE('',#2021,#2022);
#2021 = CARTESIAN_POINT('',(665.3034813586,-52.,470.90599607549));
#2022 = VECTOR('',#2023,1.);
#2023 = DIRECTION('',(-0.554700196225,0.,0.832050294338));
#2024 = PCURVE('',#1816,#2025);
#2025 = DEFINITIONAL_REPRESENTATION('',(#2026),#2030);
#2026 = LINE('',#2027,#2028);
#2027 = CARTESIAN_POINT('',(4.,150.));
#2028 = VECTOR('',#2029,1.);
#2029 = DIRECTION('',(1.,0.));
#2030 = ( GEOMETRIC_REPRESENTATION_CONTEXT(2) 
PARAMETRIC_REPRESENTATION_CONTEXT() REPRESENTATION_CONTEXT('2D SPACE',''
  ) );
#2031 = PCURVE('',#2032,#2037);
#2032 = PLANE('',#2033);
#2033 = AXIS2_PLACEMENT_3D('',#2034,#2035,#2036);
#2034 = CARTESIAN_POINT('',(665.3034813586,-52.,470.90599607549));
#2035 = DIRECTION('',(0.832050294338,0.,0.554700196225));
#2036 = DIRECTION('',(-0.554700196225,0.,0.832050294338));
#2037 = DEFINITIONAL_REPRESENTATION('',(#2038),#2042);
#2038 = LINE('',#2039,#2040);
#2039 = CARTESIAN_POINT('',(0.,0.));
#2040 = VECTOR('',#2041,1.);
#2041 = DIRECTION('',(1.,0.));
#2042 = ( GEOMETRIC_REPRESENTATION_CONTEXT(2) 
PARAMETRIC_REPRESENTATION_CONTEXT() REPRESENTATION_CONTEXT('2D SPACE',''
  ) );
#2043 = ORIENTED_EDGE('',*,*,#2044,.T.);
#2044 = EDGE_CURVE('',#2017,#2045,#2047,.T.);
#2045 = VERTEX_POINT('',#2046);
#2046 = CARTESIAN_POINT('',(873.31605494306,-52.,609.5810451318));
#2047 = SURFACE_CURVE('',#2048,(#2052,#2059),.PCURVE_S1.);
#2048 = LINE('',#2049,#2050);
#2049 = CARTESIAN_POINT('',(540.49593720792,-52.,387.70096664171));
#2050 = VECTOR('',#2051,1.);
#2051 = DIRECTION('',(0.832050294338,0.,0.554700196225));
#2052 = PCURVE('',#1816,#2053);
#2053 = DEFINITIONAL_REPRESENTATION('',(#2054),#2058);
#2054 = LINE('',#2055,#2056);
#2055 = CARTESIAN_POINT('',(4.,0.));
#2056 = VECTOR('',#2057,1.);
#2057 = DIRECTION('',(0.,1.));
#2058 = ( GEOMETRIC_REPRESENTATION_CONTEXT(2) 
PARAMETRIC_REPRESENTATION_CONTEXT() REPRESENTATION_CONTEXT('2D SPACE',''
  ) );
#2059 = PCURVE('',#2060,#2065);
#2060 = PLANE('',#2061);
#2061 = AXIS2_PLACEMENT_3D('',#2062,#2063,#2064);
#2062 = CARTESIAN_POINT('',(540.49593720792,-52.,387.70096664171));
#2063 = DIRECTION('',(-0.554700196225,0.,0.832050294338));
#2064 = DIRECTION('',(0.832050294338,0.,0.554700196225));
#2065 = DEFINITIONAL_REPRESENTATION('',(#2066),#2070);
#2066 = LINE('',#2067,#2068);
#2067 = CARTESIAN_POINT('',(0.,0.));
#2068 = VECTOR('',#2069,1.);
#2069 = DIRECTION('',(1.,0.));
#2070 = ( GEOMETRIC_REPRESENTATION_CONTEXT(2) 
PARAMETRIC_REPRESENTATION_CONTEXT() REPRESENTATION_CONTEXT('2D SPACE',''
  ) );
#2071 = ORIENTED_EDGE('',*,*,#2072,.F.);
#2072 = EDGE_CURVE('',#1914,#2045,#2073,.T.);
#2073 = SURFACE_CURVE('',#2074,(#2078,#2085),.PCURVE_S1.);
#2074 = LINE('',#2075,#2076);
#2075 = CARTESIAN_POINT('',(875.53485572796,-52.,606.25284395445));
#2076 = VECTOR('',#2077,1.);
#2077 = DIRECTION('',(-0.554700196225,0.,0.832050294338));
#2078 = PCURVE('',#1816,#2079);
#2079 = DEFINITIONAL_REPRESENTATION('',(#2080),#2084);
#2080 = LINE('',#2081,#2082);
#2081 = CARTESIAN_POINT('',(0.,400.));
#2082 = VECTOR('',#2083,1.);
#2083 = DIRECTION('',(1.,0.));
#2084 = ( GEOMETRIC_REPRESENTATION_CONTEXT(2) 
PARAMETRIC_REPRESENTATION_CONTEXT() REPRESENTATION_CONTEXT('2D SPACE',''
  ) );
#2085 = PCURVE('',#2086,#2091);
#2086 = PLANE('',#2087);
#2087 = AXIS2_PLACEMENT_3D('',#2088,#2089,#2090);
#2088 = CARTESIAN_POINT('',(875.53485572796,-52.,606.25284395445));
#2089 = DIRECTION('',(0.832050294338,0.,0.554700196225));
#2090 = DIRECTION('',(-0.554700196225,0.,0.832050294338));
#2091 = DEFINITIONAL_REPRESENTATION('',(#2092),#2096);
#2092 = LINE('',#2093,#2094);
#2093 = CARTESIAN_POINT('',(0.,0.));
#2094 = VECTOR('',#2095,1.);
#2095 = DIRECTION('',(1.,0.));
#2096 = ( GEOMETRIC_REPRESENTATION_CONTEXT(2) 
PARAMETRIC_REPRESENTATION_CONTEXT() REPRESENTATION_CONTEXT('2D SPACE',''
  ) );
#2097 = ADVANCED_FACE('',(#2098,#2146),#1844,.F.);
#2098 = FACE_BOUND('',#2099,.F.);
#2099 = EDGE_LOOP('',(#2100,#2101,#2102,#2125));
#2100 = ORIENTED_EDGE('',*,*,#1828,.F.);
#2101 = ORIENTED_EDGE('',*,*,#1913,.T.);
#2102 = ORIENTED_EDGE('',*,*,#2103,.T.);
#2103 = EDGE_CURVE('',#1914,#2104,#2106,.T.);
#2104 = VERTEX_POINT('',#2105);
#2105 = CARTESIAN_POINT('',(875.53485572796,52.,606.25284395445));
#2106 = SURFACE_CURVE('',#2107,(#2111,#2118),.PCURVE_S1.);
#2107 = LINE('',#2108,#2109);
#2108 = CARTESIAN_POINT('',(875.53485572796,-52.,606.25284395445));
#2109 = VECTOR('',#2110,1.);
#2110 = DIRECTION('',(-0.,1.,0.));
#2111 = PCURVE('',#1844,#2112);
#2112 = DEFINITIONAL_REPRESENTATION('',(#2113),#2117);
#2113 = LINE('',#2114,#2115);
#2114 = CARTESIAN_POINT('',(400.,0.));
#2115 = VECTOR('',#2116,1.);
#2116 = DIRECTION('',(0.,1.));
#2117 = ( GEOMETRIC_REPRESENTATION_CONTEXT(2) 
PARAMETRIC_REPRESENTATION_CONTEXT() REPRESENTATION_CONTEXT('2D SPACE',''
  ) );
#2118 = PCURVE('',#2086,#2119);
#2119 = DEFINITIONAL_REPRESENTATION('',(#2120),#2124);
#2120 = LINE('',#2121,#2122);
#2121 = CARTESIAN_POINT('',(0.,0.));
#2122 = VECTOR('',#2123,1.);
#2123 = DIRECTION('',(0.,-1.));
#2124 = ( GEOMETRIC_REPRESENTATION_CONTEXT(2) 
PARAMETRIC_REPRESENTATION_CONTEXT() REPRESENTATION_CONTEXT('2D SPACE',''
  ) );
#2125 = ORIENTED_EDGE('',*,*,#2126,.F.);
#2126 = EDGE_CURVE('',#1829,#2104,#2127,.T.);
#2127 = SURFACE_CURVE('',#2128,(#2132,#2139),.PCURVE_S1.);
#2128 = LINE('',#2129,#2130);
#2129 = CARTESIAN_POINT('',(542.71473799282,52.,384.37276546436));
#2130 = VECTOR('',#2131,1.);
#2131 = DIRECTION('',(0.832050294338,0.,0.554700196225));
#2132 = PCURVE('',#1844,#2133);
#2133 = DEFINITIONAL_REPRESENTATION('',(#2134),#2138);
#2134 = LINE('',#2135,#2136);
#2135 = CARTESIAN_POINT('',(0.,104.));
#2136 = VECTOR('',#2137,1.);
#2137 = DIRECTION('',(1.,0.));
#2138 = ( GEOMETRIC_REPRESENTATION_CONTEXT(2) 
PARAMETRIC_REPRESENTATION_CONTEXT() REPRESENTATION_CONTEXT('2D SPACE',''
  ) );
#2139 = PCURVE('',#1872,#2140);
#2140 = DEFINITIONAL_REPRESENTATION('',(#2141),#2145);
#2141 = LINE('',#2142,#2143);
#2142 = CARTESIAN_POINT('',(0.,0.));
#2143 = VECTOR('',#2144,1.);
#2144 = DIRECTION('',(0.,1.));
#2145 = ( GEOMETRIC_REPRESENTATION_CONTEXT(2) 
PARAMETRIC_REPRESENTATION_CONTEXT() REPRESENTATION_CONTEXT('2D SPACE',''
  ) );
#2146 = FACE_BOUND('',#2147,.F.);
#2147 = EDGE_LOOP('',(#2148,#2176,#2202,#2228));
#2148 = ORIENTED_EDGE('',*,*,#2149,.T.);
#2149 = EDGE_CURVE('',#2150,#2152,#2154,.T.);
#2150 = VERTEX_POINT('',#2151);
#2151 = CARTESIAN_POINT('',(867.21435278458,-15.,600.70584199219));
#2152 = VERTEX_POINT('',#2153);
#2153 = CARTESIAN_POINT('',(551.0352409362,-15.,389.91976742661));
#2154 = SURFACE_CURVE('',#2155,(#2159,#2165),.PCURVE_S1.);
#2155 = LINE('',#2156,#2157);
#2156 = CARTESIAN_POINT('',(546.87498946451,-15.,387.14626644548));
#2157 = VECTOR('',#2158,1.);
#2158 = DIRECTION('',(-0.832050294338,-0.,-0.554700196225));
#2159 = PCURVE('',#1844,#2160);
#2160 = DEFINITIONAL_REPRESENTATION('',(#2161),#2164);
#2161 = B_SPLINE_CURVE_WITH_KNOTS('',1,(#2162,#2163),.UNSPECIFIED.,.F.,
  .F.,(2,2),(-385.,-5.),.PIECEWISE_BEZIER_KNOTS.);
#2162 = CARTESIAN_POINT('',(390.,37.));
#2163 = CARTESIAN_POINT('',(10.,37.));
#2164 = ( GEOMETRIC_REPRESENTATION_CONTEXT(2) 
PARAMETRIC_REPRESENTATION_CONTEXT() REPRESENTATION_CONTEXT('2D SPACE',''
  ) );
#2165 = PCURVE('',#2166,#2171);
#2166 = PLANE('',#2167);
#2167 = AXIS2_PLACEMENT_3D('',#2168,#2169,#2170);
#2168 = CARTESIAN_POINT('',(554.36344211355,-15.,384.92746566058));
#2169 = DIRECTION('',(-0.,1.,0.));
#2170 = DIRECTION('',(-0.554700196225,0.,0.832050294338));
#2171 = DEFINITIONAL_REPRESENTATION('',(#2172),#2175);
#2172 = B_SPLINE_CURVE_WITH_KNOTS('',1,(#2173,#2174),.UNSPECIFIED.,.F.,
  .F.,(2,2),(-385.,-5.),.PIECEWISE_BEZIER_KNOTS.);
#2173 = CARTESIAN_POINT('',(6.,380.));
#2174 = CARTESIAN_POINT('',(6.,0.));
#2175 = ( GEOMETRIC_REPRESENTATION_CONTEXT(2) 
PARAMETRIC_REPRESENTATION_CONTEXT() REPRESENTATION_CONTEXT('2D SPACE',''
  ) );
#2176 = ORIENTED_EDGE('',*,*,#2177,.T.);
#2177 = EDGE_CURVE('',#2152,#2178,#2180,.T.);
#2178 = VERTEX_POINT('',#2179);
#2179 = CARTESIAN_POINT('',(551.0352409362,15.,389.91976742661));
#2180 = SURFACE_CURVE('',#2181,(#2185,#2191),.PCURVE_S1.);
#2181 = LINE('',#2182,#2183);
#2182 = CARTESIAN_POINT('',(551.0352409362,-33.5,389.91976742661));
#2183 = VECTOR('',#2184,1.);
#2184 = DIRECTION('',(-0.,1.,0.));
#2185 = PCURVE('',#1844,#2186);
#2186 = DEFINITIONAL_REPRESENTATION('',(#2187),#2190);
#2187 = B_SPLINE_CURVE_WITH_KNOTS('',1,(#2188,#2189),.UNSPECIFIED.,.F.,
  .F.,(2,2),(18.5,48.5),.PIECEWISE_BEZIER_KNOTS.);
#2188 = CARTESIAN_POINT('',(10.,37.));
#2189 = CARTESIAN_POINT('',(10.,67.));
#2190 = ( GEOMETRIC_REPRESENTATION_CONTEXT(2) 
PARAMETRIC_REPRESENTATION_CONTEXT() REPRESENTATION_CONTEXT('2D SPACE',''
  ) );
#2191 = PCURVE('',#2192,#2197);
#2192 = PLANE('',#2193);
#2193 = AXIS2_PLACEMENT_3D('',#2194,#2195,#2196);
#2194 = CARTESIAN_POINT('',(554.36344211355,-15.,384.92746566058));
#2195 = DIRECTION('',(0.832050294338,0.,0.554700196225));
#2196 = DIRECTION('',(-0.554700196225,0.,0.832050294338));
#2197 = DEFINITIONAL_REPRESENTATION('',(#2198),#2201);
#2198 = B_SPLINE_CURVE_WITH_KNOTS('',1,(#2199,#2200),.UNSPECIFIED.,.F.,
  .F.,(2,2),(18.5,48.5),.PIECEWISE_BEZIER_KNOTS.);
#2199 = CARTESIAN_POINT('',(6.,0.));
#2200 = CARTESIAN_POINT('',(6.,-30.));
#2201 = ( GEOMETRIC_REPRESENTATION_CONTEXT(2) 
PARAMETRIC_REPRESENTATION_CONTEXT() REPRESENTATION_CONTEXT('2D SPACE',''
  ) );
#2202 = ORIENTED_EDGE('',*,*,#2203,.F.);
#2203 = EDGE_CURVE('',#2204,#2178,#2206,.T.);
#2204 = VERTEX_POINT('',#2205);
#2205 = CARTESIAN_POINT('',(867.21435278458,15.,600.70584199219));
#2206 = SURFACE_CURVE('',#2207,(#2211,#2217),.PCURVE_S1.);
#2207 = LINE('',#2208,#2209);
#2208 = CARTESIAN_POINT('',(546.87498946451,15.,387.14626644548));
#2209 = VECTOR('',#2210,1.);
#2210 = DIRECTION('',(-0.832050294338,-0.,-0.554700196225));
#2211 = PCURVE('',#1844,#2212);
#2212 = DEFINITIONAL_REPRESENTATION('',(#2213),#2216);
#2213 = B_SPLINE_CURVE_WITH_KNOTS('',1,(#2214,#2215),.UNSPECIFIED.,.F.,
  .F.,(2,2),(-385.,-5.),.PIECEWISE_BEZIER_KNOTS.);
#2214 = CARTESIAN_POINT('',(390.,67.));
#2215 = CARTESIAN_POINT('',(10.,67.));
#2216 = ( GEOMETRIC_REPRESENTATION_CONTEXT(2) 
PARAMETRIC_REPRESENTATION_CONTEXT() REPRESENTATION_CONTEXT('2D SPACE',''
  ) );
#2217 = PCURVE('',#2218,#2223);
#2218 = PLANE('',#2219);
#2219 = AXIS2_PLACEMENT_3D('',#2220,#2221,#2222);
#2220 = CARTESIAN_POINT('',(554.36344211355,15.,384.92746566058));
#2221 = DIRECTION('',(-0.,1.,0.));
#2222 = DIRECTION('',(-0.554700196225,0.,0.832050294338));
#2223 = DEFINITIONAL_REPRESENTATION('',(#2224),#2227);
#2224 = B_SPLINE_CURVE_WITH_KNOTS('',1,(#2225,#2226),.UNSPECIFIED.,.F.,
  .F.,(2,2),(-385.,-5.),.PIECEWISE_BEZIER_KNOTS.);
#2225 = CARTESIAN_POINT('',(6.,380.));
#2226 = CARTESIAN_POINT('',(6.,0.));
#2227 = ( GEOMETRIC_REPRESENTATION_CONTEXT(2) 
PARAMETRIC_REPRESENTATION_CONTEXT() REPRESENTATION_CONTEXT('2D SPACE',''
  ) );
#2228 = ORIENTED_EDGE('',*,*,#2229,.F.);
#2229 = EDGE_CURVE('',#2150,#2204,#2230,.T.);
#2230 = SURFACE_CURVE('',#2231,(#2235,#2241),.PCURVE_S1.);
#2231 = LINE('',#2232,#2233);
#2232 = CARTESIAN_POINT('',(867.21435278458,-33.5,600.70584199219));
#2233 = VECTOR('',#2234,1.);
#2234 = DIRECTION('',(-0.,1.,0.));
#2235 = PCURVE('',#1844,#2236);
#2236 = DEFINITIONAL_REPRESENTATION('',(#2237),#2240);
#2237 = B_SPLINE_CURVE_WITH_KNOTS('',1,(#2238,#2239),.UNSPECIFIED.,.F.,
  .F.,(2,2),(18.5,48.5),.PIECEWISE_BEZIER_KNOTS.);
#2238 = CARTESIAN_POINT('',(390.,37.));
#2239 = CARTESIAN_POINT('',(390.,67.));
#2240 = ( GEOMETRIC_REPRESENTATION_CONTEXT(2) 
PARAMETRIC_REPRESENTATION_CONTEXT() REPRESENTATION_CONTEXT('2D SPACE',''
  ) );
#2241 = PCURVE('',#2242,#2247);
#2242 = PLANE('',#2243);
#2243 = AXIS2_PLACEMENT_3D('',#2244,#2245,#2246);
#2244 = CARTESIAN_POINT('',(870.54255396193,-15.,595.71354022617));
#2245 = DIRECTION('',(0.832050294338,0.,0.554700196225));
#2246 = DIRECTION('',(-0.554700196225,0.,0.832050294338));
#2247 = DEFINITIONAL_REPRESENTATION('',(#2248),#2251);
#2248 = B_SPLINE_CURVE_WITH_KNOTS('',1,(#2249,#2250),.UNSPECIFIED.,.F.,
  .F.,(2,2),(18.5,48.5),.PIECEWISE_BEZIER_KNOTS.);
#2249 = CARTESIAN_POINT('',(6.,0.));
#2250 = CARTESIAN_POINT('',(6.,-30.));
#2251 = ( GEOMETRIC_REPRESENTATION_CONTEXT(2) 
PARAMETRIC_REPRESENTATION_CONTEXT() REPRESENTATION_CONTEXT('2D SPACE',''
  ) );
#2252 = ADVANCED_FACE('',(#2253),#1872,.T.);
#2253 = FACE_BOUND('',#2254,.T.);
#2254 = EDGE_LOOP('',(#2255,#2256,#2257,#2280,#2303,#2331,#2359,#2382));
#2255 = ORIENTED_EDGE('',*,*,#2126,.F.);
#2256 = ORIENTED_EDGE('',*,*,#1856,.F.);
#2257 = ORIENTED_EDGE('',*,*,#2258,.T.);
#2258 = EDGE_CURVE('',#1857,#2259,#2261,.T.);
#2259 = VERTEX_POINT('',#2260);
#2260 = CARTESIAN_POINT('',(515.53442837779,52.,479.22649901887));
#2261 = SURFACE_CURVE('',#2262,(#2266,#2273),.PCURVE_S1.);
#2262 = LINE('',#2263,#2264);
#2263 = CARTESIAN_POINT('',(490.57291954765,52.,462.58549313211));
#2264 = VECTOR('',#2265,1.);
#2265 = DIRECTION('',(0.832050294338,0.,0.554700196225));
#2266 = PCURVE('',#1872,#2267);
#2267 = DEFINITIONAL_REPRESENTATION('',(#2268),#2272);
#2268 = LINE('',#2269,#2270);
#2269 = CARTESIAN_POINT('',(94.,0.));
#2270 = VECTOR('',#2271,1.);
#2271 = DIRECTION('',(0.,1.));
#2272 = ( GEOMETRIC_REPRESENTATION_CONTEXT(2) 
PARAMETRIC_REPRESENTATION_CONTEXT() REPRESENTATION_CONTEXT('2D SPACE',''
  ) );
#2273 = PCURVE('',#1898,#2274);
#2274 = DEFINITIONAL_REPRESENTATION('',(#2275),#2279);
#2275 = LINE('',#2276,#2277);
#2276 = CARTESIAN_POINT('',(0.,104.));
#2277 = VECTOR('',#2278,1.);
#2278 = DIRECTION('',(1.,0.));
#2279 = ( GEOMETRIC_REPRESENTATION_CONTEXT(2) 
PARAMETRIC_REPRESENTATION_CONTEXT() REPRESENTATION_CONTEXT('2D SPACE',''
  ) );
#2280 = ORIENTED_EDGE('',*,*,#2281,.F.);
#2281 = EDGE_CURVE('',#2282,#2259,#2284,.T.);
#2282 = VERTEX_POINT('',#2283);
#2283 = CARTESIAN_POINT('',(537.7224362268,52.,445.94448724536));
#2284 = SURFACE_CURVE('',#2285,(#2289,#2296),.PCURVE_S1.);
#2285 = LINE('',#2286,#2287);
#2286 = CARTESIAN_POINT('',(565.45744603806,52.,404.34197252846));
#2287 = VECTOR('',#2288,1.);
#2288 = DIRECTION('',(-0.554700196225,0.,0.832050294338));
#2289 = PCURVE('',#1872,#2290);
#2290 = DEFINITIONAL_REPRESENTATION('',(#2291),#2295);
#2291 = LINE('',#2292,#2293);
#2292 = CARTESIAN_POINT('',(4.,30.));
#2293 = VECTOR('',#2294,1.);
#2294 = DIRECTION('',(1.,0.));
#2295 = ( GEOMETRIC_REPRESENTATION_CONTEXT(2) 
PARAMETRIC_REPRESENTATION_CONTEXT() REPRESENTATION_CONTEXT('2D SPACE',''
  ) );
#2296 = PCURVE('',#1976,#2297);
#2297 = DEFINITIONAL_REPRESENTATION('',(#2298),#2302);
#2298 = LINE('',#2299,#2300);
#2299 = CARTESIAN_POINT('',(0.,-104.));
#2300 = VECTOR('',#2301,1.);
#2301 = DIRECTION('',(1.,0.));
#2302 = ( GEOMETRIC_REPRESENTATION_CONTEXT(2) 
PARAMETRIC_REPRESENTATION_CONTEXT() REPRESENTATION_CONTEXT('2D SPACE',''
  ) );
#2303 = ORIENTED_EDGE('',*,*,#2304,.T.);
#2304 = EDGE_CURVE('',#2282,#2305,#2307,.T.);
#2305 = VERTEX_POINT('',#2306);
#2306 = CARTESIAN_POINT('',(637.56847154734,52.,512.50851079238));
#2307 = SURFACE_CURVE('',#2308,(#2312,#2319),.PCURVE_S1.);
#2308 = LINE('',#2309,#2310);
#2309 = CARTESIAN_POINT('',(537.7224362268,52.,445.94448724536));
#2310 = VECTOR('',#2311,1.);
#2311 = DIRECTION('',(0.832050294338,0.,0.554700196225));
#2312 = PCURVE('',#1872,#2313);
#2313 = DEFINITIONAL_REPRESENTATION('',(#2314),#2318);
#2314 = LINE('',#2315,#2316);
#2315 = CARTESIAN_POINT('',(54.,30.));
#2316 = VECTOR('',#2317,1.);
#2317 = DIRECTION('',(0.,1.));
#2318 = ( GEOMETRIC_REPRESENTATION_CONTEXT(2) 
PARAMETRIC_REPRESENTATION_CONTEXT() REPRESENTATION_CONTEXT('2D SPACE',''
  ) );
#2319 = PCURVE('',#2320,#2325);
#2320 = PLANE('',#2321);
#2321 = AXIS2_PLACEMENT_3D('',#2322,#2323,#2324);
#2322 = CARTESIAN_POINT('',(537.7224362268,46.,445.94448724536));
#2323 = DIRECTION('',(-0.554700196225,0.,0.832050294338));
#2324 = DIRECTION('',(0.832050294338,0.,0.554700196225));
#2325 = DEFINITIONAL_REPRESENTATION('',(#2326),#2330);
#2326 = LINE('',#2327,#2328);
#2327 = CARTESIAN_POINT('',(0.,6.));
#2328 = VECTOR('',#2329,1.);
#2329 = DIRECTION('',(1.,0.));
#2330 = ( GEOMETRIC_REPRESENTATION_CONTEXT(2) 
PARAMETRIC_REPRESENTATION_CONTEXT() REPRESENTATION_CONTEXT('2D SPACE',''
  ) );
#2331 = ORIENTED_EDGE('',*,*,#2332,.F.);
#2332 = EDGE_CURVE('',#2333,#2305,#2335,.T.);
#2333 = VERTEX_POINT('',#2334);
#2334 = CARTESIAN_POINT('',(665.3034813586,52.,470.90599607549));
#2335 = SURFACE_CURVE('',#2336,(#2340,#2347),.PCURVE_S1.);
#2336 = LINE('',#2337,#2338);
#2337 = CARTESIAN_POINT('',(665.3034813586,52.,470.90599607549));
#2338 = VECTOR('',#2339,1.);
#2339 = DIRECTION('',(-0.554700196225,0.,0.832050294338));
#2340 = PCURVE('',#1872,#2341);
#2341 = DEFINITIONAL_REPRESENTATION('',(#2342),#2346);
#2342 = LINE('',#2343,#2344);
#2343 = CARTESIAN_POINT('',(4.,150.));
#2344 = VECTOR('',#2345,1.);
#2345 = DIRECTION('',(1.,0.));
#2346 = ( GEOMETRIC_REPRESENTATION_CONTEXT(2) 
PARAMETRIC_REPRESENTATION_CONTEXT() REPRESENTATION_CONTEXT('2D SPACE',''
  ) );
#2347 = PCURVE('',#2348,#2353);
#2348 = PLANE('',#2349);
#2349 = AXIS2_PLACEMENT_3D('',#2350,#2351,#2352);
#2350 = CARTESIAN_POINT('',(665.3034813586,46.,470.90599607549));
#2351 = DIRECTION('',(0.832050294338,0.,0.554700196225));
#2352 = DIRECTION('',(-0.554700196225,0.,0.832050294338));
#2353 = DEFINITIONAL_REPRESENTATION('',(#2354),#2358);
#2354 = LINE('',#2355,#2356);
#2355 = CARTESIAN_POINT('',(0.,-6.));
#2356 = VECTOR('',#2357,1.);
#2357 = DIRECTION('',(1.,0.));
#2358 = ( GEOMETRIC_REPRESENTATION_CONTEXT(2) 
PARAMETRIC_REPRESENTATION_CONTEXT() REPRESENTATION_CONTEXT('2D SPACE',''
  ) );
#2359 = ORIENTED_EDGE('',*,*,#2360,.T.);
#2360 = EDGE_CURVE('',#2333,#2361,#2363,.T.);
#2361 = VERTEX_POINT('',#2362);
#2362 = CARTESIAN_POINT('',(873.31605494306,52.,609.5810451318));
#2363 = SURFACE_CURVE('',#2364,(#2368,#2375),.PCURVE_S1.);
#2364 = LINE('',#2365,#2366);
#2365 = CARTESIAN_POINT('',(540.49593720792,52.,387.70096664171));
#2366 = VECTOR('',#2367,1.);
#2367 = DIRECTION('',(0.832050294338,0.,0.554700196225));
#2368 = PCURVE('',#1872,#2369);
#2369 = DEFINITIONAL_REPRESENTATION('',(#2370),#2374);
#2370 = LINE('',#2371,#2372);
#2371 = CARTESIAN_POINT('',(4.,0.));
#2372 = VECTOR('',#2373,1.);
#2373 = DIRECTION('',(0.,1.));
#2374 = ( GEOMETRIC_REPRESENTATION_CONTEXT(2) 
PARAMETRIC_REPRESENTATION_CONTEXT() REPRESENTATION_CONTEXT('2D SPACE',''
  ) );
#2375 = PCURVE('',#2060,#2376);
#2376 = DEFINITIONAL_REPRESENTATION('',(#2377),#2381);
#2377 = LINE('',#2378,#2379);
#2378 = CARTESIAN_POINT('',(0.,104.));
#2379 = VECTOR('',#2380,1.);
#2380 = DIRECTION('',(1.,0.));
#2381 = ( GEOMETRIC_REPRESENTATION_CONTEXT(2) 
PARAMETRIC_REPRESENTATION_CONTEXT() REPRESENTATION_CONTEXT('2D SPACE',''
  ) );
#2382 = ORIENTED_EDGE('',*,*,#2383,.F.);
#2383 = EDGE_CURVE('',#2104,#2361,#2384,.T.);
#2384 = SURFACE_CURVE('',#2385,(#2389,#2396),.PCURVE_S1.);
#2385 = LINE('',#2386,#2387);
#2386 = CARTESIAN_POINT('',(875.53485572796,52.,606.25284395445));
#2387 = VECTOR('',#2388,1.);
#2388 = DIRECTION('',(-0.554700196225,0.,0.832050294338));
#2389 = PCURVE('',#1872,#2390);
#2390 = DEFINITIONAL_REPRESENTATION('',(#2391),#2395);
#2391 = LINE('',#2392,#2393);
#2392 = CARTESIAN_POINT('',(0.,400.));
#2393 = VECTOR('',#2394,1.);
#2394 = DIRECTION('',(1.,0.));
#2395 = ( GEOMETRIC_REPRESENTATION_CONTEXT(2) 
PARAMETRIC_REPRESENTATION_CONTEXT() REPRESENTATION_CONTEXT('2D SPACE',''
  ) );
#2396 = PCURVE('',#2086,#2397);
#2397 = DEFINITIONAL_REPRESENTATION('',(#2398),#2402);
#2398 = LINE('',#2399,#2400);
#2399 = CARTESIAN_POINT('',(0.,-104.));
#2400 = VECTOR('',#2401,1.);
#2401 = DIRECTION('',(1.,0.));
#2402 = ( GEOMETRIC_REPRESENTATION_CONTEXT(2) 
PARAMETRIC_REPRESENTATION_CONTEXT() REPRESENTATION_CONTEXT('2D SPACE',''
  ) );
#2403 = ADVANCED_FACE('',(#2404),#1898,.T.);
#2404 = FACE_BOUND('',#2405,.T.);
#2405 = EDGE_LOOP('',(#2406,#2407,#2408,#2429));
#2406 = ORIENTED_EDGE('',*,*,#1884,.F.);
#2407 = ORIENTED_EDGE('',*,*,#1937,.T.);
#2408 = ORIENTED_EDGE('',*,*,#2409,.T.);
#2409 = EDGE_CURVE('',#1938,#2259,#2410,.T.);
#2410 = SURFACE_CURVE('',#2411,(#2415,#2422),.PCURVE_S1.);
#2411 = LINE('',#2412,#2413);
#2412 = CARTESIAN_POINT('',(515.53442837779,-52.,479.22649901887));
#2413 = VECTOR('',#2414,1.);
#2414 = DIRECTION('',(-0.,1.,0.));
#2415 = PCURVE('',#1898,#2416);
#2416 = DEFINITIONAL_REPRESENTATION('',(#2417),#2421);
#2417 = LINE('',#2418,#2419);
#2418 = CARTESIAN_POINT('',(30.,0.));
#2419 = VECTOR('',#2420,1.);
#2420 = DIRECTION('',(0.,1.));
#2421 = ( GEOMETRIC_REPRESENTATION_CONTEXT(2) 
PARAMETRIC_REPRESENTATION_CONTEXT() REPRESENTATION_CONTEXT('2D SPACE',''
  ) );
#2422 = PCURVE('',#1976,#2423);
#2423 = DEFINITIONAL_REPRESENTATION('',(#2424),#2428);
#2424 = LINE('',#2425,#2426);
#2425 = CARTESIAN_POINT('',(90.,0.));
#2426 = VECTOR('',#2427,1.);
#2427 = DIRECTION('',(0.,-1.));
#2428 = ( GEOMETRIC_REPRESENTATION_CONTEXT(2) 
PARAMETRIC_REPRESENTATION_CONTEXT() REPRESENTATION_CONTEXT('2D SPACE',''
  ) );
#2429 = ORIENTED_EDGE('',*,*,#2258,.F.);
#2430 = ADVANCED_FACE('',(#2431,#2773),#1976,.T.);
#2431 = FACE_BOUND('',#2432,.T.);
#2432 = EDGE_LOOP('',(#2433,#2434,#2457,#2485,#2508,#2536,#2564,#2592,
    #2615,#2643,#2671,#2699,#2722,#2750,#2771,#2772));
#2433 = ORIENTED_EDGE('',*,*,#1960,.F.);
#2434 = ORIENTED_EDGE('',*,*,#2435,.T.);
#2435 = EDGE_CURVE('',#1961,#2436,#2438,.T.);
#2436 = VERTEX_POINT('',#2437);
#2437 = CARTESIAN_POINT('',(537.7224362268,-46.,445.94448724536));
#2438 = SURFACE_CURVE('',#2439,(#2443,#2450),.PCURVE_S1.);
#2439 = LINE('',#2440,#2441);
#2440 = CARTESIAN_POINT('',(537.7224362268,-52.,445.94448724536));
#2441 = VECTOR('',#2442,1.);
#2442 = DIRECTION('',(-0.,1.,0.));
#2443 = PCURVE('',#1976,#2444);
#2444 = DEFINITIONAL_REPRESENTATION('',(#2445),#2449);
#2445 = LINE('',#2446,#2447);
#2446 = CARTESIAN_POINT('',(50.,0.));
#2447 = VECTOR('',#2448,1.);
#2448 = DIRECTION('',(0.,-1.));
#2449 = ( GEOMETRIC_REPRESENTATION_CONTEXT(2) 
PARAMETRIC_REPRESENTATION_CONTEXT() REPRESENTATION_CONTEXT('2D SPACE',''
  ) );
#2450 = PCURVE('',#2004,#2451);
#2451 = DEFINITIONAL_REPRESENTATION('',(#2452),#2456);
#2452 = LINE('',#2453,#2454);
#2453 = CARTESIAN_POINT('',(0.,0.));
#2454 = VECTOR('',#2455,1.);
#2455 = DIRECTION('',(0.,1.));
#2456 = ( GEOMETRIC_REPRESENTATION_CONTEXT(2) 
PARAMETRIC_REPRESENTATION_CONTEXT() REPRESENTATION_CONTEXT('2D SPACE',''
  ) );
#2457 = ORIENTED_EDGE('',*,*,#2458,.F.);
#2458 = EDGE_CURVE('',#2459,#2436,#2461,.T.);
#2459 = VERTEX_POINT('',#2460);
#2460 = CARTESIAN_POINT('',(565.45744603806,-46.,404.34197252846));
#2461 = SURFACE_CURVE('',#2462,(#2466,#2473),.PCURVE_S1.);
#2462 = LINE('',#2463,#2464);
#2463 = CARTESIAN_POINT('',(565.45744603806,-46.,404.34197252846));
#2464 = VECTOR('',#2465,1.);
#2465 = DIRECTION('',(-0.554700196225,0.,0.832050294338));
#2466 = PCURVE('',#1976,#2467);
#2467 = DEFINITIONAL_REPRESENTATION('',(#2468),#2472);
#2468 = LINE('',#2469,#2470);
#2469 = CARTESIAN_POINT('',(0.,-6.));
#2470 = VECTOR('',#2471,1.);
#2471 = DIRECTION('',(1.,0.));
#2472 = ( GEOMETRIC_REPRESENTATION_CONTEXT(2) 
PARAMETRIC_REPRESENTATION_CONTEXT() REPRESENTATION_CONTEXT('2D SPACE',''
  ) );
#2473 = PCURVE('',#2474,#2479);
#2474 = PLANE('',#2475);
#2475 = AXIS2_PLACEMENT_3D('',#2476,#2477,#2478);
#2476 = CARTESIAN_POINT('',(565.45744603806,-46.,404.34197252846));
#2477 = DIRECTION('',(-0.,1.,0.));
#2478 = DIRECTION('',(-0.554700196225,0.,0.832050294338));
#2479 = DEFINITIONAL_REPRESENTATION('',(#2480),#2484);
#2480 = LINE('',#2481,#2482);
#2481 = CARTESIAN_POINT('',(0.,0.));
#2482 = VECTOR('',#2483,1.);
#2483 = DIRECTION('',(1.,0.));
#2484 = ( GEOMETRIC_REPRESENTATION_CONTEXT(2) 
PARAMETRIC_REPRESENTATION_CONTEXT() REPRESENTATION_CONTEXT('2D SPACE',''
  ) );
#2485 = ORIENTED_EDGE('',*,*,#2486,.T.);
#2486 = EDGE_CURVE('',#2459,#2487,#2489,.T.);
#2487 = VERTEX_POINT('',#2488);
#2488 = CARTESIAN_POINT('',(565.45744603806,-45.,404.34197252846));
#2489 = SURFACE_CURVE('',#2490,(#2494,#2501),.PCURVE_S1.);
#2490 = LINE('',#2491,#2492);
#2491 = CARTESIAN_POINT('',(565.45744603806,-52.,404.34197252846));
#2492 = VECTOR('',#2493,1.);
#2493 = DIRECTION('',(-0.,1.,0.));
#2494 = PCURVE('',#1976,#2495);
#2495 = DEFINITIONAL_REPRESENTATION('',(#2496),#2500);
#2496 = LINE('',#2497,#2498);
#2497 = CARTESIAN_POINT('',(0.,0.));
#2498 = VECTOR('',#2499,1.);
#2499 = DIRECTION('',(0.,-1.));
#2500 = ( GEOMETRIC_REPRESENTATION_CONTEXT(2) 
PARAMETRIC_REPRESENTATION_CONTEXT() REPRESENTATION_CONTEXT('2D SPACE',''
  ) );
#2501 = PCURVE('',#2060,#2502);
#2502 = DEFINITIONAL_REPRESENTATION('',(#2503),#2507);
#2503 = LINE('',#2504,#2505);
#2504 = CARTESIAN_POINT('',(30.,0.));
#2505 = VECTOR('',#2506,1.);
#2506 = DIRECTION('',(0.,1.));
#2507 = ( GEOMETRIC_REPRESENTATION_CONTEXT(2) 
PARAMETRIC_REPRESENTATION_CONTEXT() REPRESENTATION_CONTEXT('2D SPACE',''
  ) );
#2508 = ORIENTED_EDGE('',*,*,#2509,.T.);
#2509 = EDGE_CURVE('',#2487,#2510,#2512,.T.);
#2510 = VERTEX_POINT('',#2511);
#2511 = CARTESIAN_POINT('',(558.80104368335,-45.,414.32657606052));
#2512 = SURFACE_CURVE('',#2513,(#2517,#2524),.PCURVE_S1.);
#2513 = LINE('',#2514,#2515);
#2514 = CARTESIAN_POINT('',(565.45744603806,-45.,404.34197252846));
#2515 = VECTOR('',#2516,1.);
#2516 = DIRECTION('',(-0.554700196225,0.,0.832050294338));
#2517 = PCURVE('',#1976,#2518);
#2518 = DEFINITIONAL_REPRESENTATION('',(#2519),#2523);
#2519 = LINE('',#2520,#2521);
#2520 = CARTESIAN_POINT('',(0.,-7.));
#2521 = VECTOR('',#2522,1.);
#2522 = DIRECTION('',(1.,0.));
#2523 = ( GEOMETRIC_REPRESENTATION_CONTEXT(2) 
PARAMETRIC_REPRESENTATION_CONTEXT() REPRESENTATION_CONTEXT('2D SPACE',''
  ) );
#2524 = PCURVE('',#2525,#2530);
#2525 = PLANE('',#2526);
#2526 = AXIS2_PLACEMENT_3D('',#2527,#2528,#2529);
#2527 = CARTESIAN_POINT('',(565.45744603806,-45.,404.34197252846));
#2528 = DIRECTION('',(-0.,1.,0.));
#2529 = DIRECTION('',(-0.554700196225,0.,0.832050294338));
#2530 = DEFINITIONAL_REPRESENTATION('',(#2531),#2535);
#2531 = LINE('',#2532,#2533);
#2532 = CARTESIAN_POINT('',(0.,0.));
#2533 = VECTOR('',#2534,1.);
#2534 = DIRECTION('',(1.,0.));
#2535 = ( GEOMETRIC_REPRESENTATION_CONTEXT(2) 
PARAMETRIC_REPRESENTATION_CONTEXT() REPRESENTATION_CONTEXT('2D SPACE',''
  ) );
#2536 = ORIENTED_EDGE('',*,*,#2537,.T.);
#2537 = EDGE_CURVE('',#2510,#2538,#2540,.T.);
#2538 = VERTEX_POINT('',#2539);
#2539 = CARTESIAN_POINT('',(558.80104368335,-35.,414.32657606052));
#2540 = SURFACE_CURVE('',#2541,(#2545,#2552),.PCURVE_S1.);
#2541 = LINE('',#2542,#2543);
#2542 = CARTESIAN_POINT('',(558.80104368335,-45.,414.32657606052));
#2543 = VECTOR('',#2544,1.);
#2544 = DIRECTION('',(-0.,1.,0.));
#2545 = PCURVE('',#1976,#2546);
#2546 = DEFINITIONAL_REPRESENTATION('',(#2547),#2551);
#2547 = LINE('',#2548,#2549);
#2548 = CARTESIAN_POINT('',(12.,-7.));
#2549 = VECTOR('',#2550,1.);
#2550 = DIRECTION('',(0.,-1.));
#2551 = ( GEOMETRIC_REPRESENTATION_CONTEXT(2) 
PARAMETRIC_REPRESENTATION_CONTEXT() REPRESENTATION_CONTEXT('2D SPACE',''
  ) );
#2552 = PCURVE('',#2553,#2558);
#2553 = PLANE('',#2554);
#2554 = AXIS2_PLACEMENT_3D('',#2555,#2556,#2557);
#2555 = CARTESIAN_POINT('',(558.80104368335,-45.,414.32657606052));
#2556 = DIRECTION('',(-0.554700196225,0.,0.832050294338));
#2557 = DIRECTION('',(0.832050294338,0.,0.554700196225));
#2558 = DEFINITIONAL_REPRESENTATION('',(#2559),#2563);
#2559 = LINE('',#2560,#2561);
#2560 = CARTESIAN_POINT('',(0.,0.));
#2561 = VECTOR('',#2562,1.);
#2562 = DIRECTION('',(0.,1.));
#2563 = ( GEOMETRIC_REPRESENTATION_CONTEXT(2) 
PARAMETRIC_REPRESENTATION_CONTEXT() REPRESENTATION_CONTEXT('2D SPACE',''
  ) );
#2564 = ORIENTED_EDGE('',*,*,#2565,.F.);
#2565 = EDGE_CURVE('',#2566,#2538,#2568,.T.);
#2566 = VERTEX_POINT('',#2567);
#2567 = CARTESIAN_POINT('',(565.45744603806,-35.,404.34197252846));
#2568 = SURFACE_CURVE('',#2569,(#2573,#2580),.PCURVE_S1.);
#2569 = LINE('',#2570,#2571);
#2570 = CARTESIAN_POINT('',(565.45744603806,-35.,404.34197252846));
#2571 = VECTOR('',#2572,1.);
#2572 = DIRECTION('',(-0.554700196225,0.,0.832050294338));
#2573 = PCURVE('',#1976,#2574);
#2574 = DEFINITIONAL_REPRESENTATION('',(#2575),#2579);
#2575 = LINE('',#2576,#2577);
#2576 = CARTESIAN_POINT('',(0.,-17.));
#2577 = VECTOR('',#2578,1.);
#2578 = DIRECTION('',(1.,0.));
#2579 = ( GEOMETRIC_REPRESENTATION_CONTEXT(2) 
PARAMETRIC_REPRESENTATION_CONTEXT() REPRESENTATION_CONTEXT('2D SPACE',''
  ) );
#2580 = PCURVE('',#2581,#2586);
#2581 = PLANE('',#2582);
#2582 = AXIS2_PLACEMENT_3D('',#2583,#2584,#2585);
#2583 = CARTESIAN_POINT('',(565.45744603806,-35.,404.34197252846));
#2584 = DIRECTION('',(-0.,1.,0.));
#2585 = DIRECTION('',(-0.554700196225,0.,0.832050294338));
#2586 = DEFINITIONAL_REPRESENTATION('',(#2587),#2591);
#2587 = LINE('',#2588,#2589);
#2588 = CARTESIAN_POINT('',(0.,0.));
#2589 = VECTOR('',#2590,1.);
#2590 = DIRECTION('',(1.,0.));
#2591 = ( GEOMETRIC_REPRESENTATION_CONTEXT(2) 
PARAMETRIC_REPRESENTATION_CONTEXT() REPRESENTATION_CONTEXT('2D SPACE',''
  ) );
#2592 = ORIENTED_EDGE('',*,*,#2593,.T.);
#2593 = EDGE_CURVE('',#2566,#2594,#2596,.T.);
#2594 = VERTEX_POINT('',#2595);
#2595 = CARTESIAN_POINT('',(565.45744603806,35.,404.34197252846));
#2596 = SURFACE_CURVE('',#2597,(#2601,#2608),.PCURVE_S1.);
#2597 = LINE('',#2598,#2599);
#2598 = CARTESIAN_POINT('',(565.45744603806,-52.,404.34197252846));
#2599 = VECTOR('',#2600,1.);
#2600 = DIRECTION('',(-0.,1.,0.));
#2601 = PCURVE('',#1976,#2602);
#2602 = DEFINITIONAL_REPRESENTATION('',(#2603),#2607);
#2603 = LINE('',#2604,#2605);
#2604 = CARTESIAN_POINT('',(0.,0.));
#2605 = VECTOR('',#2606,1.);
#2606 = DIRECTION('',(0.,-1.));
#2607 = ( GEOMETRIC_REPRESENTATION_CONTEXT(2) 
PARAMETRIC_REPRESENTATION_CONTEXT() REPRESENTATION_CONTEXT('2D SPACE',''
  ) );
#2608 = PCURVE('',#2060,#2609);
#2609 = DEFINITIONAL_REPRESENTATION('',(#2610),#2614);
#2610 = LINE('',#2611,#2612);
#2611 = CARTESIAN_POINT('',(30.,0.));
#2612 = VECTOR('',#2613,1.);
#2613 = DIRECTION('',(0.,1.));
#2614 = ( GEOMETRIC_REPRESENTATION_CONTEXT(2) 
PARAMETRIC_REPRESENTATION_CONTEXT() REPRESENTATION_CONTEXT('2D SPACE',''
  ) );
#2615 = ORIENTED_EDGE('',*,*,#2616,.T.);
#2616 = EDGE_CURVE('',#2594,#2617,#2619,.T.);
#2617 = VERTEX_POINT('',#2618);
#2618 = CARTESIAN_POINT('',(558.80104368335,35.,414.32657606052));
#2619 = SURFACE_CURVE('',#2620,(#2624,#2631),.PCURVE_S1.);
#2620 = LINE('',#2621,#2622);
#2621 = CARTESIAN_POINT('',(565.45744603806,35.,404.34197252846));
#2622 = VECTOR('',#2623,1.);
#2623 = DIRECTION('',(-0.554700196225,0.,0.832050294338));
#2624 = PCURVE('',#1976,#2625);
#2625 = DEFINITIONAL_REPRESENTATION('',(#2626),#2630);
#2626 = LINE('',#2627,#2628);
#2627 = CARTESIAN_POINT('',(0.,-87.));
#2628 = VECTOR('',#2629,1.);
#2629 = DIRECTION('',(1.,0.));
#2630 = ( GEOMETRIC_REPRESENTATION_CONTEXT(2) 
PARAMETRIC_REPRESENTATION_CONTEXT() REPRESENTATION_CONTEXT('2D SPACE',''
  ) );
#2631 = PCURVE('',#2632,#2637);
#2632 = PLANE('',#2633);
#2633 = AXIS2_PLACEMENT_3D('',#2634,#2635,#2636);
#2634 = CARTESIAN_POINT('',(565.45744603806,35.,404.34197252846));
#2635 = DIRECTION('',(-0.,1.,0.));
#2636 = DIRECTION('',(-0.554700196225,0.,0.832050294338));
#2637 = DEFINITIONAL_REPRESENTATION('',(#2638),#2642);
#2638 = LINE('',#2639,#2640);
#2639 = CARTESIAN_POINT('',(0.,0.));
#2640 = VECTOR('',#2641,1.);
#2641 = DIRECTION('',(1.,0.));
#2642 = ( GEOMETRIC_REPRESENTATION_CONTEXT(2) 
PARAMETRIC_REPRESENTATION_CONTEXT() REPRESENTATION_CONTEXT('2D SPACE',''
  ) );
#2643 = ORIENTED_EDGE('',*,*,#2644,.T.);
#2644 = EDGE_CURVE('',#2617,#2645,#2647,.T.);
#2645 = VERTEX_POINT('',#2646);
#2646 = CARTESIAN_POINT('',(558.80104368335,45.,414.32657606052));
#2647 = SURFACE_CURVE('',#2648,(#2652,#2659),.PCURVE_S1.);
#2648 = LINE('',#2649,#2650);
#2649 = CARTESIAN_POINT('',(558.80104368335,35.,414.32657606052));
#2650 = VECTOR('',#2651,1.);
#2651 = DIRECTION('',(-0.,1.,0.));
#2652 = PCURVE('',#1976,#2653);
#2653 = DEFINITIONAL_REPRESENTATION('',(#2654),#2658);
#2654 = LINE('',#2655,#2656);
#2655 = CARTESIAN_POINT('',(12.,-87.));
#2656 = VECTOR('',#2657,1.);
#2657 = DIRECTION('',(0.,-1.));
#2658 = ( GEOMETRIC_REPRESENTATION_CONTEXT(2) 
PARAMETRIC_REPRESENTATION_CONTEXT() REPRESENTATION_CONTEXT('2D SPACE',''
  ) );
#2659 = PCURVE('',#2660,#2665);
#2660 = PLANE('',#2661);
#2661 = AXIS2_PLACEMENT_3D('',#2662,#2663,#2664);
#2662 = CARTESIAN_POINT('',(558.80104368335,35.,414.32657606052));
#2663 = DIRECTION('',(-0.554700196225,0.,0.832050294338));
#2664 = DIRECTION('',(0.832050294338,0.,0.554700196225));
#2665 = DEFINITIONAL_REPRESENTATION('',(#2666),#2670);
#2666 = LINE('',#2667,#2668);
#2667 = CARTESIAN_POINT('',(0.,0.));
#2668 = VECTOR('',#2669,1.);
#2669 = DIRECTION('',(0.,1.));
#2670 = ( GEOMETRIC_REPRESENTATION_CONTEXT(2) 
PARAMETRIC_REPRESENTATION_CONTEXT() REPRESENTATION_CONTEXT('2D SPACE',''
  ) );
#2671 = ORIENTED_EDGE('',*,*,#2672,.F.);
#2672 = EDGE_CURVE('',#2673,#2645,#2675,.T.);
#2673 = VERTEX_POINT('',#2674);
#2674 = CARTESIAN_POINT('',(565.45744603806,45.,404.34197252846));
#2675 = SURFACE_CURVE('',#2676,(#2680,#2687),.PCURVE_S1.);
#2676 = LINE('',#2677,#2678);
#2677 = CARTESIAN_POINT('',(565.45744603806,45.,404.34197252846));
#2678 = VECTOR('',#2679,1.);
#2679 = DIRECTION('',(-0.554700196225,0.,0.832050294338));
#2680 = PCURVE('',#1976,#2681);
#2681 = DEFINITIONAL_REPRESENTATION('',(#2682),#2686);
#2682 = LINE('',#2683,#2684);
#2683 = CARTESIAN_POINT('',(0.,-97.));
#2684 = VECTOR('',#2685,1.);
#2685 = DIRECTION('',(1.,0.));
#2686 = ( GEOMETRIC_REPRESENTATION_CONTEXT(2) 
PARAMETRIC_REPRESENTATION_CONTEXT() REPRESENTATION_CONTEXT('2D SPACE',''
  ) );
#2687 = PCURVE('',#2688,#2693);
#2688 = PLANE('',#2689);
#2689 = AXIS2_PLACEMENT_3D('',#2690,#2691,#2692);
#2690 = CARTESIAN_POINT('',(565.45744603806,45.,404.34197252846));
#2691 = DIRECTION('',(-0.,1.,0.));
#2692 = DIRECTION('',(-0.554700196225,0.,0.832050294338));
#2693 = DEFINITIONAL_REPRESENTATION('',(#2694),#2698);
#2694 = LINE('',#2695,#2696);
#2695 = CARTESIAN_POINT('',(0.,0.));
#2696 = VECTOR('',#2697,1.);
#2697 = DIRECTION('',(1.,0.));
#2698 = ( GEOMETRIC_REPRESENTATION_CONTEXT(2) 
PARAMETRIC_REPRESENTATION_CONTEXT() REPRESENTATION_CONTEXT('2D SPACE',''
  ) );
#2699 = ORIENTED_EDGE('',*,*,#2700,.T.);
#2700 = EDGE_CURVE('',#2673,#2701,#2703,.T.);
#2701 = VERTEX_POINT('',#2702);
#2702 = CARTESIAN_POINT('',(565.45744603806,46.,404.34197252846));
#2703 = SURFACE_CURVE('',#2704,(#2708,#2715),.PCURVE_S1.);
#2704 = LINE('',#2705,#2706);
#2705 = CARTESIAN_POINT('',(565.45744603806,-52.,404.34197252846));
#2706 = VECTOR('',#2707,1.);
#2707 = DIRECTION('',(-0.,1.,0.));
#2708 = PCURVE('',#1976,#2709);
#2709 = DEFINITIONAL_REPRESENTATION('',(#2710),#2714);
#2710 = LINE('',#2711,#2712);
#2711 = CARTESIAN_POINT('',(0.,0.));
#2712 = VECTOR('',#2713,1.);
#2713 = DIRECTION('',(0.,-1.));
#2714 = ( GEOMETRIC_REPRESENTATION_CONTEXT(2) 
PARAMETRIC_REPRESENTATION_CONTEXT() REPRESENTATION_CONTEXT('2D SPACE',''
  ) );
#2715 = PCURVE('',#2060,#2716);
#2716 = DEFINITIONAL_REPRESENTATION('',(#2717),#2721);
#2717 = LINE('',#2718,#2719);
#2718 = CARTESIAN_POINT('',(30.,0.));
#2719 = VECTOR('',#2720,1.);
#2720 = DIRECTION('',(0.,1.));
#2721 = ( GEOMETRIC_REPRESENTATION_CONTEXT(2) 
PARAMETRIC_REPRESENTATION_CONTEXT() REPRESENTATION_CONTEXT('2D SPACE',''
  ) );
#2722 = ORIENTED_EDGE('',*,*,#2723,.T.);
#2723 = EDGE_CURVE('',#2701,#2724,#2726,.T.);
#2724 = VERTEX_POINT('',#2725);
#2725 = CARTESIAN_POINT('',(537.7224362268,46.,445.94448724536));
#2726 = SURFACE_CURVE('',#2727,(#2731,#2738),.PCURVE_S1.);
#2727 = LINE('',#2728,#2729);
#2728 = CARTESIAN_POINT('',(565.45744603806,46.,404.34197252846));
#2729 = VECTOR('',#2730,1.);
#2730 = DIRECTION('',(-0.554700196225,0.,0.832050294338));
#2731 = PCURVE('',#1976,#2732);
#2732 = DEFINITIONAL_REPRESENTATION('',(#2733),#2737);
#2733 = LINE('',#2734,#2735);
#2734 = CARTESIAN_POINT('',(0.,-98.));
#2735 = VECTOR('',#2736,1.);
#2736 = DIRECTION('',(1.,0.));
#2737 = ( GEOMETRIC_REPRESENTATION_CONTEXT(2) 
PARAMETRIC_REPRESENTATION_CONTEXT() REPRESENTATION_CONTEXT('2D SPACE',''
  ) );
#2738 = PCURVE('',#2739,#2744);
#2739 = PLANE('',#2740);
#2740 = AXIS2_PLACEMENT_3D('',#2741,#2742,#2743);
#2741 = CARTESIAN_POINT('',(565.45744603806,46.,404.34197252846));
#2742 = DIRECTION('',(-0.,1.,0.));
#2743 = DIRECTION('',(-0.554700196225,0.,0.832050294338));
#2744 = DEFINITIONAL_REPRESENTATION('',(#2745),#2749);
#2745 = LINE('',#2746,#2747);
#2746 = CARTESIAN_POINT('',(0.,0.));
#2747 = VECTOR('',#2748,1.);
#2748 = DIRECTION('',(1.,0.));
#2749 = ( GEOMETRIC_REPRESENTATION_CONTEXT(2) 
PARAMETRIC_REPRESENTATION_CONTEXT() REPRESENTATION_CONTEXT('2D SPACE',''
  ) );
#2750 = ORIENTED_EDGE('',*,*,#2751,.T.);
#2751 = EDGE_CURVE('',#2724,#2282,#2752,.T.);
#2752 = SURFACE_CURVE('',#2753,(#2757,#2764),.PCURVE_S1.);
#2753 = LINE('',#2754,#2755);
#2754 = CARTESIAN_POINT('',(537.7224362268,46.,445.94448724536));
#2755 = VECTOR('',#2756,1.);
#2756 = DIRECTION('',(-0.,1.,0.));
#2757 = PCURVE('',#1976,#2758);
#2758 = DEFINITIONAL_REPRESENTATION('',(#2759),#2763);
#2759 = LINE('',#2760,#2761);
#2760 = CARTESIAN_POINT('',(50.,-98.));
#2761 = VECTOR('',#2762,1.);
#2762 = DIRECTION('',(0.,-1.));
#2763 = ( GEOMETRIC_REPRESENTATION_CONTEXT(2) 
PARAMETRIC_REPRESENTATION_CONTEXT() REPRESENTATION_CONTEXT('2D SPACE',''
  ) );
#2764 = PCURVE('',#2320,#2765);
#2765 = DEFINITIONAL_REPRESENTATION('',(#2766),#2770);
#2766 = LINE('',#2767,#2768);
#2767 = CARTESIAN_POINT('',(0.,0.));
#2768 = VECTOR('',#2769,1.);
#2769 = DIRECTION('',(0.,1.));
#2770 = ( GEOMETRIC_REPRESENTATION_CONTEXT(2) 
PARAMETRIC_REPRESENTATION_CONTEXT() REPRESENTATION_CONTEXT('2D SPACE',''
  ) );
#2771 = ORIENTED_EDGE('',*,*,#2281,.T.);
#2772 = ORIENTED_EDGE('',*,*,#2409,.F.);
#2773 = FACE_BOUND('',#2774,.T.);
#2774 = EDGE_LOOP('',(#2775,#2803,#2829,#2855));
#2775 = ORIENTED_EDGE('',*,*,#2776,.T.);
#2776 = EDGE_CURVE('',#2777,#2779,#2781,.T.);
#2777 = VERTEX_POINT('',#2778);
#2778 = CARTESIAN_POINT('',(551.58994113243,30.,425.14322988691));
#2779 = VERTEX_POINT('',#2780);
#2780 = CARTESIAN_POINT('',(551.58994113243,-30.,425.14322988691));
#2781 = SURFACE_CURVE('',#2782,(#2786,#2792),.PCURVE_S1.);
#2782 = LINE('',#2783,#2784);
#2783 = CARTESIAN_POINT('',(551.58994113243,-41.,425.14322988691));
#2784 = VECTOR('',#2785,1.);
#2785 = DIRECTION('',(0.,-1.,0.));
#2786 = PCURVE('',#1976,#2787);
#2787 = DEFINITIONAL_REPRESENTATION('',(#2788),#2791);
#2788 = B_SPLINE_CURVE_WITH_KNOTS('',1,(#2789,#2790),.UNSPECIFIED.,.F.,
  .F.,(2,2),(-71.,-11.),.PIECEWISE_BEZIER_KNOTS.);
#2789 = CARTESIAN_POINT('',(25.,-82.));
#2790 = CARTESIAN_POINT('',(25.,-22.));
#2791 = ( GEOMETRIC_REPRESENTATION_CONTEXT(2) 
PARAMETRIC_REPRESENTATION_CONTEXT() REPRESENTATION_CONTEXT('2D SPACE',''
  ) );
#2792 = PCURVE('',#2793,#2798);
#2793 = PLANE('',#2794);
#2794 = AXIS2_PLACEMENT_3D('',#2795,#2796,#2797);
#2795 = CARTESIAN_POINT('',(536.61303583435,-30.,415.15862635486));
#2796 = DIRECTION('',(-0.554700196225,0.,0.832050294338));
#2797 = DIRECTION('',(0.832050294338,0.,0.554700196225));
#2798 = DEFINITIONAL_REPRESENTATION('',(#2799),#2802);
#2799 = B_SPLINE_CURVE_WITH_KNOTS('',1,(#2800,#2801),.UNSPECIFIED.,.F.,
  .F.,(2,2),(-71.,-11.),.PIECEWISE_BEZIER_KNOTS.);
#2800 = CARTESIAN_POINT('',(18.,60.));
#2801 = CARTESIAN_POINT('',(18.,0.));
#2802 = ( GEOMETRIC_REPRESENTATION_CONTEXT(2) 
PARAMETRIC_REPRESENTATION_CONTEXT() REPRESENTATION_CONTEXT('2D SPACE',''
  ) );
#2803 = ORIENTED_EDGE('',*,*,#2804,.T.);
#2804 = EDGE_CURVE('',#2779,#2805,#2807,.T.);
#2805 = VERTEX_POINT('',#2806);
#2806 = CARTESIAN_POINT('',(530.51133367587,-30.,456.76114107175));
#2807 = SURFACE_CURVE('',#2808,(#2812,#2818),.PCURVE_S1.);
#2808 = LINE('',#2809,#2810);
#2809 = CARTESIAN_POINT('',(558.52369358524,-30.,414.74260120769));
#2810 = VECTOR('',#2811,1.);
#2811 = DIRECTION('',(-0.554700196225,0.,0.832050294338));
#2812 = PCURVE('',#1976,#2813);
#2813 = DEFINITIONAL_REPRESENTATION('',(#2814),#2817);
#2814 = B_SPLINE_CURVE_WITH_KNOTS('',1,(#2815,#2816),.UNSPECIFIED.,.F.,
  .F.,(2,2),(12.5,50.5),.PIECEWISE_BEZIER_KNOTS.);
#2815 = CARTESIAN_POINT('',(25.,-22.));
#2816 = CARTESIAN_POINT('',(63.,-22.));
#2817 = ( GEOMETRIC_REPRESENTATION_CONTEXT(2) 
PARAMETRIC_REPRESENTATION_CONTEXT() REPRESENTATION_CONTEXT('2D SPACE',''
  ) );
#2818 = PCURVE('',#2819,#2824);
#2819 = PLANE('',#2820);
#2820 = AXIS2_PLACEMENT_3D('',#2821,#2822,#2823);
#2821 = CARTESIAN_POINT('',(536.61303583435,-30.,415.15862635486));
#2822 = DIRECTION('',(-0.,1.,0.));
#2823 = DIRECTION('',(-0.554700196225,0.,0.832050294338));
#2824 = DEFINITIONAL_REPRESENTATION('',(#2825),#2828);
#2825 = B_SPLINE_CURVE_WITH_KNOTS('',1,(#2826,#2827),.UNSPECIFIED.,.F.,
  .F.,(2,2),(12.5,50.5),.PIECEWISE_BEZIER_KNOTS.);
#2826 = CARTESIAN_POINT('',(0.,18.));
#2827 = CARTESIAN_POINT('',(38.,18.));
#2828 = ( GEOMETRIC_REPRESENTATION_CONTEXT(2) 
PARAMETRIC_REPRESENTATION_CONTEXT() REPRESENTATION_CONTEXT('2D SPACE',''
  ) );
#2829 = ORIENTED_EDGE('',*,*,#2830,.F.);
#2830 = EDGE_CURVE('',#2831,#2805,#2833,.T.);
#2831 = VERTEX_POINT('',#2832);
#2832 = CARTESIAN_POINT('',(530.51133367587,30.,456.76114107175));
#2833 = SURFACE_CURVE('',#2834,(#2838,#2844),.PCURVE_S1.);
#2834 = LINE('',#2835,#2836);
#2835 = CARTESIAN_POINT('',(530.51133367587,-41.,456.76114107175));
#2836 = VECTOR('',#2837,1.);
#2837 = DIRECTION('',(0.,-1.,0.));
#2838 = PCURVE('',#1976,#2839);
#2839 = DEFINITIONAL_REPRESENTATION('',(#2840),#2843);
#2840 = B_SPLINE_CURVE_WITH_KNOTS('',1,(#2841,#2842),.UNSPECIFIED.,.F.,
  .F.,(2,2),(-71.,-11.),.PIECEWISE_BEZIER_KNOTS.);
#2841 = CARTESIAN_POINT('',(63.,-82.));
#2842 = CARTESIAN_POINT('',(63.,-22.));
#2843 = ( GEOMETRIC_REPRESENTATION_CONTEXT(2) 
PARAMETRIC_REPRESENTATION_CONTEXT() REPRESENTATION_CONTEXT('2D SPACE',''
  ) );
#2844 = PCURVE('',#2845,#2850);
#2845 = PLANE('',#2846);
#2846 = AXIS2_PLACEMENT_3D('',#2847,#2848,#2849);
#2847 = CARTESIAN_POINT('',(515.53442837779,-30.,446.77653753969));
#2848 = DIRECTION('',(-0.554700196225,0.,0.832050294338));
#2849 = DIRECTION('',(0.832050294338,0.,0.554700196225));
#2850 = DEFINITIONAL_REPRESENTATION('',(#2851),#2854);
#2851 = B_SPLINE_CURVE_WITH_KNOTS('',1,(#2852,#2853),.UNSPECIFIED.,.F.,
  .F.,(2,2),(-71.,-11.),.PIECEWISE_BEZIER_KNOTS.);
#2852 = CARTESIAN_POINT('',(18.,60.));
#2853 = CARTESIAN_POINT('',(18.,0.));
#2854 = ( GEOMETRIC_REPRESENTATION_CONTEXT(2) 
PARAMETRIC_REPRESENTATION_CONTEXT() REPRESENTATION_CONTEXT('2D SPACE',''
  ) );
#2855 = ORIENTED_EDGE('',*,*,#2856,.F.);
#2856 = EDGE_CURVE('',#2777,#2831,#2857,.T.);
#2857 = SURFACE_CURVE('',#2858,(#2862,#2868),.PCURVE_S1.);
#2858 = LINE('',#2859,#2860);
#2859 = CARTESIAN_POINT('',(558.52369358524,30.,414.74260120769));
#2860 = VECTOR('',#2861,1.);
#2861 = DIRECTION('',(-0.554700196225,0.,0.832050294338));
#2862 = PCURVE('',#1976,#2863);
#2863 = DEFINITIONAL_REPRESENTATION('',(#2864),#2867);
#2864 = B_SPLINE_CURVE_WITH_KNOTS('',1,(#2865,#2866),.UNSPECIFIED.,.F.,
  .F.,(2,2),(12.5,50.5),.PIECEWISE_BEZIER_KNOTS.);
#2865 = CARTESIAN_POINT('',(25.,-82.));
#2866 = CARTESIAN_POINT('',(63.,-82.));
#2867 = ( GEOMETRIC_REPRESENTATION_CONTEXT(2) 
PARAMETRIC_REPRESENTATION_CONTEXT() REPRESENTATION_CONTEXT('2D SPACE',''
  ) );
#2868 = PCURVE('',#2869,#2874);
#2869 = PLANE('',#2870);
#2870 = AXIS2_PLACEMENT_3D('',#2871,#2872,#2873);
#2871 = CARTESIAN_POINT('',(536.61303583435,30.,415.15862635486));
#2872 = DIRECTION('',(-0.,1.,0.));
#2873 = DIRECTION('',(-0.554700196225,0.,0.832050294338));
#2874 = DEFINITIONAL_REPRESENTATION('',(#2875),#2878);
#2875 = B_SPLINE_CURVE_WITH_KNOTS('',1,(#2876,#2877),.UNSPECIFIED.,.F.,
  .F.,(2,2),(12.5,50.5),.PIECEWISE_BEZIER_KNOTS.);
#2876 = CARTESIAN_POINT('',(0.,18.));
#2877 = CARTESIAN_POINT('',(38.,18.));
#2878 = ( GEOMETRIC_REPRESENTATION_CONTEXT(2) 
PARAMETRIC_REPRESENTATION_CONTEXT() REPRESENTATION_CONTEXT('2D SPACE',''
  ) );
#2879 = ADVANCED_FACE('',(#2880),#2004,.T.);
#2880 = FACE_BOUND('',#2881,.T.);
#2881 = EDGE_LOOP('',(#2882,#2883,#2884,#2907));
#2882 = ORIENTED_EDGE('',*,*,#2435,.F.);
#2883 = ORIENTED_EDGE('',*,*,#1988,.T.);
#2884 = ORIENTED_EDGE('',*,*,#2885,.T.);
#2885 = EDGE_CURVE('',#1989,#2886,#2888,.T.);
#2886 = VERTEX_POINT('',#2887);
#2887 = CARTESIAN_POINT('',(637.56847154734,-46.,512.50851079238));
#2888 = SURFACE_CURVE('',#2889,(#2893,#2900),.PCURVE_S1.);
#2889 = LINE('',#2890,#2891);
#2890 = CARTESIAN_POINT('',(637.56847154734,-52.,512.50851079238));
#2891 = VECTOR('',#2892,1.);
#2892 = DIRECTION('',(-0.,1.,0.));
#2893 = PCURVE('',#2004,#2894);
#2894 = DEFINITIONAL_REPRESENTATION('',(#2895),#2899);
#2895 = LINE('',#2896,#2897);
#2896 = CARTESIAN_POINT('',(120.,0.));
#2897 = VECTOR('',#2898,1.);
#2898 = DIRECTION('',(0.,1.));
#2899 = ( GEOMETRIC_REPRESENTATION_CONTEXT(2) 
PARAMETRIC_REPRESENTATION_CONTEXT() REPRESENTATION_CONTEXT('2D SPACE',''
  ) );
#2900 = PCURVE('',#2032,#2901);
#2901 = DEFINITIONAL_REPRESENTATION('',(#2902),#2906);
#2902 = LINE('',#2903,#2904);
#2903 = CARTESIAN_POINT('',(50.,0.));
#2904 = VECTOR('',#2905,1.);
#2905 = DIRECTION('',(0.,-1.));
#2906 = ( GEOMETRIC_REPRESENTATION_CONTEXT(2) 
PARAMETRIC_REPRESENTATION_CONTEXT() REPRESENTATION_CONTEXT('2D SPACE',''
  ) );
#2907 = ORIENTED_EDGE('',*,*,#2908,.F.);
#2908 = EDGE_CURVE('',#2436,#2886,#2909,.T.);
#2909 = SURFACE_CURVE('',#2910,(#2914,#2921),.PCURVE_S1.);
#2910 = LINE('',#2911,#2912);
#2911 = CARTESIAN_POINT('',(537.7224362268,-46.,445.94448724536));
#2912 = VECTOR('',#2913,1.);
#2913 = DIRECTION('',(0.832050294338,0.,0.554700196225));
#2914 = PCURVE('',#2004,#2915);
#2915 = DEFINITIONAL_REPRESENTATION('',(#2916),#2920);
#2916 = LINE('',#2917,#2918);
#2917 = CARTESIAN_POINT('',(0.,6.));
#2918 = VECTOR('',#2919,1.);
#2919 = DIRECTION('',(1.,0.));
#2920 = ( GEOMETRIC_REPRESENTATION_CONTEXT(2) 
PARAMETRIC_REPRESENTATION_CONTEXT() REPRESENTATION_CONTEXT('2D SPACE',''
  ) );
#2921 = PCURVE('',#2474,#2922);
#2922 = DEFINITIONAL_REPRESENTATION('',(#2923),#2927);
#2923 = LINE('',#2924,#2925);
#2924 = CARTESIAN_POINT('',(50.,0.));
#2925 = VECTOR('',#2926,1.);
#2926 = DIRECTION('',(0.,1.));
#2927 = ( GEOMETRIC_REPRESENTATION_CONTEXT(2) 
PARAMETRIC_REPRESENTATION_CONTEXT() REPRESENTATION_CONTEXT('2D SPACE',''
  ) );
#2928 = ADVANCED_FACE('',(#2929),#2032,.T.);
#2929 = FACE_BOUND('',#2930,.T.);
#2930 = EDGE_LOOP('',(#2931,#2932,#2955,#2976));
#2931 = ORIENTED_EDGE('',*,*,#2016,.F.);
#2932 = ORIENTED_EDGE('',*,*,#2933,.T.);
#2933 = EDGE_CURVE('',#2017,#2934,#2936,.T.);
#2934 = VERTEX_POINT('',#2935);
#2935 = CARTESIAN_POINT('',(665.3034813586,-46.,470.90599607549));
#2936 = SURFACE_CURVE('',#2937,(#2941,#2948),.PCURVE_S1.);
#2937 = LINE('',#2938,#2939);
#2938 = CARTESIAN_POINT('',(665.3034813586,-52.,470.90599607549));
#2939 = VECTOR('',#2940,1.);
#2940 = DIRECTION('',(-0.,1.,0.));
#2941 = PCURVE('',#2032,#2942);
#2942 = DEFINITIONAL_REPRESENTATION('',(#2943),#2947);
#2943 = LINE('',#2944,#2945);
#2944 = CARTESIAN_POINT('',(0.,0.));
#2945 = VECTOR('',#2946,1.);
#2946 = DIRECTION('',(0.,-1.));
#2947 = ( GEOMETRIC_REPRESENTATION_CONTEXT(2) 
PARAMETRIC_REPRESENTATION_CONTEXT() REPRESENTATION_CONTEXT('2D SPACE',''
  ) );
#2948 = PCURVE('',#2060,#2949);
#2949 = DEFINITIONAL_REPRESENTATION('',(#2950),#2954);
#2950 = LINE('',#2951,#2952);
#2951 = CARTESIAN_POINT('',(150.,0.));
#2952 = VECTOR('',#2953,1.);
#2953 = DIRECTION('',(0.,1.));
#2954 = ( GEOMETRIC_REPRESENTATION_CONTEXT(2) 
PARAMETRIC_REPRESENTATION_CONTEXT() REPRESENTATION_CONTEXT('2D SPACE',''
  ) );
#2955 = ORIENTED_EDGE('',*,*,#2956,.T.);
#2956 = EDGE_CURVE('',#2934,#2886,#2957,.T.);
#2957 = SURFACE_CURVE('',#2958,(#2962,#2969),.PCURVE_S1.);
#2958 = LINE('',#2959,#2960);
#2959 = CARTESIAN_POINT('',(665.3034813586,-46.,470.90599607549));
#2960 = VECTOR('',#2961,1.);
#2961 = DIRECTION('',(-0.554700196225,0.,0.832050294338));
#2962 = PCURVE('',#2032,#2963);
#2963 = DEFINITIONAL_REPRESENTATION('',(#2964),#2968);
#2964 = LINE('',#2965,#2966);
#2965 = CARTESIAN_POINT('',(0.,-6.));
#2966 = VECTOR('',#2967,1.);
#2967 = DIRECTION('',(1.,0.));
#2968 = ( GEOMETRIC_REPRESENTATION_CONTEXT(2) 
PARAMETRIC_REPRESENTATION_CONTEXT() REPRESENTATION_CONTEXT('2D SPACE',''
  ) );
#2969 = PCURVE('',#2474,#2970);
#2970 = DEFINITIONAL_REPRESENTATION('',(#2971),#2975);
#2971 = LINE('',#2972,#2973);
#2972 = CARTESIAN_POINT('',(0.,120.));
#2973 = VECTOR('',#2974,1.);
#2974 = DIRECTION('',(1.,0.));
#2975 = ( GEOMETRIC_REPRESENTATION_CONTEXT(2) 
PARAMETRIC_REPRESENTATION_CONTEXT() REPRESENTATION_CONTEXT('2D SPACE',''
  ) );
#2976 = ORIENTED_EDGE('',*,*,#2885,.F.);
#2977 = ADVANCED_FACE('',(#2978,#3323,#3424,#3525),#2060,.T.);
#2978 = FACE_BOUND('',#2979,.T.);
#2979 = EDGE_LOOP('',(#2980,#3003,#3024,#3025,#3048,#3076,#3097,#3098,
    #3121,#3149,#3170,#3171,#3192,#3193,#3194,#3217,#3245,#3273,#3301,
    #3322));
#2980 = ORIENTED_EDGE('',*,*,#2981,.F.);
#2981 = EDGE_CURVE('',#2982,#2333,#2984,.T.);
#2982 = VERTEX_POINT('',#2983);
#2983 = CARTESIAN_POINT('',(665.3034813586,46.,470.90599607549));
#2984 = SURFACE_CURVE('',#2985,(#2989,#2996),.PCURVE_S1.);
#2985 = LINE('',#2986,#2987);
#2986 = CARTESIAN_POINT('',(665.3034813586,46.,470.90599607549));
#2987 = VECTOR('',#2988,1.);
#2988 = DIRECTION('',(-0.,1.,0.));
#2989 = PCURVE('',#2060,#2990);
#2990 = DEFINITIONAL_REPRESENTATION('',(#2991),#2995);
#2991 = LINE('',#2992,#2993);
#2992 = CARTESIAN_POINT('',(150.,98.));
#2993 = VECTOR('',#2994,1.);
#2994 = DIRECTION('',(0.,1.));
#2995 = ( GEOMETRIC_REPRESENTATION_CONTEXT(2) 
PARAMETRIC_REPRESENTATION_CONTEXT() REPRESENTATION_CONTEXT('2D SPACE',''
  ) );
#2996 = PCURVE('',#2348,#2997);
#2997 = DEFINITIONAL_REPRESENTATION('',(#2998),#3002);
#2998 = LINE('',#2999,#3000);
#2999 = CARTESIAN_POINT('',(0.,0.));
#3000 = VECTOR('',#3001,1.);
#3001 = DIRECTION('',(0.,-1.));
#3002 = ( GEOMETRIC_REPRESENTATION_CONTEXT(2) 
PARAMETRIC_REPRESENTATION_CONTEXT() REPRESENTATION_CONTEXT('2D SPACE',''
  ) );
#3003 = ORIENTED_EDGE('',*,*,#3004,.F.);
#3004 = EDGE_CURVE('',#2701,#2982,#3005,.T.);
#3005 = SURFACE_CURVE('',#3006,(#3010,#3017),.PCURVE_S1.);
#3006 = LINE('',#3007,#3008);
#3007 = CARTESIAN_POINT('',(565.45744603806,46.,404.34197252846));
#3008 = VECTOR('',#3009,1.);
#3009 = DIRECTION('',(0.832050294338,0.,0.554700196225));
#3010 = PCURVE('',#2060,#3011);
#3011 = DEFINITIONAL_REPRESENTATION('',(#3012),#3016);
#3012 = LINE('',#3013,#3014);
#3013 = CARTESIAN_POINT('',(30.,98.));
#3014 = VECTOR('',#3015,1.);
#3015 = DIRECTION('',(1.,0.));
#3016 = ( GEOMETRIC_REPRESENTATION_CONTEXT(2) 
PARAMETRIC_REPRESENTATION_CONTEXT() REPRESENTATION_CONTEXT('2D SPACE',''
  ) );
#3017 = PCURVE('',#2739,#3018);
#3018 = DEFINITIONAL_REPRESENTATION('',(#3019),#3023);
#3019 = LINE('',#3020,#3021);
#3020 = CARTESIAN_POINT('',(0.,0.));
#3021 = VECTOR('',#3022,1.);
#3022 = DIRECTION('',(0.,1.));
#3023 = ( GEOMETRIC_REPRESENTATION_CONTEXT(2) 
PARAMETRIC_REPRESENTATION_CONTEXT() REPRESENTATION_CONTEXT('2D SPACE',''
  ) );
#3024 = ORIENTED_EDGE('',*,*,#2700,.F.);
#3025 = ORIENTED_EDGE('',*,*,#3026,.T.);
#3026 = EDGE_CURVE('',#2673,#3027,#3029,.T.);
#3027 = VERTEX_POINT('',#3028);
#3028 = CARTESIAN_POINT('',(848.35454611292,45.,592.94003924504));
#3029 = SURFACE_CURVE('',#3030,(#3034,#3041),.PCURVE_S1.);
#3030 = LINE('',#3031,#3032);
#3031 = CARTESIAN_POINT('',(565.45744603806,45.,404.34197252846));
#3032 = VECTOR('',#3033,1.);
#3033 = DIRECTION('',(0.832050294338,0.,0.554700196225));
#3034 = PCURVE('',#2060,#3035);
#3035 = DEFINITIONAL_REPRESENTATION('',(#3036),#3040);
#3036 = LINE('',#3037,#3038);
#3037 = CARTESIAN_POINT('',(30.,97.));
#3038 = VECTOR('',#3039,1.);
#3039 = DIRECTION('',(1.,0.));
#3040 = ( GEOMETRIC_REPRESENTATION_CONTEXT(2) 
PARAMETRIC_REPRESENTATION_CONTEXT() REPRESENTATION_CONTEXT('2D SPACE',''
  ) );
#3041 = PCURVE('',#2688,#3042);
#3042 = DEFINITIONAL_REPRESENTATION('',(#3043),#3047);
#3043 = LINE('',#3044,#3045);
#3044 = CARTESIAN_POINT('',(0.,0.));
#3045 = VECTOR('',#3046,1.);
#3046 = DIRECTION('',(0.,1.));
#3047 = ( GEOMETRIC_REPRESENTATION_CONTEXT(2) 
PARAMETRIC_REPRESENTATION_CONTEXT() REPRESENTATION_CONTEXT('2D SPACE',''
  ) );
#3048 = ORIENTED_EDGE('',*,*,#3049,.F.);
#3049 = EDGE_CURVE('',#3050,#3027,#3052,.T.);
#3050 = VERTEX_POINT('',#3051);
#3051 = CARTESIAN_POINT('',(848.35454611292,35.,592.94003924504));
#3052 = SURFACE_CURVE('',#3053,(#3057,#3064),.PCURVE_S1.);
#3053 = LINE('',#3054,#3055);
#3054 = CARTESIAN_POINT('',(848.35454611292,35.,592.94003924504));
#3055 = VECTOR('',#3056,1.);
#3056 = DIRECTION('',(-0.,1.,0.));
#3057 = PCURVE('',#2060,#3058);
#3058 = DEFINITIONAL_REPRESENTATION('',(#3059),#3063);
#3059 = LINE('',#3060,#3061);
#3060 = CARTESIAN_POINT('',(370.,87.));
#3061 = VECTOR('',#3062,1.);
#3062 = DIRECTION('',(0.,1.));
#3063 = ( GEOMETRIC_REPRESENTATION_CONTEXT(2) 
PARAMETRIC_REPRESENTATION_CONTEXT() REPRESENTATION_CONTEXT('2D SPACE',''
  ) );
#3064 = PCURVE('',#3065,#3070);
#3065 = PLANE('',#3066);
#3066 = AXIS2_PLACEMENT_3D('',#3067,#3068,#3069);
#3067 = CARTESIAN_POINT('',(848.35454611292,35.,592.94003924504));
#3068 = DIRECTION('',(0.832050294338,0.,0.554700196225));
#3069 = DIRECTION('',(-0.554700196225,0.,0.832050294338));
#3070 = DEFINITIONAL_REPRESENTATION('',(#3071),#3075);
#3071 = LINE('',#3072,#3073);
#3072 = CARTESIAN_POINT('',(0.,0.));
#3073 = VECTOR('',#3074,1.);
#3074 = DIRECTION('',(0.,-1.));
#3075 = ( GEOMETRIC_REPRESENTATION_CONTEXT(2) 
PARAMETRIC_REPRESENTATION_CONTEXT() REPRESENTATION_CONTEXT('2D SPACE',''
  ) );
#3076 = ORIENTED_EDGE('',*,*,#3077,.F.);
#3077 = EDGE_CURVE('',#2594,#3050,#3078,.T.);
#3078 = SURFACE_CURVE('',#3079,(#3083,#3090),.PCURVE_S1.);
#3079 = LINE('',#3080,#3081);
#3080 = CARTESIAN_POINT('',(565.45744603806,35.,404.34197252846));
#3081 = VECTOR('',#3082,1.);
#3082 = DIRECTION('',(0.832050294338,0.,0.554700196225));
#3083 = PCURVE('',#2060,#3084);
#3084 = DEFINITIONAL_REPRESENTATION('',(#3085),#3089);
#3085 = LINE('',#3086,#3087);
#3086 = CARTESIAN_POINT('',(30.,87.));
#3087 = VECTOR('',#3088,1.);
#3088 = DIRECTION('',(1.,0.));
#3089 = ( GEOMETRIC_REPRESENTATION_CONTEXT(2) 
PARAMETRIC_REPRESENTATION_CONTEXT() REPRESENTATION_CONTEXT('2D SPACE',''
  ) );
#3090 = PCURVE('',#2632,#3091);
#3091 = DEFINITIONAL_REPRESENTATION('',(#3092),#3096);
#3092 = LINE('',#3093,#3094);
#3093 = CARTESIAN_POINT('',(0.,0.));
#3094 = VECTOR('',#3095,1.);
#3095 = DIRECTION('',(0.,1.));
#3096 = ( GEOMETRIC_REPRESENTATION_CONTEXT(2) 
PARAMETRIC_REPRESENTATION_CONTEXT() REPRESENTATION_CONTEXT('2D SPACE',''
  ) );
#3097 = ORIENTED_EDGE('',*,*,#2593,.F.);
#3098 = ORIENTED_EDGE('',*,*,#3099,.T.);
#3099 = EDGE_CURVE('',#2566,#3100,#3102,.T.);
#3100 = VERTEX_POINT('',#3101);
#3101 = CARTESIAN_POINT('',(848.35454611292,-35.,592.94003924504));
#3102 = SURFACE_CURVE('',#3103,(#3107,#3114),.PCURVE_S1.);
#3103 = LINE('',#3104,#3105);
#3104 = CARTESIAN_POINT('',(565.45744603806,-35.,404.34197252846));
#3105 = VECTOR('',#3106,1.);
#3106 = DIRECTION('',(0.832050294338,0.,0.554700196225));
#3107 = PCURVE('',#2060,#3108);
#3108 = DEFINITIONAL_REPRESENTATION('',(#3109),#3113);
#3109 = LINE('',#3110,#3111);
#3110 = CARTESIAN_POINT('',(30.,17.));
#3111 = VECTOR('',#3112,1.);
#3112 = DIRECTION('',(1.,0.));
#3113 = ( GEOMETRIC_REPRESENTATION_CONTEXT(2) 
PARAMETRIC_REPRESENTATION_CONTEXT() REPRESENTATION_CONTEXT('2D SPACE',''
  ) );
#3114 = PCURVE('',#2581,#3115);
#3115 = DEFINITIONAL_REPRESENTATION('',(#3116),#3120);
#3116 = LINE('',#3117,#3118);
#3117 = CARTESIAN_POINT('',(0.,0.));
#3118 = VECTOR('',#3119,1.);
#3119 = DIRECTION('',(0.,1.));
#3120 = ( GEOMETRIC_REPRESENTATION_CONTEXT(2) 
PARAMETRIC_REPRESENTATION_CONTEXT() REPRESENTATION_CONTEXT('2D SPACE',''
  ) );
#3121 = ORIENTED_EDGE('',*,*,#3122,.F.);
#3122 = EDGE_CURVE('',#3123,#3100,#3125,.T.);
#3123 = VERTEX_POINT('',#3124);
#3124 = CARTESIAN_POINT('',(848.35454611292,-45.,592.94003924504));
#3125 = SURFACE_CURVE('',#3126,(#3130,#3137),.PCURVE_S1.);
#3126 = LINE('',#3127,#3128);
#3127 = CARTESIAN_POINT('',(848.35454611292,-45.,592.94003924504));
#3128 = VECTOR('',#3129,1.);
#3129 = DIRECTION('',(-0.,1.,0.));
#3130 = PCURVE('',#2060,#3131);
#3131 = DEFINITIONAL_REPRESENTATION('',(#3132),#3136);
#3132 = LINE('',#3133,#3134);
#3133 = CARTESIAN_POINT('',(370.,7.));
#3134 = VECTOR('',#3135,1.);
#3135 = DIRECTION('',(0.,1.));
#3136 = ( GEOMETRIC_REPRESENTATION_CONTEXT(2) 
PARAMETRIC_REPRESENTATION_CONTEXT() REPRESENTATION_CONTEXT('2D SPACE',''
  ) );
#3137 = PCURVE('',#3138,#3143);
#3138 = PLANE('',#3139);
#3139 = AXIS2_PLACEMENT_3D('',#3140,#3141,#3142);
#3140 = CARTESIAN_POINT('',(848.35454611292,-45.,592.94003924504));
#3141 = DIRECTION('',(0.832050294338,0.,0.554700196225));
#3142 = DIRECTION('',(-0.554700196225,0.,0.832050294338));
#3143 = DEFINITIONAL_REPRESENTATION('',(#3144),#3148);
#3144 = LINE('',#3145,#3146);
#3145 = CARTESIAN_POINT('',(0.,0.));
#3146 = VECTOR('',#3147,1.);
#3147 = DIRECTION('',(0.,-1.));
#3148 = ( GEOMETRIC_REPRESENTATION_CONTEXT(2) 
PARAMETRIC_REPRESENTATION_CONTEXT() REPRESENTATION_CONTEXT('2D SPACE',''
  ) );
#3149 = ORIENTED_EDGE('',*,*,#3150,.F.);
#3150 = EDGE_CURVE('',#2487,#3123,#3151,.T.);
#3151 = SURFACE_CURVE('',#3152,(#3156,#3163),.PCURVE_S1.);
#3152 = LINE('',#3153,#3154);
#3153 = CARTESIAN_POINT('',(565.45744603806,-45.,404.34197252846));
#3154 = VECTOR('',#3155,1.);
#3155 = DIRECTION('',(0.832050294338,0.,0.554700196225));
#3156 = PCURVE('',#2060,#3157);
#3157 = DEFINITIONAL_REPRESENTATION('',(#3158),#3162);
#3158 = LINE('',#3159,#3160);
#3159 = CARTESIAN_POINT('',(30.,7.));
#3160 = VECTOR('',#3161,1.);
#3161 = DIRECTION('',(1.,0.));
#3162 = ( GEOMETRIC_REPRESENTATION_CONTEXT(2) 
PARAMETRIC_REPRESENTATION_CONTEXT() REPRESENTATION_CONTEXT('2D SPACE',''
  ) );
#3163 = PCURVE('',#2525,#3164);
#3164 = DEFINITIONAL_REPRESENTATION('',(#3165),#3169);
#3165 = LINE('',#3166,#3167);
#3166 = CARTESIAN_POINT('',(0.,0.));
#3167 = VECTOR('',#3168,1.);
#3168 = DIRECTION('',(0.,1.));
#3169 = ( GEOMETRIC_REPRESENTATION_CONTEXT(2) 
PARAMETRIC_REPRESENTATION_CONTEXT() REPRESENTATION_CONTEXT('2D SPACE',''
  ) );
#3170 = ORIENTED_EDGE('',*,*,#2486,.F.);
#3171 = ORIENTED_EDGE('',*,*,#3172,.T.);
#3172 = EDGE_CURVE('',#2459,#2934,#3173,.T.);
#3173 = SURFACE_CURVE('',#3174,(#3178,#3185),.PCURVE_S1.);
#3174 = LINE('',#3175,#3176);
#3175 = CARTESIAN_POINT('',(565.45744603806,-46.,404.34197252846));
#3176 = VECTOR('',#3177,1.);
#3177 = DIRECTION('',(0.832050294338,0.,0.554700196225));
#3178 = PCURVE('',#2060,#3179);
#3179 = DEFINITIONAL_REPRESENTATION('',(#3180),#3184);
#3180 = LINE('',#3181,#3182);
#3181 = CARTESIAN_POINT('',(30.,6.));
#3182 = VECTOR('',#3183,1.);
#3183 = DIRECTION('',(1.,0.));
#3184 = ( GEOMETRIC_REPRESENTATION_CONTEXT(2) 
PARAMETRIC_REPRESENTATION_CONTEXT() REPRESENTATION_CONTEXT('2D SPACE',''
  ) );
#3185 = PCURVE('',#2474,#3186);
#3186 = DEFINITIONAL_REPRESENTATION('',(#3187),#3191);
#3187 = LINE('',#3188,#3189);
#3188 = CARTESIAN_POINT('',(0.,0.));
#3189 = VECTOR('',#3190,1.);
#3190 = DIRECTION('',(0.,1.));
#3191 = ( GEOMETRIC_REPRESENTATION_CONTEXT(2) 
PARAMETRIC_REPRESENTATION_CONTEXT() REPRESENTATION_CONTEXT('2D SPACE',''
  ) );
#3192 = ORIENTED_EDGE('',*,*,#2933,.F.);
#3193 = ORIENTED_EDGE('',*,*,#2044,.T.);
#3194 = ORIENTED_EDGE('',*,*,#3195,.T.);
#3195 = EDGE_CURVE('',#2045,#3196,#3198,.T.);
#3196 = VERTEX_POINT('',#3197);
#3197 = CARTESIAN_POINT('',(873.31605494306,-30.,609.5810451318));
#3198 = SURFACE_CURVE('',#3199,(#3203,#3210),.PCURVE_S1.);
#3199 = LINE('',#3200,#3201);
#3200 = CARTESIAN_POINT('',(873.31605494306,-52.,609.5810451318));
#3201 = VECTOR('',#3202,1.);
#3202 = DIRECTION('',(-0.,1.,0.));
#3203 = PCURVE('',#2060,#3204);
#3204 = DEFINITIONAL_REPRESENTATION('',(#3205),#3209);
#3205 = LINE('',#3206,#3207);
#3206 = CARTESIAN_POINT('',(400.,0.));
#3207 = VECTOR('',#3208,1.);
#3208 = DIRECTION('',(0.,1.));
#3209 = ( GEOMETRIC_REPRESENTATION_CONTEXT(2) 
PARAMETRIC_REPRESENTATION_CONTEXT() REPRESENTATION_CONTEXT('2D SPACE',''
  ) );
#3210 = PCURVE('',#2086,#3211);
#3211 = DEFINITIONAL_REPRESENTATION('',(#3212),#3216);
#3212 = LINE('',#3213,#3214);
#3213 = CARTESIAN_POINT('',(4.,0.));
#3214 = VECTOR('',#3215,1.);
#3215 = DIRECTION('',(0.,-1.));
#3216 = ( GEOMETRIC_REPRESENTATION_CONTEXT(2) 
PARAMETRIC_REPRESENTATION_CONTEXT() REPRESENTATION_CONTEXT('2D SPACE',''
  ) );
#3217 = ORIENTED_EDGE('',*,*,#3218,.F.);
#3218 = EDGE_CURVE('',#3219,#3196,#3221,.T.);
#3219 = VERTEX_POINT('',#3220);
#3220 = CARTESIAN_POINT('',(856.6750490563,-30.,598.48704120729));
#3221 = SURFACE_CURVE('',#3222,(#3226,#3233),.PCURVE_S1.);
#3222 = LINE('',#3223,#3224);
#3223 = CARTESIAN_POINT('',(856.6750490563,-30.,598.48704120729));
#3224 = VECTOR('',#3225,1.);
#3225 = DIRECTION('',(0.832050294338,0.,0.554700196225));
#3226 = PCURVE('',#2060,#3227);
#3227 = DEFINITIONAL_REPRESENTATION('',(#3228),#3232);
#3228 = LINE('',#3229,#3230);
#3229 = CARTESIAN_POINT('',(380.,22.));
#3230 = VECTOR('',#3231,1.);
#3231 = DIRECTION('',(1.,0.));
#3232 = ( GEOMETRIC_REPRESENTATION_CONTEXT(2) 
PARAMETRIC_REPRESENTATION_CONTEXT() REPRESENTATION_CONTEXT('2D SPACE',''
  ) );
#3233 = PCURVE('',#3234,#3239);
#3234 = PLANE('',#3235);
#3235 = AXIS2_PLACEMENT_3D('',#3236,#3237,#3238);
#3236 = CARTESIAN_POINT('',(856.6750490563,-30.,598.48704120729));
#3237 = DIRECTION('',(-0.,1.,0.));
#3238 = DIRECTION('',(-0.554700196225,0.,0.832050294338));
#3239 = DEFINITIONAL_REPRESENTATION('',(#3240),#3244);
#3240 = LINE('',#3241,#3242);
#3241 = CARTESIAN_POINT('',(0.,0.));
#3242 = VECTOR('',#3243,1.);
#3243 = DIRECTION('',(0.,1.));
#3244 = ( GEOMETRIC_REPRESENTATION_CONTEXT(2) 
PARAMETRIC_REPRESENTATION_CONTEXT() REPRESENTATION_CONTEXT('2D SPACE',''
  ) );
#3245 = ORIENTED_EDGE('',*,*,#3246,.T.);
#3246 = EDGE_CURVE('',#3219,#3247,#3249,.T.);
#3247 = VERTEX_POINT('',#3248);
#3248 = CARTESIAN_POINT('',(856.6750490563,30.,598.48704120729));
#3249 = SURFACE_CURVE('',#3250,(#3254,#3261),.PCURVE_S1.);
#3250 = LINE('',#3251,#3252);
#3251 = CARTESIAN_POINT('',(856.6750490563,-30.,598.48704120729));
#3252 = VECTOR('',#3253,1.);
#3253 = DIRECTION('',(-0.,1.,0.));
#3254 = PCURVE('',#2060,#3255);
#3255 = DEFINITIONAL_REPRESENTATION('',(#3256),#3260);
#3256 = LINE('',#3257,#3258);
#3257 = CARTESIAN_POINT('',(380.,22.));
#3258 = VECTOR('',#3259,1.);
#3259 = DIRECTION('',(0.,1.));
#3260 = ( GEOMETRIC_REPRESENTATION_CONTEXT(2) 
PARAMETRIC_REPRESENTATION_CONTEXT() REPRESENTATION_CONTEXT('2D SPACE',''
  ) );
#3261 = PCURVE('',#3262,#3267);
#3262 = PLANE('',#3263);
#3263 = AXIS2_PLACEMENT_3D('',#3264,#3265,#3266);
#3264 = CARTESIAN_POINT('',(856.6750490563,-30.,598.48704120729));
#3265 = DIRECTION('',(0.832050294338,0.,0.554700196225));
#3266 = DIRECTION('',(-0.554700196225,0.,0.832050294338));
#3267 = DEFINITIONAL_REPRESENTATION('',(#3268),#3272);
#3268 = LINE('',#3269,#3270);
#3269 = CARTESIAN_POINT('',(0.,0.));
#3270 = VECTOR('',#3271,1.);
#3271 = DIRECTION('',(0.,-1.));
#3272 = ( GEOMETRIC_REPRESENTATION_CONTEXT(2) 
PARAMETRIC_REPRESENTATION_CONTEXT() REPRESENTATION_CONTEXT('2D SPACE',''
  ) );
#3273 = ORIENTED_EDGE('',*,*,#3274,.T.);
#3274 = EDGE_CURVE('',#3247,#3275,#3277,.T.);
#3275 = VERTEX_POINT('',#3276);
#3276 = CARTESIAN_POINT('',(873.31605494306,30.,609.5810451318));
#3277 = SURFACE_CURVE('',#3278,(#3282,#3289),.PCURVE_S1.);
#3278 = LINE('',#3279,#3280);
#3279 = CARTESIAN_POINT('',(856.6750490563,30.,598.48704120729));
#3280 = VECTOR('',#3281,1.);
#3281 = DIRECTION('',(0.832050294338,0.,0.554700196225));
#3282 = PCURVE('',#2060,#3283);
#3283 = DEFINITIONAL_REPRESENTATION('',(#3284),#3288);
#3284 = LINE('',#3285,#3286);
#3285 = CARTESIAN_POINT('',(380.,82.));
#3286 = VECTOR('',#3287,1.);
#3287 = DIRECTION('',(1.,0.));
#3288 = ( GEOMETRIC_REPRESENTATION_CONTEXT(2) 
PARAMETRIC_REPRESENTATION_CONTEXT() REPRESENTATION_CONTEXT('2D SPACE',''
  ) );
#3289 = PCURVE('',#3290,#3295);
#3290 = PLANE('',#3291);
#3291 = AXIS2_PLACEMENT_3D('',#3292,#3293,#3294);
#3292 = CARTESIAN_POINT('',(856.6750490563,30.,598.48704120729));
#3293 = DIRECTION('',(-0.,1.,0.));
#3294 = DIRECTION('',(-0.554700196225,0.,0.832050294338));
#3295 = DEFINITIONAL_REPRESENTATION('',(#3296),#3300);
#3296 = LINE('',#3297,#3298);
#3297 = CARTESIAN_POINT('',(0.,0.));
#3298 = VECTOR('',#3299,1.);
#3299 = DIRECTION('',(0.,1.));
#3300 = ( GEOMETRIC_REPRESENTATION_CONTEXT(2) 
PARAMETRIC_REPRESENTATION_CONTEXT() REPRESENTATION_CONTEXT('2D SPACE',''
  ) );
#3301 = ORIENTED_EDGE('',*,*,#3302,.T.);
#3302 = EDGE_CURVE('',#3275,#2361,#3303,.T.);
#3303 = SURFACE_CURVE('',#3304,(#3308,#3315),.PCURVE_S1.);
#3304 = LINE('',#3305,#3306);
#3305 = CARTESIAN_POINT('',(873.31605494306,-52.,609.5810451318));
#3306 = VECTOR('',#3307,1.);
#3307 = DIRECTION('',(-0.,1.,0.));
#3308 = PCURVE('',#2060,#3309);
#3309 = DEFINITIONAL_REPRESENTATION('',(#3310),#3314);
#3310 = LINE('',#3311,#3312);
#3311 = CARTESIAN_POINT('',(400.,0.));
#3312 = VECTOR('',#3313,1.);
#3313 = DIRECTION('',(0.,1.));
#3314 = ( GEOMETRIC_REPRESENTATION_CONTEXT(2) 
PARAMETRIC_REPRESENTATION_CONTEXT() REPRESENTATION_CONTEXT('2D SPACE',''
  ) );
#3315 = PCURVE('',#2086,#3316);
#3316 = DEFINITIONAL_REPRESENTATION('',(#3317),#3321);
#3317 = LINE('',#3318,#3319);
#3318 = CARTESIAN_POINT('',(4.,0.));
#3319 = VECTOR('',#3320,1.);
#3320 = DIRECTION('',(0.,-1.));
#3321 = ( GEOMETRIC_REPRESENTATION_CONTEXT(2) 
PARAMETRIC_REPRESENTATION_CONTEXT() REPRESENTATION_CONTEXT('2D SPACE',''
  ) );
#3322 = ORIENTED_EDGE('',*,*,#2360,.F.);
#3323 = FACE_BOUND('',#3324,.T.);
#3324 = EDGE_LOOP('',(#3325,#3353,#3379,#3405));
#3325 = ORIENTED_EDGE('',*,*,#3326,.T.);
#3326 = EDGE_CURVE('',#3327,#3329,#3331,.T.);
#3327 = VERTEX_POINT('',#3328);
#3328 = CARTESIAN_POINT('',(606.22791046061,-6.403124237433,
    431.5222821435));
#3329 = VERTEX_POINT('',#3330);
#3330 = CARTESIAN_POINT('',(606.22791046061,6.403124237433,
    431.5222821435));
#3331 = SURFACE_CURVE('',#3332,(#3336,#3342),.PCURVE_S1.);
#3332 = LINE('',#3333,#3334);
#3333 = CARTESIAN_POINT('',(606.22791046061,-26.,431.5222821435));
#3334 = VECTOR('',#3335,1.);
#3335 = DIRECTION('',(0.,1.,0.));
#3336 = PCURVE('',#2060,#3337);
#3337 = DEFINITIONAL_REPRESENTATION('',(#3338),#3341);
#3338 = B_SPLINE_CURVE_WITH_KNOTS('',1,(#3339,#3340),.UNSPECIFIED.,.F.,
  .F.,(2,2),(5.,47.),.PIECEWISE_BEZIER_KNOTS.);
#3339 = CARTESIAN_POINT('',(79.,31.));
#3340 = CARTESIAN_POINT('',(79.,73.));
#3341 = ( GEOMETRIC_REPRESENTATION_CONTEXT(2) 
PARAMETRIC_REPRESENTATION_CONTEXT() REPRESENTATION_CONTEXT('2D SPACE',''
  ) );
#3342 = PCURVE('',#3343,#3348);
#3343 = PLANE('',#3344);
#3344 = AXIS2_PLACEMENT_3D('',#3345,#3346,#3347);
#3345 = CARTESIAN_POINT('',(617.32191438512,0.,414.88127625674));
#3346 = DIRECTION('',(0.832050294338,0.,0.554700196225));
#3347 = DIRECTION('',(0.554700196225,0.,-0.832050294338));
#3348 = DEFINITIONAL_REPRESENTATION('',(#3349),#3352);
#3349 = B_SPLINE_CURVE_WITH_KNOTS('',1,(#3350,#3351),.UNSPECIFIED.,.F.,
  .F.,(2,2),(5.,47.),.PIECEWISE_BEZIER_KNOTS.);
#3350 = CARTESIAN_POINT('',(-20.,-21.));
#3351 = CARTESIAN_POINT('',(-20.,21.));
#3352 = ( GEOMETRIC_REPRESENTATION_CONTEXT(2) 
PARAMETRIC_REPRESENTATION_CONTEXT() REPRESENTATION_CONTEXT('2D SPACE',''
  ) );
#3353 = ORIENTED_EDGE('',*,*,#3354,.T.);
#3354 = EDGE_CURVE('',#3329,#3355,#3357,.T.);
#3355 = VERTEX_POINT('',#3356);
#3356 = CARTESIAN_POINT('',(624.53301693604,6.403124237433,
    443.72568646045));
#3357 = SURFACE_CURVE('',#3358,(#3362,#3368),.PCURVE_S1.);
#3358 = LINE('',#3359,#3360);
#3359 = CARTESIAN_POINT('',(606.22791046061,6.403124237433,
    431.5222821435));
#3360 = VECTOR('',#3361,1.);
#3361 = DIRECTION('',(0.832050294338,0.,0.554700196225));
#3362 = PCURVE('',#2060,#3363);
#3363 = DEFINITIONAL_REPRESENTATION('',(#3364),#3367);
#3364 = B_SPLINE_CURVE_WITH_KNOTS('',1,(#3365,#3366),.UNSPECIFIED.,.F.,
  .F.,(2,2),(-2.399999999625E-06,22.0000024),.PIECEWISE_BEZIER_KNOTS.);
#3365 = CARTESIAN_POINT('',(78.9999976,58.403124237433));
#3366 = CARTESIAN_POINT('',(101.0000024,58.403124237433));
#3367 = ( GEOMETRIC_REPRESENTATION_CONTEXT(2) 
PARAMETRIC_REPRESENTATION_CONTEXT() REPRESENTATION_CONTEXT('2D SPACE',''
  ) );
#3368 = PCURVE('',#3369,#3374);
#3369 = CYLINDRICAL_SURFACE('',#3370,21.);
#3370 = AXIS2_PLACEMENT_3D('',#3371,#3372,#3373);
#3371 = CARTESIAN_POINT('',(617.32191438512,0.,414.88127625674));
#3372 = DIRECTION('',(0.832050294338,0.,0.554700196225));
#3373 = DIRECTION('',(0.554700196225,0.,-0.832050294338));
#3374 = DEFINITIONAL_REPRESENTATION('',(#3375),#3378);
#3375 = B_SPLINE_CURVE_WITH_KNOTS('',1,(#3376,#3377),.UNSPECIFIED.,.F.,
  .F.,(2,2),(-2.399999999625E-06,22.0000024),.PIECEWISE_BEZIER_KNOTS.);
#3376 = CARTESIAN_POINT('',(2.831748013848,-2.399999995184E-06));
#3377 = CARTESIAN_POINT('',(2.831748013848,22.0000024));
#3378 = ( GEOMETRIC_REPRESENTATION_CONTEXT(2) 
PARAMETRIC_REPRESENTATION_CONTEXT() REPRESENTATION_CONTEXT('2D SPACE',''
  ) );
#3379 = ORIENTED_EDGE('',*,*,#3380,.F.);
#3380 = EDGE_CURVE('',#3381,#3355,#3383,.T.);
#3381 = VERTEX_POINT('',#3382);
#3382 = CARTESIAN_POINT('',(624.53301693604,-6.403124237433,
    443.72568646045));
#3383 = SURFACE_CURVE('',#3384,(#3388,#3394),.PCURVE_S1.);
#3384 = LINE('',#3385,#3386);
#3385 = CARTESIAN_POINT('',(624.53301693604,-26.,443.72568646045));
#3386 = VECTOR('',#3387,1.);
#3387 = DIRECTION('',(0.,1.,0.));
#3388 = PCURVE('',#2060,#3389);
#3389 = DEFINITIONAL_REPRESENTATION('',(#3390),#3393);
#3390 = B_SPLINE_CURVE_WITH_KNOTS('',1,(#3391,#3392),.UNSPECIFIED.,.F.,
  .F.,(2,2),(5.,47.),.PIECEWISE_BEZIER_KNOTS.);
#3391 = CARTESIAN_POINT('',(101.,31.));
#3392 = CARTESIAN_POINT('',(101.,73.));
#3393 = ( GEOMETRIC_REPRESENTATION_CONTEXT(2) 
PARAMETRIC_REPRESENTATION_CONTEXT() REPRESENTATION_CONTEXT('2D SPACE',''
  ) );
#3394 = PCURVE('',#3395,#3400);
#3395 = PLANE('',#3396);
#3396 = AXIS2_PLACEMENT_3D('',#3397,#3398,#3399);
#3397 = CARTESIAN_POINT('',(635.62702086055,0.,427.0846805737));
#3398 = DIRECTION('',(0.832050294338,0.,0.554700196225));
#3399 = DIRECTION('',(0.554700196225,0.,-0.832050294338));
#3400 = DEFINITIONAL_REPRESENTATION('',(#3401),#3404);
#3401 = B_SPLINE_CURVE_WITH_KNOTS('',1,(#3402,#3403),.UNSPECIFIED.,.F.,
  .F.,(2,2),(5.,47.),.PIECEWISE_BEZIER_KNOTS.);
#3402 = CARTESIAN_POINT('',(-20.,-21.));
#3403 = CARTESIAN_POINT('',(-20.,21.));
#3404 = ( GEOMETRIC_REPRESENTATION_CONTEXT(2) 
PARAMETRIC_REPRESENTATION_CONTEXT() REPRESENTATION_CONTEXT('2D SPACE',''
  ) );
#3405 = ORIENTED_EDGE('',*,*,#3406,.F.);
#3406 = EDGE_CURVE('',#3327,#3381,#3407,.T.);
#3407 = SURFACE_CURVE('',#3408,(#3412,#3418),.PCURVE_S1.);
#3408 = LINE('',#3409,#3410);
#3409 = CARTESIAN_POINT('',(606.22791046061,-6.403124237433,
    431.5222821435));
#3410 = VECTOR('',#3411,1.);
#3411 = DIRECTION('',(0.832050294338,0.,0.554700196225));
#3412 = PCURVE('',#2060,#3413);
#3413 = DEFINITIONAL_REPRESENTATION('',(#3414),#3417);
#3414 = B_SPLINE_CURVE_WITH_KNOTS('',1,(#3415,#3416),.UNSPECIFIED.,.F.,
  .F.,(2,2),(-2.399999999625E-06,22.0000024),.PIECEWISE_BEZIER_KNOTS.);
#3415 = CARTESIAN_POINT('',(78.9999976,45.596875762567));
#3416 = CARTESIAN_POINT('',(101.0000024,45.596875762567));
#3417 = ( GEOMETRIC_REPRESENTATION_CONTEXT(2) 
PARAMETRIC_REPRESENTATION_CONTEXT() REPRESENTATION_CONTEXT('2D SPACE',''
  ) );
#3418 = PCURVE('',#3369,#3419);
#3419 = DEFINITIONAL_REPRESENTATION('',(#3420),#3423);
#3420 = B_SPLINE_CURVE_WITH_KNOTS('',1,(#3421,#3422),.UNSPECIFIED.,.F.,
  .F.,(2,2),(-2.399999999625E-06,22.0000024),.PIECEWISE_BEZIER_KNOTS.);
#3421 = CARTESIAN_POINT('',(3.451437293331,-2.399999995184E-06));
#3422 = CARTESIAN_POINT('',(3.451437293331,22.0000024));
#3423 = ( GEOMETRIC_REPRESENTATION_CONTEXT(2) 
PARAMETRIC_REPRESENTATION_CONTEXT() REPRESENTATION_CONTEXT('2D SPACE',''
  ) );
#3424 = FACE_BOUND('',#3425,.T.);
#3425 = EDGE_LOOP('',(#3426,#3454,#3480,#3506));
#3426 = ORIENTED_EDGE('',*,*,#3427,.T.);
#3427 = EDGE_CURVE('',#3428,#3430,#3432,.T.);
#3428 = VERTEX_POINT('',#3429);
#3429 = CARTESIAN_POINT('',(789.27897521494,-6.403124237433,
    553.55632531305));
#3430 = VERTEX_POINT('',#3431);
#3431 = CARTESIAN_POINT('',(789.27897521494,6.403124237433,
    553.55632531305));
#3432 = SURFACE_CURVE('',#3433,(#3437,#3443),.PCURVE_S1.);
#3433 = LINE('',#3434,#3435);
#3434 = CARTESIAN_POINT('',(789.27897521494,-26.,553.55632531305));
#3435 = VECTOR('',#3436,1.);
#3436 = DIRECTION('',(0.,1.,0.));
#3437 = PCURVE('',#2060,#3438);
#3438 = DEFINITIONAL_REPRESENTATION('',(#3439),#3442);
#3439 = B_SPLINE_CURVE_WITH_KNOTS('',1,(#3440,#3441),.UNSPECIFIED.,.F.,
  .F.,(2,2),(5.,47.),.PIECEWISE_BEZIER_KNOTS.);
#3440 = CARTESIAN_POINT('',(299.,31.));
#3441 = CARTESIAN_POINT('',(299.,73.));
#3442 = ( GEOMETRIC_REPRESENTATION_CONTEXT(2) 
PARAMETRIC_REPRESENTATION_CONTEXT() REPRESENTATION_CONTEXT('2D SPACE',''
  ) );
#3443 = PCURVE('',#3444,#3449);
#3444 = PLANE('',#3445);
#3445 = AXIS2_PLACEMENT_3D('',#3446,#3447,#3448);
#3446 = CARTESIAN_POINT('',(800.37297913944,0.,536.91531942629));
#3447 = DIRECTION('',(0.832050294338,0.,0.554700196225));
#3448 = DIRECTION('',(0.554700196225,0.,-0.832050294338));
#3449 = DEFINITIONAL_REPRESENTATION('',(#3450),#3453);
#3450 = B_SPLINE_CURVE_WITH_KNOTS('',1,(#3451,#3452),.UNSPECIFIED.,.F.,
  .F.,(2,2),(5.,47.),.PIECEWISE_BEZIER_KNOTS.);
#3451 = CARTESIAN_POINT('',(-20.,-21.));
#3452 = CARTESIAN_POINT('',(-20.,21.));
#3453 = ( GEOMETRIC_REPRESENTATION_CONTEXT(2) 
PARAMETRIC_REPRESENTATION_CONTEXT() REPRESENTATION_CONTEXT('2D SPACE',''
  ) );
#3454 = ORIENTED_EDGE('',*,*,#3455,.T.);
#3455 = EDGE_CURVE('',#3430,#3456,#3458,.T.);
#3456 = VERTEX_POINT('',#3457);
#3457 = CARTESIAN_POINT('',(807.58408169037,6.403124237433,
    565.75972963001));
#3458 = SURFACE_CURVE('',#3459,(#3463,#3469),.PCURVE_S1.);
#3459 = LINE('',#3460,#3461);
#3460 = CARTESIAN_POINT('',(789.27897521494,6.403124237433,
    553.55632531305));
#3461 = VECTOR('',#3462,1.);
#3462 = DIRECTION('',(0.832050294338,0.,0.554700196225));
#3463 = PCURVE('',#2060,#3464);
#3464 = DEFINITIONAL_REPRESENTATION('',(#3465),#3468);
#3465 = B_SPLINE_CURVE_WITH_KNOTS('',1,(#3466,#3467),.UNSPECIFIED.,.F.,
  .F.,(2,2),(-2.399999999625E-06,22.0000024),.PIECEWISE_BEZIER_KNOTS.);
#3466 = CARTESIAN_POINT('',(298.9999976,58.403124237433));
#3467 = CARTESIAN_POINT('',(321.0000024,58.403124237433));
#3468 = ( GEOMETRIC_REPRESENTATION_CONTEXT(2) 
PARAMETRIC_REPRESENTATION_CONTEXT() REPRESENTATION_CONTEXT('2D SPACE',''
  ) );
#3469 = PCURVE('',#3470,#3475);
#3470 = CYLINDRICAL_SURFACE('',#3471,21.);
#3471 = AXIS2_PLACEMENT_3D('',#3472,#3473,#3474);
#3472 = CARTESIAN_POINT('',(800.37297913944,0.,536.91531942629));
#3473 = DIRECTION('',(0.832050294338,0.,0.554700196225));
#3474 = DIRECTION('',(0.554700196225,0.,-0.832050294338));
#3475 = DEFINITIONAL_REPRESENTATION('',(#3476),#3479);
#3476 = B_SPLINE_CURVE_WITH_KNOTS('',1,(#3477,#3478),.UNSPECIFIED.,.F.,
  .F.,(2,2),(-2.399999999625E-06,22.0000024),.PIECEWISE_BEZIER_KNOTS.);
#3477 = CARTESIAN_POINT('',(2.831748013848,-2.399999995184E-06));
#3478 = CARTESIAN_POINT('',(2.831748013848,22.0000024));
#3479 = ( GEOMETRIC_REPRESENTATION_CONTEXT(2) 
PARAMETRIC_REPRESENTATION_CONTEXT() REPRESENTATION_CONTEXT('2D SPACE',''
  ) );
#3480 = ORIENTED_EDGE('',*,*,#3481,.F.);
#3481 = EDGE_CURVE('',#3482,#3456,#3484,.T.);
#3482 = VERTEX_POINT('',#3483);
#3483 = CARTESIAN_POINT('',(807.58408169037,-6.403124237433,
    565.75972963001));
#3484 = SURFACE_CURVE('',#3485,(#3489,#3495),.PCURVE_S1.);
#3485 = LINE('',#3486,#3487);
#3486 = CARTESIAN_POINT('',(807.58408169037,-26.,565.75972963001));
#3487 = VECTOR('',#3488,1.);
#3488 = DIRECTION('',(0.,1.,0.));
#3489 = PCURVE('',#2060,#3490);
#3490 = DEFINITIONAL_REPRESENTATION('',(#3491),#3494);
#3491 = B_SPLINE_CURVE_WITH_KNOTS('',1,(#3492,#3493),.UNSPECIFIED.,.F.,
  .F.,(2,2),(5.,47.),.PIECEWISE_BEZIER_KNOTS.);
#3492 = CARTESIAN_POINT('',(321.,31.));
#3493 = CARTESIAN_POINT('',(321.,73.));
#3494 = ( GEOMETRIC_REPRESENTATION_CONTEXT(2) 
PARAMETRIC_REPRESENTATION_CONTEXT() REPRESENTATION_CONTEXT('2D SPACE',''
  ) );
#3495 = PCURVE('',#3496,#3501);
#3496 = PLANE('',#3497);
#3497 = AXIS2_PLACEMENT_3D('',#3498,#3499,#3500);
#3498 = CARTESIAN_POINT('',(818.67808561487,0.,549.11872374325));
#3499 = DIRECTION('',(0.832050294338,0.,0.554700196225));
#3500 = DIRECTION('',(0.554700196225,0.,-0.832050294338));
#3501 = DEFINITIONAL_REPRESENTATION('',(#3502),#3505);
#3502 = B_SPLINE_CURVE_WITH_KNOTS('',1,(#3503,#3504),.UNSPECIFIED.,.F.,
  .F.,(2,2),(5.,47.),.PIECEWISE_BEZIER_KNOTS.);
#3503 = CARTESIAN_POINT('',(-20.,-21.));
#3504 = CARTESIAN_POINT('',(-20.,21.));
#3505 = ( GEOMETRIC_REPRESENTATION_CONTEXT(2) 
PARAMETRIC_REPRESENTATION_CONTEXT() REPRESENTATION_CONTEXT('2D SPACE',''
  ) );
#3506 = ORIENTED_EDGE('',*,*,#3507,.F.);
#3507 = EDGE_CURVE('',#3428,#3482,#3508,.T.);
#3508 = SURFACE_CURVE('',#3509,(#3513,#3519),.PCURVE_S1.);
#3509 = LINE('',#3510,#3511);
#3510 = CARTESIAN_POINT('',(789.27897521494,-6.403124237433,
    553.55632531305));
#3511 = VECTOR('',#3512,1.);
#3512 = DIRECTION('',(0.832050294338,0.,0.554700196225));
#3513 = PCURVE('',#2060,#3514);
#3514 = DEFINITIONAL_REPRESENTATION('',(#3515),#3518);
#3515 = B_SPLINE_CURVE_WITH_KNOTS('',1,(#3516,#3517),.UNSPECIFIED.,.F.,
  .F.,(2,2),(-2.399999999625E-06,22.0000024),.PIECEWISE_BEZIER_KNOTS.);
#3516 = CARTESIAN_POINT('',(298.9999976,45.596875762567));
#3517 = CARTESIAN_POINT('',(321.0000024,45.596875762567));
#3518 = ( GEOMETRIC_REPRESENTATION_CONTEXT(2) 
PARAMETRIC_REPRESENTATION_CONTEXT() REPRESENTATION_CONTEXT('2D SPACE',''
  ) );
#3519 = PCURVE('',#3470,#3520);
#3520 = DEFINITIONAL_REPRESENTATION('',(#3521),#3524);
#3521 = B_SPLINE_CURVE_WITH_KNOTS('',1,(#3522,#3523),.UNSPECIFIED.,.F.,
  .F.,(2,2),(-2.399999999625E-06,22.0000024),.PIECEWISE_BEZIER_KNOTS.);
#3522 = CARTESIAN_POINT('',(3.451437293331,-2.399999995184E-06));
#3523 = CARTESIAN_POINT('',(3.451437293331,22.0000024));
#3524 = ( GEOMETRIC_REPRESENTATION_CONTEXT(2) 
PARAMETRIC_REPRESENTATION_CONTEXT() REPRESENTATION_CONTEXT('2D SPACE',''
  ) );
#3525 = FACE_BOUND('',#3526,.T.);
#3526 = EDGE_LOOP('',(#3527,#3557,#3585,#3613));
#3527 = ORIENTED_EDGE('',*,*,#3528,.T.);
#3528 = EDGE_CURVE('',#3529,#3531,#3533,.T.);
#3529 = VERTEX_POINT('',#3530);
#3530 = CARTESIAN_POINT('',(823.39303728279,-25.,576.29903335828));
#3531 = VERTEX_POINT('',#3532);
#3532 = CARTESIAN_POINT('',(823.39303728279,25.,576.29903335828));
#3533 = SURFACE_CURVE('',#3534,(#3538,#3545),.PCURVE_S1.);
#3534 = LINE('',#3535,#3536);
#3535 = CARTESIAN_POINT('',(823.39303728279,-25.,576.29903335828));
#3536 = VECTOR('',#3537,1.);
#3537 = DIRECTION('',(-0.,1.,0.));
#3538 = PCURVE('',#2060,#3539);
#3539 = DEFINITIONAL_REPRESENTATION('',(#3540),#3544);
#3540 = LINE('',#3541,#3542);
#3541 = CARTESIAN_POINT('',(340.,27.));
#3542 = VECTOR('',#3543,1.);
#3543 = DIRECTION('',(0.,1.));
#3544 = ( GEOMETRIC_REPRESENTATION_CONTEXT(2) 
PARAMETRIC_REPRESENTATION_CONTEXT() REPRESENTATION_CONTEXT('2D SPACE',''
  ) );
#3545 = PCURVE('',#3546,#3551);
#3546 = PLANE('',#3547);
#3547 = AXIS2_PLACEMENT_3D('',#3548,#3549,#3550);
#3548 = CARTESIAN_POINT('',(823.39303728279,-25.,576.29903335828));
#3549 = DIRECTION('',(0.832050294338,0.,0.554700196225));
#3550 = DIRECTION('',(-0.554700196225,0.,0.832050294338));
#3551 = DEFINITIONAL_REPRESENTATION('',(#3552),#3556);
#3552 = LINE('',#3553,#3554);
#3553 = CARTESIAN_POINT('',(0.,0.));
#3554 = VECTOR('',#3555,1.);
#3555 = DIRECTION('',(0.,-1.));
#3556 = ( GEOMETRIC_REPRESENTATION_CONTEXT(2) 
PARAMETRIC_REPRESENTATION_CONTEXT() REPRESENTATION_CONTEXT('2D SPACE',''
  ) );
#3557 = ORIENTED_EDGE('',*,*,#3558,.T.);
#3558 = EDGE_CURVE('',#3531,#3559,#3561,.T.);
#3559 = VERTEX_POINT('',#3560);
#3560 = CARTESIAN_POINT('',(831.71354022617,25.,581.84603532054));
#3561 = SURFACE_CURVE('',#3562,(#3566,#3573),.PCURVE_S1.);
#3562 = LINE('',#3563,#3564);
#3563 = CARTESIAN_POINT('',(823.39303728279,25.,576.29903335828));
#3564 = VECTOR('',#3565,1.);
#3565 = DIRECTION('',(0.832050294338,0.,0.554700196225));
#3566 = PCURVE('',#2060,#3567);
#3567 = DEFINITIONAL_REPRESENTATION('',(#3568),#3572);
#3568 = LINE('',#3569,#3570);
#3569 = CARTESIAN_POINT('',(340.,77.));
#3570 = VECTOR('',#3571,1.);
#3571 = DIRECTION('',(1.,0.));
#3572 = ( GEOMETRIC_REPRESENTATION_CONTEXT(2) 
PARAMETRIC_REPRESENTATION_CONTEXT() REPRESENTATION_CONTEXT('2D SPACE',''
  ) );
#3573 = PCURVE('',#3574,#3579);
#3574 = PLANE('',#3575);
#3575 = AXIS2_PLACEMENT_3D('',#3576,#3577,#3578);
#3576 = CARTESIAN_POINT('',(823.39303728279,25.,576.29903335828));
#3577 = DIRECTION('',(-0.,1.,0.));
#3578 = DIRECTION('',(-0.554700196225,0.,0.832050294338));
#3579 = DEFINITIONAL_REPRESENTATION('',(#3580),#3584);
#3580 = LINE('',#3581,#3582);
#3581 = CARTESIAN_POINT('',(0.,0.));
#3582 = VECTOR('',#3583,1.);
#3583 = DIRECTION('',(0.,1.));
#3584 = ( GEOMETRIC_REPRESENTATION_CONTEXT(2) 
PARAMETRIC_REPRESENTATION_CONTEXT() REPRESENTATION_CONTEXT('2D SPACE',''
  ) );
#3585 = ORIENTED_EDGE('',*,*,#3586,.F.);
#3586 = EDGE_CURVE('',#3587,#3559,#3589,.T.);
#3587 = VERTEX_POINT('',#3588);
#3588 = CARTESIAN_POINT('',(831.71354022617,-25.,581.84603532054));
#3589 = SURFACE_CURVE('',#3590,(#3594,#3601),.PCURVE_S1.);
#3590 = LINE('',#3591,#3592);
#3591 = CARTESIAN_POINT('',(831.71354022617,-25.,581.84603532054));
#3592 = VECTOR('',#3593,1.);
#3593 = DIRECTION('',(-0.,1.,0.));
#3594 = PCURVE('',#2060,#3595);
#3595 = DEFINITIONAL_REPRESENTATION('',(#3596),#3600);
#3596 = LINE('',#3597,#3598);
#3597 = CARTESIAN_POINT('',(350.,27.));
#3598 = VECTOR('',#3599,1.);
#3599 = DIRECTION('',(0.,1.));
#3600 = ( GEOMETRIC_REPRESENTATION_CONTEXT(2) 
PARAMETRIC_REPRESENTATION_CONTEXT() REPRESENTATION_CONTEXT('2D SPACE',''
  ) );
#3601 = PCURVE('',#3602,#3607);
#3602 = PLANE('',#3603);
#3603 = AXIS2_PLACEMENT_3D('',#3604,#3605,#3606);
#3604 = CARTESIAN_POINT('',(831.71354022617,-25.,581.84603532054));
#3605 = DIRECTION('',(0.832050294338,0.,0.554700196225));
#3606 = DIRECTION('',(-0.554700196225,0.,0.832050294338));
#3607 = DEFINITIONAL_REPRESENTATION('',(#3608),#3612);
#3608 = LINE('',#3609,#3610);
#3609 = CARTESIAN_POINT('',(0.,0.));
#3610 = VECTOR('',#3611,1.);
#3611 = DIRECTION('',(0.,-1.));
#3612 = ( GEOMETRIC_REPRESENTATION_CONTEXT(2) 
PARAMETRIC_REPRESENTATION_CONTEXT() REPRESENTATION_CONTEXT('2D SPACE',''
  ) );
#3613 = ORIENTED_EDGE('',*,*,#3614,.F.);
#3614 = EDGE_CURVE('',#3529,#3587,#3615,.T.);
#3615 = SURFACE_CURVE('',#3616,(#3620,#3627),.PCURVE_S1.);
#3616 = LINE('',#3617,#3618);
#3617 = CARTESIAN_POINT('',(823.39303728279,-25.,576.29903335828));
#3618 = VECTOR('',#3619,1.);
#3619 = DIRECTION('',(0.832050294338,0.,0.554700196225));
#3620 = PCURVE('',#2060,#3621);
#3621 = DEFINITIONAL_REPRESENTATION('',(#3622),#3626);
#3622 = LINE('',#3623,#3624);
#3623 = CARTESIAN_POINT('',(340.,27.));
#3624 = VECTOR('',#3625,1.);
#3625 = DIRECTION('',(1.,0.));
#3626 = ( GEOMETRIC_REPRESENTATION_CONTEXT(2) 
PARAMETRIC_REPRESENTATION_CONTEXT() REPRESENTATION_CONTEXT('2D SPACE',''
  ) );
#3627 = PCURVE('',#3628,#3633);
#3628 = PLANE('',#3629);
#3629 = AXIS2_PLACEMENT_3D('',#3630,#3631,#3632);
#3630 = CARTESIAN_POINT('',(823.39303728279,-25.,576.29903335828));
#3631 = DIRECTION('',(-0.,1.,0.));
#3632 = DIRECTION('',(-0.554700196225,0.,0.832050294338));
#3633 = DEFINITIONAL_REPRESENTATION('',(#3634),#3638);
#3634 = LINE('',#3635,#3636);
#3635 = CARTESIAN_POINT('',(0.,0.));
#3636 = VECTOR('',#3637,1.);
#3637 = DIRECTION('',(0.,1.));
#3638 = ( GEOMETRIC_REPRESENTATION_CONTEXT(2) 
PARAMETRIC_REPRESENTATION_CONTEXT() REPRESENTATION_CONTEXT('2D SPACE',''
  ) );
#3639 = ADVANCED_FACE('',(#3640,#3719),#2086,.T.);
#3640 = FACE_BOUND('',#3641,.T.);
#3641 = EDGE_LOOP('',(#3642,#3643,#3644,#3645,#3646,#3669,#3697,#3718));
#3642 = ORIENTED_EDGE('',*,*,#2072,.F.);
#3643 = ORIENTED_EDGE('',*,*,#2103,.T.);
#3644 = ORIENTED_EDGE('',*,*,#2383,.T.);
#3645 = ORIENTED_EDGE('',*,*,#3302,.F.);
#3646 = ORIENTED_EDGE('',*,*,#3647,.T.);
#3647 = EDGE_CURVE('',#3275,#3648,#3650,.T.);
#3648 = VERTEX_POINT('',#3649);
#3649 = CARTESIAN_POINT('',(860.00325023365,30.,629.55025219591));
#3650 = SURFACE_CURVE('',#3651,(#3655,#3662),.PCURVE_S1.);
#3651 = LINE('',#3652,#3653);
#3652 = CARTESIAN_POINT('',(873.31605494306,30.,609.5810451318));
#3653 = VECTOR('',#3654,1.);
#3654 = DIRECTION('',(-0.554700196225,0.,0.832050294338));
#3655 = PCURVE('',#2086,#3656);
#3656 = DEFINITIONAL_REPRESENTATION('',(#3657),#3661);
#3657 = LINE('',#3658,#3659);
#3658 = CARTESIAN_POINT('',(4.,-82.));
#3659 = VECTOR('',#3660,1.);
#3660 = DIRECTION('',(1.,0.));
#3661 = ( GEOMETRIC_REPRESENTATION_CONTEXT(2) 
PARAMETRIC_REPRESENTATION_CONTEXT() REPRESENTATION_CONTEXT('2D SPACE',''
  ) );
#3662 = PCURVE('',#3290,#3663);
#3663 = DEFINITIONAL_REPRESENTATION('',(#3664),#3668);
#3664 = LINE('',#3665,#3666);
#3665 = CARTESIAN_POINT('',(0.,20.));
#3666 = VECTOR('',#3667,1.);
#3667 = DIRECTION('',(1.,0.));
#3668 = ( GEOMETRIC_REPRESENTATION_CONTEXT(2) 
PARAMETRIC_REPRESENTATION_CONTEXT() REPRESENTATION_CONTEXT('2D SPACE',''
  ) );
#3669 = ORIENTED_EDGE('',*,*,#3670,.F.);
#3670 = EDGE_CURVE('',#3671,#3648,#3673,.T.);
#3671 = VERTEX_POINT('',#3672);
#3672 = CARTESIAN_POINT('',(860.00325023365,-30.,629.55025219591));
#3673 = SURFACE_CURVE('',#3674,(#3678,#3685),.PCURVE_S1.);
#3674 = LINE('',#3675,#3676);
#3675 = CARTESIAN_POINT('',(860.00325023365,-30.,629.55025219591));
#3676 = VECTOR('',#3677,1.);
#3677 = DIRECTION('',(-0.,1.,0.));
#3678 = PCURVE('',#2086,#3679);
#3679 = DEFINITIONAL_REPRESENTATION('',(#3680),#3684);
#3680 = LINE('',#3681,#3682);
#3681 = CARTESIAN_POINT('',(28.,-22.));
#3682 = VECTOR('',#3683,1.);
#3683 = DIRECTION('',(0.,-1.));
#3684 = ( GEOMETRIC_REPRESENTATION_CONTEXT(2) 
PARAMETRIC_REPRESENTATION_CONTEXT() REPRESENTATION_CONTEXT('2D SPACE',''
  ) );
#3685 = PCURVE('',#3686,#3691);
#3686 = PLANE('',#3687);
#3687 = AXIS2_PLACEMENT_3D('',#3688,#3689,#3690);
#3688 = CARTESIAN_POINT('',(843.3622443469,-30.,618.4562482714));
#3689 = DIRECTION('',(-0.554700196225,0.,0.832050294338));
#3690 = DIRECTION('',(0.832050294338,0.,0.554700196225));
#3691 = DEFINITIONAL_REPRESENTATION('',(#3692),#3696);
#3692 = LINE('',#3693,#3694);
#3693 = CARTESIAN_POINT('',(20.,0.));
#3694 = VECTOR('',#3695,1.);
#3695 = DIRECTION('',(0.,1.));
#3696 = ( GEOMETRIC_REPRESENTATION_CONTEXT(2) 
PARAMETRIC_REPRESENTATION_CONTEXT() REPRESENTATION_CONTEXT('2D SPACE',''
  ) );
#3697 = ORIENTED_EDGE('',*,*,#3698,.F.);
#3698 = EDGE_CURVE('',#3196,#3671,#3699,.T.);
#3699 = SURFACE_CURVE('',#3700,(#3704,#3711),.PCURVE_S1.);
#3700 = LINE('',#3701,#3702);
#3701 = CARTESIAN_POINT('',(873.31605494306,-30.,609.5810451318));
#3702 = VECTOR('',#3703,1.);
#3703 = DIRECTION('',(-0.554700196225,0.,0.832050294338));
#3704 = PCURVE('',#2086,#3705);
#3705 = DEFINITIONAL_REPRESENTATION('',(#3706),#3710);
#3706 = LINE('',#3707,#3708);
#3707 = CARTESIAN_POINT('',(4.,-22.));
#3708 = VECTOR('',#3709,1.);
#3709 = DIRECTION('',(1.,0.));
#3710 = ( GEOMETRIC_REPRESENTATION_CONTEXT(2) 
PARAMETRIC_REPRESENTATION_CONTEXT() REPRESENTATION_CONTEXT('2D SPACE',''
  ) );
#3711 = PCURVE('',#3234,#3712);
#3712 = DEFINITIONAL_REPRESENTATION('',(#3713),#3717);
#3713 = LINE('',#3714,#3715);
#3714 = CARTESIAN_POINT('',(0.,20.));
#3715 = VECTOR('',#3716,1.);
#3716 = DIRECTION('',(1.,0.));
#3717 = ( GEOMETRIC_REPRESENTATION_CONTEXT(2) 
PARAMETRIC_REPRESENTATION_CONTEXT() REPRESENTATION_CONTEXT('2D SPACE',''
  ) );
#3718 = ORIENTED_EDGE('',*,*,#3195,.F.);
#3719 = FACE_BOUND('',#3720,.T.);
#3720 = EDGE_LOOP('',(#3721,#3751,#3779,#3807));
#3721 = ORIENTED_EDGE('',*,*,#3722,.T.);
#3722 = EDGE_CURVE('',#3723,#3725,#3727,.T.);
#3723 = VERTEX_POINT('',#3724);
#3724 = CARTESIAN_POINT('',(861.1126506261,-10.,627.88615160723));
#3725 = VERTEX_POINT('',#3726);
#3726 = CARTESIAN_POINT('',(861.1126506261,10.,627.88615160723));
#3727 = SURFACE_CURVE('',#3728,(#3732,#3739),.PCURVE_S1.);
#3728 = LINE('',#3729,#3730);
#3729 = CARTESIAN_POINT('',(861.1126506261,-10.,627.88615160723));
#3730 = VECTOR('',#3731,1.);
#3731 = DIRECTION('',(-0.,1.,0.));
#3732 = PCURVE('',#2086,#3733);
#3733 = DEFINITIONAL_REPRESENTATION('',(#3734),#3738);
#3734 = LINE('',#3735,#3736);
#3735 = CARTESIAN_POINT('',(26.,-42.));
#3736 = VECTOR('',#3737,1.);
#3737 = DIRECTION('',(0.,-1.));
#3738 = ( GEOMETRIC_REPRESENTATION_CONTEXT(2) 
PARAMETRIC_REPRESENTATION_CONTEXT() REPRESENTATION_CONTEXT('2D SPACE',''
  ) );
#3739 = PCURVE('',#3740,#3745);
#3740 = PLANE('',#3741);
#3741 = AXIS2_PLACEMENT_3D('',#3742,#3743,#3744);
#3742 = CARTESIAN_POINT('',(861.1126506261,-10.,627.88615160723));
#3743 = DIRECTION('',(-0.554700196225,0.,0.832050294338));
#3744 = DIRECTION('',(0.832050294338,0.,0.554700196225));
#3745 = DEFINITIONAL_REPRESENTATION('',(#3746),#3750);
#3746 = LINE('',#3747,#3748);
#3747 = CARTESIAN_POINT('',(0.,0.));
#3748 = VECTOR('',#3749,1.);
#3749 = DIRECTION('',(0.,1.));
#3750 = ( GEOMETRIC_REPRESENTATION_CONTEXT(2) 
PARAMETRIC_REPRESENTATION_CONTEXT() REPRESENTATION_CONTEXT('2D SPACE',''
  ) );
#3751 = ORIENTED_EDGE('',*,*,#3752,.F.);
#3752 = EDGE_CURVE('',#3753,#3725,#3755,.T.);
#3753 = VERTEX_POINT('',#3754);
#3754 = CARTESIAN_POINT('',(865.55025219591,10.,621.22974925253));
#3755 = SURFACE_CURVE('',#3756,(#3760,#3767),.PCURVE_S1.);
#3756 = LINE('',#3757,#3758);
#3757 = CARTESIAN_POINT('',(865.55025219591,10.,621.22974925253));
#3758 = VECTOR('',#3759,1.);
#3759 = DIRECTION('',(-0.554700196225,0.,0.832050294338));
#3760 = PCURVE('',#2086,#3761);
#3761 = DEFINITIONAL_REPRESENTATION('',(#3762),#3766);
#3762 = LINE('',#3763,#3764);
#3763 = CARTESIAN_POINT('',(18.,-62.));
#3764 = VECTOR('',#3765,1.);
#3765 = DIRECTION('',(1.,0.));
#3766 = ( GEOMETRIC_REPRESENTATION_CONTEXT(2) 
PARAMETRIC_REPRESENTATION_CONTEXT() REPRESENTATION_CONTEXT('2D SPACE',''
  ) );
#3767 = PCURVE('',#3768,#3773);
#3768 = PLANE('',#3769);
#3769 = AXIS2_PLACEMENT_3D('',#3770,#3771,#3772);
#3770 = CARTESIAN_POINT('',(865.55025219591,10.,621.22974925253));
#3771 = DIRECTION('',(-0.,1.,0.));
#3772 = DIRECTION('',(-0.554700196225,0.,0.832050294338));
#3773 = DEFINITIONAL_REPRESENTATION('',(#3774),#3778);
#3774 = LINE('',#3775,#3776);
#3775 = CARTESIAN_POINT('',(0.,0.));
#3776 = VECTOR('',#3777,1.);
#3777 = DIRECTION('',(1.,0.));
#3778 = ( GEOMETRIC_REPRESENTATION_CONTEXT(2) 
PARAMETRIC_REPRESENTATION_CONTEXT() REPRESENTATION_CONTEXT('2D SPACE',''
  ) );
#3779 = ORIENTED_EDGE('',*,*,#3780,.F.);
#3780 = EDGE_CURVE('',#3781,#3753,#3783,.T.);
#3781 = VERTEX_POINT('',#3782);
#3782 = CARTESIAN_POINT('',(865.55025219591,-10.,621.22974925253));
#3783 = SURFACE_CURVE('',#3784,(#3788,#3795),.PCURVE_S1.);
#3784 = LINE('',#3785,#3786);
#3785 = CARTESIAN_POINT('',(865.55025219591,-10.,621.22974925253));
#3786 = VECTOR('',#3787,1.);
#3787 = DIRECTION('',(-0.,1.,0.));
#3788 = PCURVE('',#2086,#3789);
#3789 = DEFINITIONAL_REPRESENTATION('',(#3790),#3794);
#3790 = LINE('',#3791,#3792);
#3791 = CARTESIAN_POINT('',(18.,-42.));
#3792 = VECTOR('',#3793,1.);
#3793 = DIRECTION('',(0.,-1.));
#3794 = ( GEOMETRIC_REPRESENTATION_CONTEXT(2) 
PARAMETRIC_REPRESENTATION_CONTEXT() REPRESENTATION_CONTEXT('2D SPACE',''
  ) );
#3795 = PCURVE('',#3796,#3801);
#3796 = PLANE('',#3797);
#3797 = AXIS2_PLACEMENT_3D('',#3798,#3799,#3800);
#3798 = CARTESIAN_POINT('',(865.55025219591,-10.,621.22974925253));
#3799 = DIRECTION('',(-0.554700196225,0.,0.832050294338));
#3800 = DIRECTION('',(0.832050294338,0.,0.554700196225));
#3801 = DEFINITIONAL_REPRESENTATION('',(#3802),#3806);
#3802 = LINE('',#3803,#3804);
#3803 = CARTESIAN_POINT('',(0.,0.));
#3804 = VECTOR('',#3805,1.);
#3805 = DIRECTION('',(0.,1.));
#3806 = ( GEOMETRIC_REPRESENTATION_CONTEXT(2) 
PARAMETRIC_REPRESENTATION_CONTEXT() REPRESENTATION_CONTEXT('2D SPACE',''
  ) );
#3807 = ORIENTED_EDGE('',*,*,#3808,.T.);
#3808 = EDGE_CURVE('',#3781,#3723,#3809,.T.);
#3809 = SURFACE_CURVE('',#3810,(#3814,#3821),.PCURVE_S1.);
#3810 = LINE('',#3811,#3812);
#3811 = CARTESIAN_POINT('',(865.55025219591,-10.,621.22974925253));
#3812 = VECTOR('',#3813,1.);
#3813 = DIRECTION('',(-0.554700196225,0.,0.832050294338));
#3814 = PCURVE('',#2086,#3815);
#3815 = DEFINITIONAL_REPRESENTATION('',(#3816),#3820);
#3816 = LINE('',#3817,#3818);
#3817 = CARTESIAN_POINT('',(18.,-42.));
#3818 = VECTOR('',#3819,1.);
#3819 = DIRECTION('',(1.,0.));
#3820 = ( GEOMETRIC_REPRESENTATION_CONTEXT(2) 
PARAMETRIC_REPRESENTATION_CONTEXT() REPRESENTATION_CONTEXT('2D SPACE',''
  ) );
#3821 = PCURVE('',#3822,#3827);
#3822 = PLANE('',#3823);
#3823 = AXIS2_PLACEMENT_3D('',#3824,#3825,#3826);
#3824 = CARTESIAN_POINT('',(865.55025219591,-10.,621.22974925253));
#3825 = DIRECTION('',(-0.,1.,0.));
#3826 = DIRECTION('',(-0.554700196225,0.,0.832050294338));
#3827 = DEFINITIONAL_REPRESENTATION('',(#3828),#3832);
#3828 = LINE('',#3829,#3830);
#3829 = CARTESIAN_POINT('',(0.,0.));
#3830 = VECTOR('',#3831,1.);
#3831 = DIRECTION('',(1.,0.));
#3832 = ( GEOMETRIC_REPRESENTATION_CONTEXT(2) 
PARAMETRIC_REPRESENTATION_CONTEXT() REPRESENTATION_CONTEXT('2D SPACE',''
  ) );
#3833 = ADVANCED_FACE('',(#3834),#2166,.F.);
#3834 = FACE_BOUND('',#3835,.F.);
#3835 = EDGE_LOOP('',(#3836,#3859,#3887,#3913,#3939,#3965,#3988,#4014,
    #4040,#4066,#4089,#4110));
#3836 = ORIENTED_EDGE('',*,*,#3837,.F.);
#3837 = EDGE_CURVE('',#3838,#2150,#3840,.T.);
#3838 = VERTEX_POINT('',#3839);
#3839 = CARTESIAN_POINT('',(870.54255396193,-15.,595.71354022617));
#3840 = SURFACE_CURVE('',#3841,(#3845,#3852),.PCURVE_S1.);
#3841 = LINE('',#3842,#3843);
#3842 = CARTESIAN_POINT('',(870.54255396193,-15.,595.71354022617));
#3843 = VECTOR('',#3844,1.);
#3844 = DIRECTION('',(-0.554700196225,0.,0.832050294338));
#3845 = PCURVE('',#2166,#3846);
#3846 = DEFINITIONAL_REPRESENTATION('',(#3847),#3851);
#3847 = LINE('',#3848,#3849);
#3848 = CARTESIAN_POINT('',(0.,380.));
#3849 = VECTOR('',#3850,1.);
#3850 = DIRECTION('',(1.,0.));
#3851 = ( GEOMETRIC_REPRESENTATION_CONTEXT(2) 
PARAMETRIC_REPRESENTATION_CONTEXT() REPRESENTATION_CONTEXT('2D SPACE',''
  ) );
#3852 = PCURVE('',#2242,#3853);
#3853 = DEFINITIONAL_REPRESENTATION('',(#3854),#3858);
#3854 = LINE('',#3855,#3856);
#3855 = CARTESIAN_POINT('',(0.,0.));
#3856 = VECTOR('',#3857,1.);
#3857 = DIRECTION('',(1.,0.));
#3858 = ( GEOMETRIC_REPRESENTATION_CONTEXT(2) 
PARAMETRIC_REPRESENTATION_CONTEXT() REPRESENTATION_CONTEXT('2D SPACE',''
  ) );
#3859 = ORIENTED_EDGE('',*,*,#3860,.F.);
#3860 = EDGE_CURVE('',#3861,#3838,#3863,.T.);
#3861 = VERTEX_POINT('',#3862);
#3862 = CARTESIAN_POINT('',(813.13108365262,-15.,557.43922668663));
#3863 = SURFACE_CURVE('',#3864,(#3868,#3875),.PCURVE_S1.);
#3864 = LINE('',#3865,#3866);
#3865 = CARTESIAN_POINT('',(554.36344211355,-15.,384.92746566058));
#3866 = VECTOR('',#3867,1.);
#3867 = DIRECTION('',(0.832050294338,0.,0.554700196225));
#3868 = PCURVE('',#2166,#3869);
#3869 = DEFINITIONAL_REPRESENTATION('',(#3870),#3874);
#3870 = LINE('',#3871,#3872);
#3871 = CARTESIAN_POINT('',(0.,0.));
#3872 = VECTOR('',#3873,1.);
#3873 = DIRECTION('',(0.,1.));
#3874 = ( GEOMETRIC_REPRESENTATION_CONTEXT(2) 
PARAMETRIC_REPRESENTATION_CONTEXT() REPRESENTATION_CONTEXT('2D SPACE',''
  ) );
#3875 = PCURVE('',#3876,#3881);
#3876 = PLANE('',#3877);
#3877 = AXIS2_PLACEMENT_3D('',#3878,#3879,#3880);
#3878 = CARTESIAN_POINT('',(554.36344211355,-15.,384.92746566058));
#3879 = DIRECTION('',(-0.554700196225,0.,0.832050294338));
#3880 = DIRECTION('',(0.832050294338,0.,0.554700196225));
#3881 = DEFINITIONAL_REPRESENTATION('',(#3882),#3886);
#3882 = LINE('',#3883,#3884);
#3883 = CARTESIAN_POINT('',(0.,0.));
#3884 = VECTOR('',#3885,1.);
#3885 = DIRECTION('',(1.,0.));
#3886 = ( GEOMETRIC_REPRESENTATION_CONTEXT(2) 
PARAMETRIC_REPRESENTATION_CONTEXT() REPRESENTATION_CONTEXT('2D SPACE',''
  ) );
#3887 = ORIENTED_EDGE('',*,*,#3888,.F.);
#3888 = EDGE_CURVE('',#3889,#3861,#3891,.T.);
#3889 = VERTEX_POINT('',#3890);
#3890 = CARTESIAN_POINT('',(810.52569096903,-15.,561.34731571201));
#3891 = SURFACE_CURVE('',#3892,(#3896,#3902),.PCURVE_S1.);
#3892 = LINE('',#3893,#3894);
#3893 = CARTESIAN_POINT('',(815.90458463375,-15.,553.27897521494));
#3894 = VECTOR('',#3895,1.);
#3895 = DIRECTION('',(0.554700196225,0.,-0.832050294338));
#3896 = PCURVE('',#2166,#3897);
#3897 = DEFINITIONAL_REPRESENTATION('',(#3898),#3901);
#3898 = B_SPLINE_CURVE_WITH_KNOTS('',1,(#3899,#3900),.UNSPECIFIED.,.F.,
  .F.,(2,2),(-11.,-5.),.PIECEWISE_BEZIER_KNOTS.);
#3899 = CARTESIAN_POINT('',(6.,311.));
#3900 = CARTESIAN_POINT('',(0.,311.));
#3901 = ( GEOMETRIC_REPRESENTATION_CONTEXT(2) 
PARAMETRIC_REPRESENTATION_CONTEXT() REPRESENTATION_CONTEXT('2D SPACE',''
  ) );
#3902 = PCURVE('',#3903,#3908);
#3903 = PLANE('',#3904);
#3904 = AXIS2_PLACEMENT_3D('',#3905,#3906,#3907);
#3905 = CARTESIAN_POINT('',(818.67808561487,0.,549.11872374325));
#3906 = DIRECTION('',(0.832050294338,0.,0.554700196225));
#3907 = DIRECTION('',(0.554700196225,0.,-0.832050294338));
#3908 = DEFINITIONAL_REPRESENTATION('',(#3909),#3912);
#3909 = B_SPLINE_CURVE_WITH_KNOTS('',1,(#3910,#3911),.UNSPECIFIED.,.F.,
  .F.,(2,2),(-11.,-5.),.PIECEWISE_BEZIER_KNOTS.);
#3910 = CARTESIAN_POINT('',(-16.,-15.));
#3911 = CARTESIAN_POINT('',(-10.,-15.));
#3912 = ( GEOMETRIC_REPRESENTATION_CONTEXT(2) 
PARAMETRIC_REPRESENTATION_CONTEXT() REPRESENTATION_CONTEXT('2D SPACE',''
  ) );
#3913 = ORIENTED_EDGE('',*,*,#3914,.F.);
#3914 = EDGE_CURVE('',#3915,#3889,#3917,.T.);
#3915 = VERTEX_POINT('',#3916);
#3916 = CARTESIAN_POINT('',(792.2205844936,-15.,549.14391139505));
#3917 = SURFACE_CURVE('',#3918,(#3922,#3928),.PCURVE_S1.);
#3918 = LINE('',#3919,#3920);
#3919 = CARTESIAN_POINT('',(792.2205844936,-15.,549.14391139505));
#3920 = VECTOR('',#3921,1.);
#3921 = DIRECTION('',(0.832050294338,0.,0.554700196225));
#3922 = PCURVE('',#2166,#3923);
#3923 = DEFINITIONAL_REPRESENTATION('',(#3924),#3927);
#3924 = B_SPLINE_CURVE_WITH_KNOTS('',1,(#3925,#3926),.UNSPECIFIED.,.F.,
  .F.,(2,2),(-2.399999999625E-06,22.0000024),.PIECEWISE_BEZIER_KNOTS.);
#3925 = CARTESIAN_POINT('',(4.696938456699,288.9999976));
#3926 = CARTESIAN_POINT('',(4.696938456699,311.0000024));
#3927 = ( GEOMETRIC_REPRESENTATION_CONTEXT(2) 
PARAMETRIC_REPRESENTATION_CONTEXT() REPRESENTATION_CONTEXT('2D SPACE',''
  ) );
#3928 = PCURVE('',#3929,#3934);
#3929 = CYLINDRICAL_SURFACE('',#3930,21.);
#3930 = AXIS2_PLACEMENT_3D('',#3931,#3932,#3933);
#3931 = CARTESIAN_POINT('',(800.37297913944,0.,536.91531942629));
#3932 = DIRECTION('',(0.832050294338,0.,0.554700196225));
#3933 = DIRECTION('',(0.554700196225,0.,-0.832050294338));
#3934 = DEFINITIONAL_REPRESENTATION('',(#3935),#3938);
#3935 = B_SPLINE_CURVE_WITH_KNOTS('',1,(#3936,#3937),.UNSPECIFIED.,.F.,
  .F.,(2,2),(1.183291357832E-30,22.),.PIECEWISE_BEZIER_KNOTS.);
#3936 = CARTESIAN_POINT('',(3.937195607074,3.263375893225E-15));
#3937 = CARTESIAN_POINT('',(3.937195607074,22.));
#3938 = ( GEOMETRIC_REPRESENTATION_CONTEXT(2) 
PARAMETRIC_REPRESENTATION_CONTEXT() REPRESENTATION_CONTEXT('2D SPACE',''
  ) );
#3939 = ORIENTED_EDGE('',*,*,#3940,.T.);
#3940 = EDGE_CURVE('',#3915,#3941,#3943,.T.);
#3941 = VERTEX_POINT('',#3942);
#3942 = CARTESIAN_POINT('',(794.82597717719,-15.,545.23582236967));
#3943 = SURFACE_CURVE('',#3944,(#3948,#3954),.PCURVE_S1.);
#3944 = LINE('',#3945,#3946);
#3945 = CARTESIAN_POINT('',(797.59947815832,-15.,541.07557089798));
#3946 = VECTOR('',#3947,1.);
#3947 = DIRECTION('',(0.554700196225,0.,-0.832050294338));
#3948 = PCURVE('',#2166,#3949);
#3949 = DEFINITIONAL_REPRESENTATION('',(#3950),#3953);
#3950 = B_SPLINE_CURVE_WITH_KNOTS('',1,(#3951,#3952),.UNSPECIFIED.,.F.,
  .F.,(2,2),(-11.,-5.),.PIECEWISE_BEZIER_KNOTS.);
#3951 = CARTESIAN_POINT('',(6.,289.));
#3952 = CARTESIAN_POINT('',(0.,289.));
#3953 = ( GEOMETRIC_REPRESENTATION_CONTEXT(2) 
PARAMETRIC_REPRESENTATION_CONTEXT() REPRESENTATION_CONTEXT('2D SPACE',''
  ) );
#3954 = PCURVE('',#3955,#3960);
#3955 = PLANE('',#3956);
#3956 = AXIS2_PLACEMENT_3D('',#3957,#3958,#3959);
#3957 = CARTESIAN_POINT('',(800.37297913944,0.,536.91531942629));
#3958 = DIRECTION('',(0.832050294338,0.,0.554700196225));
#3959 = DIRECTION('',(0.554700196225,0.,-0.832050294338));
#3960 = DEFINITIONAL_REPRESENTATION('',(#3961),#3964);
#3961 = B_SPLINE_CURVE_WITH_KNOTS('',1,(#3962,#3963),.UNSPECIFIED.,.F.,
  .F.,(2,2),(-11.,-5.),.PIECEWISE_BEZIER_KNOTS.);
#3962 = CARTESIAN_POINT('',(-16.,-15.));
#3963 = CARTESIAN_POINT('',(-10.,-15.));
#3964 = ( GEOMETRIC_REPRESENTATION_CONTEXT(2) 
PARAMETRIC_REPRESENTATION_CONTEXT() REPRESENTATION_CONTEXT('2D SPACE',''
  ) );
#3965 = ORIENTED_EDGE('',*,*,#3966,.F.);
#3966 = EDGE_CURVE('',#3967,#3941,#3969,.T.);
#3967 = VERTEX_POINT('',#3968);
#3968 = CARTESIAN_POINT('',(630.0800188983,-15.,435.40518351708));
#3969 = SURFACE_CURVE('',#3970,(#3974,#3981),.PCURVE_S1.);
#3970 = LINE('',#3971,#3972);
#3971 = CARTESIAN_POINT('',(554.36344211355,-15.,384.92746566058));
#3972 = VECTOR('',#3973,1.);
#3973 = DIRECTION('',(0.832050294338,0.,0.554700196225));
#3974 = PCURVE('',#2166,#3975);
#3975 = DEFINITIONAL_REPRESENTATION('',(#3976),#3980);
#3976 = LINE('',#3977,#3978);
#3977 = CARTESIAN_POINT('',(0.,0.));
#3978 = VECTOR('',#3979,1.);
#3979 = DIRECTION('',(0.,1.));
#3980 = ( GEOMETRIC_REPRESENTATION_CONTEXT(2) 
PARAMETRIC_REPRESENTATION_CONTEXT() REPRESENTATION_CONTEXT('2D SPACE',''
  ) );
#3981 = PCURVE('',#3876,#3982);
#3982 = DEFINITIONAL_REPRESENTATION('',(#3983),#3987);
#3983 = LINE('',#3984,#3985);
#3984 = CARTESIAN_POINT('',(0.,0.));
#3985 = VECTOR('',#3986,1.);
#3986 = DIRECTION('',(1.,0.));
#3987 = ( GEOMETRIC_REPRESENTATION_CONTEXT(2) 
PARAMETRIC_REPRESENTATION_CONTEXT() REPRESENTATION_CONTEXT('2D SPACE',''
  ) );
#3988 = ORIENTED_EDGE('',*,*,#3989,.F.);
#3989 = EDGE_CURVE('',#3990,#3967,#3992,.T.);
#3990 = VERTEX_POINT('',#3991);
#3991 = CARTESIAN_POINT('',(627.47462621471,-15.,439.31327254246));
#3992 = SURFACE_CURVE('',#3993,(#3997,#4003),.PCURVE_S1.);
#3993 = LINE('',#3994,#3995);
#3994 = CARTESIAN_POINT('',(632.85351987942,-15.,431.24493204539));
#3995 = VECTOR('',#3996,1.);
#3996 = DIRECTION('',(0.554700196225,0.,-0.832050294338));
#3997 = PCURVE('',#2166,#3998);
#3998 = DEFINITIONAL_REPRESENTATION('',(#3999),#4002);
#3999 = B_SPLINE_CURVE_WITH_KNOTS('',1,(#4000,#4001),.UNSPECIFIED.,.F.,
  .F.,(2,2),(-11.,-5.),.PIECEWISE_BEZIER_KNOTS.);
#4000 = CARTESIAN_POINT('',(6.,91.));
#4001 = CARTESIAN_POINT('',(0.,91.));
#4002 = ( GEOMETRIC_REPRESENTATION_CONTEXT(2) 
PARAMETRIC_REPRESENTATION_CONTEXT() REPRESENTATION_CONTEXT('2D SPACE',''
  ) );
#4003 = PCURVE('',#4004,#4009);
#4004 = PLANE('',#4005);
#4005 = AXIS2_PLACEMENT_3D('',#4006,#4007,#4008);
#4006 = CARTESIAN_POINT('',(635.62702086055,0.,427.0846805737));
#4007 = DIRECTION('',(0.832050294338,0.,0.554700196225));
#4008 = DIRECTION('',(0.554700196225,0.,-0.832050294338));
#4009 = DEFINITIONAL_REPRESENTATION('',(#4010),#4013);
#4010 = B_SPLINE_CURVE_WITH_KNOTS('',1,(#4011,#4012),.UNSPECIFIED.,.F.,
  .F.,(2,2),(-11.,-5.),.PIECEWISE_BEZIER_KNOTS.);
#4011 = CARTESIAN_POINT('',(-16.,-15.));
#4012 = CARTESIAN_POINT('',(-10.,-15.));
#4013 = ( GEOMETRIC_REPRESENTATION_CONTEXT(2) 
PARAMETRIC_REPRESENTATION_CONTEXT() REPRESENTATION_CONTEXT('2D SPACE',''
  ) );
#4014 = ORIENTED_EDGE('',*,*,#4015,.F.);
#4015 = EDGE_CURVE('',#4016,#3990,#4018,.T.);
#4016 = VERTEX_POINT('',#4017);
#4017 = CARTESIAN_POINT('',(609.16951973928,-15.,427.1098682255));
#4018 = SURFACE_CURVE('',#4019,(#4023,#4029),.PCURVE_S1.);
#4019 = LINE('',#4020,#4021);
#4020 = CARTESIAN_POINT('',(609.16951973928,-15.,427.1098682255));
#4021 = VECTOR('',#4022,1.);
#4022 = DIRECTION('',(0.832050294338,0.,0.554700196225));
#4023 = PCURVE('',#2166,#4024);
#4024 = DEFINITIONAL_REPRESENTATION('',(#4025),#4028);
#4025 = B_SPLINE_CURVE_WITH_KNOTS('',1,(#4026,#4027),.UNSPECIFIED.,.F.,
  .F.,(2,2),(-2.399999999625E-06,22.0000024),.PIECEWISE_BEZIER_KNOTS.);
#4026 = CARTESIAN_POINT('',(4.696938456699,68.9999976));
#4027 = CARTESIAN_POINT('',(4.696938456699,91.0000024));
#4028 = ( GEOMETRIC_REPRESENTATION_CONTEXT(2) 
PARAMETRIC_REPRESENTATION_CONTEXT() REPRESENTATION_CONTEXT('2D SPACE',''
  ) );
#4029 = PCURVE('',#4030,#4035);
#4030 = CYLINDRICAL_SURFACE('',#4031,21.);
#4031 = AXIS2_PLACEMENT_3D('',#4032,#4033,#4034);
#4032 = CARTESIAN_POINT('',(617.32191438512,0.,414.88127625674));
#4033 = DIRECTION('',(0.832050294338,0.,0.554700196225));
#4034 = DIRECTION('',(0.554700196225,0.,-0.832050294338));
#4035 = DEFINITIONAL_REPRESENTATION('',(#4036),#4039);
#4036 = B_SPLINE_CURVE_WITH_KNOTS('',1,(#4037,#4038),.UNSPECIFIED.,.F.,
  .F.,(2,2),(1.183291357832E-30,22.),.PIECEWISE_BEZIER_KNOTS.);
#4037 = CARTESIAN_POINT('',(3.937195607074,3.263375893225E-15));
#4038 = CARTESIAN_POINT('',(3.937195607074,22.));
#4039 = ( GEOMETRIC_REPRESENTATION_CONTEXT(2) 
PARAMETRIC_REPRESENTATION_CONTEXT() REPRESENTATION_CONTEXT('2D SPACE',''
  ) );
#4040 = ORIENTED_EDGE('',*,*,#4041,.T.);
#4041 = EDGE_CURVE('',#4016,#4042,#4044,.T.);
#4042 = VERTEX_POINT('',#4043);
#4043 = CARTESIAN_POINT('',(611.77491242286,-15.,423.20177920012));
#4044 = SURFACE_CURVE('',#4045,(#4049,#4055),.PCURVE_S1.);
#4045 = LINE('',#4046,#4047);
#4046 = CARTESIAN_POINT('',(614.54841340399,-15.,419.04152772843));
#4047 = VECTOR('',#4048,1.);
#4048 = DIRECTION('',(0.554700196225,0.,-0.832050294338));
#4049 = PCURVE('',#2166,#4050);
#4050 = DEFINITIONAL_REPRESENTATION('',(#4051),#4054);
#4051 = B_SPLINE_CURVE_WITH_KNOTS('',1,(#4052,#4053),.UNSPECIFIED.,.F.,
  .F.,(2,2),(-11.,-5.),.PIECEWISE_BEZIER_KNOTS.);
#4052 = CARTESIAN_POINT('',(6.,69.));
#4053 = CARTESIAN_POINT('',(0.,69.));
#4054 = ( GEOMETRIC_REPRESENTATION_CONTEXT(2) 
PARAMETRIC_REPRESENTATION_CONTEXT() REPRESENTATION_CONTEXT('2D SPACE',''
  ) );
#4055 = PCURVE('',#4056,#4061);
#4056 = PLANE('',#4057);
#4057 = AXIS2_PLACEMENT_3D('',#4058,#4059,#4060);
#4058 = CARTESIAN_POINT('',(617.32191438512,0.,414.88127625674));
#4059 = DIRECTION('',(0.832050294338,0.,0.554700196225));
#4060 = DIRECTION('',(0.554700196225,0.,-0.832050294338));
#4061 = DEFINITIONAL_REPRESENTATION('',(#4062),#4065);
#4062 = B_SPLINE_CURVE_WITH_KNOTS('',1,(#4063,#4064),.UNSPECIFIED.,.F.,
  .F.,(2,2),(-11.,-5.),.PIECEWISE_BEZIER_KNOTS.);
#4063 = CARTESIAN_POINT('',(-16.,-15.));
#4064 = CARTESIAN_POINT('',(-10.,-15.));
#4065 = ( GEOMETRIC_REPRESENTATION_CONTEXT(2) 
PARAMETRIC_REPRESENTATION_CONTEXT() REPRESENTATION_CONTEXT('2D SPACE',''
  ) );
#4066 = ORIENTED_EDGE('',*,*,#4067,.F.);
#4067 = EDGE_CURVE('',#4068,#4042,#4070,.T.);
#4068 = VERTEX_POINT('',#4069);
#4069 = CARTESIAN_POINT('',(554.36344211355,-15.,384.92746566058));
#4070 = SURFACE_CURVE('',#4071,(#4075,#4082),.PCURVE_S1.);
#4071 = LINE('',#4072,#4073);
#4072 = CARTESIAN_POINT('',(554.36344211355,-15.,384.92746566058));
#4073 = VECTOR('',#4074,1.);
#4074 = DIRECTION('',(0.832050294338,0.,0.554700196225));
#4075 = PCURVE('',#2166,#4076);
#4076 = DEFINITIONAL_REPRESENTATION('',(#4077),#4081);
#4077 = LINE('',#4078,#4079);
#4078 = CARTESIAN_POINT('',(0.,0.));
#4079 = VECTOR('',#4080,1.);
#4080 = DIRECTION('',(0.,1.));
#4081 = ( GEOMETRIC_REPRESENTATION_CONTEXT(2) 
PARAMETRIC_REPRESENTATION_CONTEXT() REPRESENTATION_CONTEXT('2D SPACE',''
  ) );
#4082 = PCURVE('',#3876,#4083);
#4083 = DEFINITIONAL_REPRESENTATION('',(#4084),#4088);
#4084 = LINE('',#4085,#4086);
#4085 = CARTESIAN_POINT('',(0.,0.));
#4086 = VECTOR('',#4087,1.);
#4087 = DIRECTION('',(1.,0.));
#4088 = ( GEOMETRIC_REPRESENTATION_CONTEXT(2) 
PARAMETRIC_REPRESENTATION_CONTEXT() REPRESENTATION_CONTEXT('2D SPACE',''
  ) );
#4089 = ORIENTED_EDGE('',*,*,#4090,.T.);
#4090 = EDGE_CURVE('',#4068,#2152,#4091,.T.);
#4091 = SURFACE_CURVE('',#4092,(#4096,#4103),.PCURVE_S1.);
#4092 = LINE('',#4093,#4094);
#4093 = CARTESIAN_POINT('',(554.36344211355,-15.,384.92746566058));
#4094 = VECTOR('',#4095,1.);
#4095 = DIRECTION('',(-0.554700196225,0.,0.832050294338));
#4096 = PCURVE('',#2166,#4097);
#4097 = DEFINITIONAL_REPRESENTATION('',(#4098),#4102);
#4098 = LINE('',#4099,#4100);
#4099 = CARTESIAN_POINT('',(0.,0.));
#4100 = VECTOR('',#4101,1.);
#4101 = DIRECTION('',(1.,0.));
#4102 = ( GEOMETRIC_REPRESENTATION_CONTEXT(2) 
PARAMETRIC_REPRESENTATION_CONTEXT() REPRESENTATION_CONTEXT('2D SPACE',''
  ) );
#4103 = PCURVE('',#2192,#4104);
#4104 = DEFINITIONAL_REPRESENTATION('',(#4105),#4109);
#4105 = LINE('',#4106,#4107);
#4106 = CARTESIAN_POINT('',(0.,0.));
#4107 = VECTOR('',#4108,1.);
#4108 = DIRECTION('',(1.,0.));
#4109 = ( GEOMETRIC_REPRESENTATION_CONTEXT(2) 
PARAMETRIC_REPRESENTATION_CONTEXT() REPRESENTATION_CONTEXT('2D SPACE',''
  ) );
#4110 = ORIENTED_EDGE('',*,*,#2149,.F.);
#4111 = ADVANCED_FACE('',(#4112),#2242,.T.);
#4112 = FACE_BOUND('',#4113,.T.);
#4113 = EDGE_LOOP('',(#4114,#4115,#4138,#4159));
#4114 = ORIENTED_EDGE('',*,*,#3837,.F.);
#4115 = ORIENTED_EDGE('',*,*,#4116,.T.);
#4116 = EDGE_CURVE('',#3838,#4117,#4119,.T.);
#4117 = VERTEX_POINT('',#4118);
#4118 = CARTESIAN_POINT('',(870.54255396193,15.,595.71354022617));
#4119 = SURFACE_CURVE('',#4120,(#4124,#4131),.PCURVE_S1.);
#4120 = LINE('',#4121,#4122);
#4121 = CARTESIAN_POINT('',(870.54255396193,-15.,595.71354022617));
#4122 = VECTOR('',#4123,1.);
#4123 = DIRECTION('',(-0.,1.,0.));
#4124 = PCURVE('',#2242,#4125);
#4125 = DEFINITIONAL_REPRESENTATION('',(#4126),#4130);
#4126 = LINE('',#4127,#4128);
#4127 = CARTESIAN_POINT('',(0.,0.));
#4128 = VECTOR('',#4129,1.);
#4129 = DIRECTION('',(0.,-1.));
#4130 = ( GEOMETRIC_REPRESENTATION_CONTEXT(2) 
PARAMETRIC_REPRESENTATION_CONTEXT() REPRESENTATION_CONTEXT('2D SPACE',''
  ) );
#4131 = PCURVE('',#3876,#4132);
#4132 = DEFINITIONAL_REPRESENTATION('',(#4133),#4137);
#4133 = LINE('',#4134,#4135);
#4134 = CARTESIAN_POINT('',(380.,0.));
#4135 = VECTOR('',#4136,1.);
#4136 = DIRECTION('',(0.,1.));
#4137 = ( GEOMETRIC_REPRESENTATION_CONTEXT(2) 
PARAMETRIC_REPRESENTATION_CONTEXT() REPRESENTATION_CONTEXT('2D SPACE',''
  ) );
#4138 = ORIENTED_EDGE('',*,*,#4139,.T.);
#4139 = EDGE_CURVE('',#4117,#2204,#4140,.T.);
#4140 = SURFACE_CURVE('',#4141,(#4145,#4152),.PCURVE_S1.);
#4141 = LINE('',#4142,#4143);
#4142 = CARTESIAN_POINT('',(870.54255396193,15.,595.71354022617));
#4143 = VECTOR('',#4144,1.);
#4144 = DIRECTION('',(-0.554700196225,0.,0.832050294338));
#4145 = PCURVE('',#2242,#4146);
#4146 = DEFINITIONAL_REPRESENTATION('',(#4147),#4151);
#4147 = LINE('',#4148,#4149);
#4148 = CARTESIAN_POINT('',(0.,-30.));
#4149 = VECTOR('',#4150,1.);
#4150 = DIRECTION('',(1.,0.));
#4151 = ( GEOMETRIC_REPRESENTATION_CONTEXT(2) 
PARAMETRIC_REPRESENTATION_CONTEXT() REPRESENTATION_CONTEXT('2D SPACE',''
  ) );
#4152 = PCURVE('',#2218,#4153);
#4153 = DEFINITIONAL_REPRESENTATION('',(#4154),#4158);
#4154 = LINE('',#4155,#4156);
#4155 = CARTESIAN_POINT('',(0.,380.));
#4156 = VECTOR('',#4157,1.);
#4157 = DIRECTION('',(1.,0.));
#4158 = ( GEOMETRIC_REPRESENTATION_CONTEXT(2) 
PARAMETRIC_REPRESENTATION_CONTEXT() REPRESENTATION_CONTEXT('2D SPACE',''
  ) );
#4159 = ORIENTED_EDGE('',*,*,#2229,.F.);
#4160 = ADVANCED_FACE('',(#4161),#2218,.T.);
#4161 = FACE_BOUND('',#4162,.T.);
#4162 = EDGE_LOOP('',(#4163,#4164,#4187,#4208,#4229,#4250,#4273,#4294,
    #4315,#4336,#4359,#4380));
#4163 = ORIENTED_EDGE('',*,*,#4139,.F.);
#4164 = ORIENTED_EDGE('',*,*,#4165,.F.);
#4165 = EDGE_CURVE('',#4166,#4117,#4168,.T.);
#4166 = VERTEX_POINT('',#4167);
#4167 = CARTESIAN_POINT('',(813.13108365262,15.,557.43922668663));
#4168 = SURFACE_CURVE('',#4169,(#4173,#4180),.PCURVE_S1.);
#4169 = LINE('',#4170,#4171);
#4170 = CARTESIAN_POINT('',(554.36344211355,15.,384.92746566058));
#4171 = VECTOR('',#4172,1.);
#4172 = DIRECTION('',(0.832050294338,0.,0.554700196225));
#4173 = PCURVE('',#2218,#4174);
#4174 = DEFINITIONAL_REPRESENTATION('',(#4175),#4179);
#4175 = LINE('',#4176,#4177);
#4176 = CARTESIAN_POINT('',(0.,0.));
#4177 = VECTOR('',#4178,1.);
#4178 = DIRECTION('',(0.,1.));
#4179 = ( GEOMETRIC_REPRESENTATION_CONTEXT(2) 
PARAMETRIC_REPRESENTATION_CONTEXT() REPRESENTATION_CONTEXT('2D SPACE',''
  ) );
#4180 = PCURVE('',#3876,#4181);
#4181 = DEFINITIONAL_REPRESENTATION('',(#4182),#4186);
#4182 = LINE('',#4183,#4184);
#4183 = CARTESIAN_POINT('',(0.,30.));
#4184 = VECTOR('',#4185,1.);
#4185 = DIRECTION('',(1.,0.));
#4186 = ( GEOMETRIC_REPRESENTATION_CONTEXT(2) 
PARAMETRIC_REPRESENTATION_CONTEXT() REPRESENTATION_CONTEXT('2D SPACE',''
  ) );
#4187 = ORIENTED_EDGE('',*,*,#4188,.F.);
#4188 = EDGE_CURVE('',#4189,#4166,#4191,.T.);
#4189 = VERTEX_POINT('',#4190);
#4190 = CARTESIAN_POINT('',(810.52569096903,15.,561.34731571201));
#4191 = SURFACE_CURVE('',#4192,(#4196,#4202),.PCURVE_S1.);
#4192 = LINE('',#4193,#4194);
#4193 = CARTESIAN_POINT('',(815.90458463375,15.,553.27897521494));
#4194 = VECTOR('',#4195,1.);
#4195 = DIRECTION('',(0.554700196225,0.,-0.832050294338));
#4196 = PCURVE('',#2218,#4197);
#4197 = DEFINITIONAL_REPRESENTATION('',(#4198),#4201);
#4198 = B_SPLINE_CURVE_WITH_KNOTS('',1,(#4199,#4200),.UNSPECIFIED.,.F.,
  .F.,(2,2),(-11.,-5.),.PIECEWISE_BEZIER_KNOTS.);
#4199 = CARTESIAN_POINT('',(6.,311.));
#4200 = CARTESIAN_POINT('',(0.,311.));
#4201 = ( GEOMETRIC_REPRESENTATION_CONTEXT(2) 
PARAMETRIC_REPRESENTATION_CONTEXT() REPRESENTATION_CONTEXT('2D SPACE',''
  ) );
#4202 = PCURVE('',#3903,#4203);
#4203 = DEFINITIONAL_REPRESENTATION('',(#4204),#4207);
#4204 = B_SPLINE_CURVE_WITH_KNOTS('',1,(#4205,#4206),.UNSPECIFIED.,.F.,
  .F.,(2,2),(-11.,-5.),.PIECEWISE_BEZIER_KNOTS.);
#4205 = CARTESIAN_POINT('',(-16.,15.));
#4206 = CARTESIAN_POINT('',(-10.,15.));
#4207 = ( GEOMETRIC_REPRESENTATION_CONTEXT(2) 
PARAMETRIC_REPRESENTATION_CONTEXT() REPRESENTATION_CONTEXT('2D SPACE',''
  ) );
#4208 = ORIENTED_EDGE('',*,*,#4209,.F.);
#4209 = EDGE_CURVE('',#4210,#4189,#4212,.T.);
#4210 = VERTEX_POINT('',#4211);
#4211 = CARTESIAN_POINT('',(792.2205844936,15.,549.14391139505));
#4212 = SURFACE_CURVE('',#4213,(#4217,#4223),.PCURVE_S1.);
#4213 = LINE('',#4214,#4215);
#4214 = CARTESIAN_POINT('',(792.2205844936,15.,549.14391139505));
#4215 = VECTOR('',#4216,1.);
#4216 = DIRECTION('',(0.832050294338,0.,0.554700196225));
#4217 = PCURVE('',#2218,#4218);
#4218 = DEFINITIONAL_REPRESENTATION('',(#4219),#4222);
#4219 = B_SPLINE_CURVE_WITH_KNOTS('',1,(#4220,#4221),.UNSPECIFIED.,.F.,
  .F.,(2,2),(-2.399999999625E-06,22.0000024),.PIECEWISE_BEZIER_KNOTS.);
#4220 = CARTESIAN_POINT('',(4.696938456699,288.9999976));
#4221 = CARTESIAN_POINT('',(4.696938456699,311.0000024));
#4222 = ( GEOMETRIC_REPRESENTATION_CONTEXT(2) 
PARAMETRIC_REPRESENTATION_CONTEXT() REPRESENTATION_CONTEXT('2D SPACE',''
  ) );
#4223 = PCURVE('',#3929,#4224);
#4224 = DEFINITIONAL_REPRESENTATION('',(#4225),#4228);
#4225 = B_SPLINE_CURVE_WITH_KNOTS('',1,(#4226,#4227),.UNSPECIFIED.,.F.,
  .F.,(2,2),(3.944304526105E-31,22.),.PIECEWISE_BEZIER_KNOTS.);
#4226 = CARTESIAN_POINT('',(8.629175007285,3.263375893225E-15));
#4227 = CARTESIAN_POINT('',(8.629175007285,22.));
#4228 = ( GEOMETRIC_REPRESENTATION_CONTEXT(2) 
PARAMETRIC_REPRESENTATION_CONTEXT() REPRESENTATION_CONTEXT('2D SPACE',''
  ) );
#4229 = ORIENTED_EDGE('',*,*,#4230,.T.);
#4230 = EDGE_CURVE('',#4210,#4231,#4233,.T.);
#4231 = VERTEX_POINT('',#4232);
#4232 = CARTESIAN_POINT('',(794.82597717719,15.,545.23582236967));
#4233 = SURFACE_CURVE('',#4234,(#4238,#4244),.PCURVE_S1.);
#4234 = LINE('',#4235,#4236);
#4235 = CARTESIAN_POINT('',(797.59947815832,15.,541.07557089798));
#4236 = VECTOR('',#4237,1.);
#4237 = DIRECTION('',(0.554700196225,0.,-0.832050294338));
#4238 = PCURVE('',#2218,#4239);
#4239 = DEFINITIONAL_REPRESENTATION('',(#4240),#4243);
#4240 = B_SPLINE_CURVE_WITH_KNOTS('',1,(#4241,#4242),.UNSPECIFIED.,.F.,
  .F.,(2,2),(-11.,-5.),.PIECEWISE_BEZIER_KNOTS.);
#4241 = CARTESIAN_POINT('',(6.,289.));
#4242 = CARTESIAN_POINT('',(0.,289.));
#4243 = ( GEOMETRIC_REPRESENTATION_CONTEXT(2) 
PARAMETRIC_REPRESENTATION_CONTEXT() REPRESENTATION_CONTEXT('2D SPACE',''
  ) );
#4244 = PCURVE('',#3955,#4245);
#4245 = DEFINITIONAL_REPRESENTATION('',(#4246),#4249);
#4246 = B_SPLINE_CURVE_WITH_KNOTS('',1,(#4247,#4248),.UNSPECIFIED.,.F.,
  .F.,(2,2),(-11.,-5.),.PIECEWISE_BEZIER_KNOTS.);
#4247 = CARTESIAN_POINT('',(-16.,15.));
#4248 = CARTESIAN_POINT('',(-10.,15.));
#4249 = ( GEOMETRIC_REPRESENTATION_CONTEXT(2) 
PARAMETRIC_REPRESENTATION_CONTEXT() REPRESENTATION_CONTEXT('2D SPACE',''
  ) );
#4250 = ORIENTED_EDGE('',*,*,#4251,.F.);
#4251 = EDGE_CURVE('',#4252,#4231,#4254,.T.);
#4252 = VERTEX_POINT('',#4253);
#4253 = CARTESIAN_POINT('',(630.0800188983,15.,435.40518351708));
#4254 = SURFACE_CURVE('',#4255,(#4259,#4266),.PCURVE_S1.);
#4255 = LINE('',#4256,#4257);
#4256 = CARTESIAN_POINT('',(554.36344211355,15.,384.92746566058));
#4257 = VECTOR('',#4258,1.);
#4258 = DIRECTION('',(0.832050294338,0.,0.554700196225));
#4259 = PCURVE('',#2218,#4260);
#4260 = DEFINITIONAL_REPRESENTATION('',(#4261),#4265);
#4261 = LINE('',#4262,#4263);
#4262 = CARTESIAN_POINT('',(0.,0.));
#4263 = VECTOR('',#4264,1.);
#4264 = DIRECTION('',(0.,1.));
#4265 = ( GEOMETRIC_REPRESENTATION_CONTEXT(2) 
PARAMETRIC_REPRESENTATION_CONTEXT() REPRESENTATION_CONTEXT('2D SPACE',''
  ) );
#4266 = PCURVE('',#3876,#4267);
#4267 = DEFINITIONAL_REPRESENTATION('',(#4268),#4272);
#4268 = LINE('',#4269,#4270);
#4269 = CARTESIAN_POINT('',(0.,30.));
#4270 = VECTOR('',#4271,1.);
#4271 = DIRECTION('',(1.,0.));
#4272 = ( GEOMETRIC_REPRESENTATION_CONTEXT(2) 
PARAMETRIC_REPRESENTATION_CONTEXT() REPRESENTATION_CONTEXT('2D SPACE',''
  ) );
#4273 = ORIENTED_EDGE('',*,*,#4274,.F.);
#4274 = EDGE_CURVE('',#4275,#4252,#4277,.T.);
#4275 = VERTEX_POINT('',#4276);
#4276 = CARTESIAN_POINT('',(627.47462621471,15.,439.31327254246));
#4277 = SURFACE_CURVE('',#4278,(#4282,#4288),.PCURVE_S1.);
#4278 = LINE('',#4279,#4280);
#4279 = CARTESIAN_POINT('',(632.85351987942,15.,431.24493204539));
#4280 = VECTOR('',#4281,1.);
#4281 = DIRECTION('',(0.554700196225,0.,-0.832050294338));
#4282 = PCURVE('',#2218,#4283);
#4283 = DEFINITIONAL_REPRESENTATION('',(#4284),#4287);
#4284 = B_SPLINE_CURVE_WITH_KNOTS('',1,(#4285,#4286),.UNSPECIFIED.,.F.,
  .F.,(2,2),(-11.,-5.),.PIECEWISE_BEZIER_KNOTS.);
#4285 = CARTESIAN_POINT('',(6.,91.));
#4286 = CARTESIAN_POINT('',(0.,91.));
#4287 = ( GEOMETRIC_REPRESENTATION_CONTEXT(2) 
PARAMETRIC_REPRESENTATION_CONTEXT() REPRESENTATION_CONTEXT('2D SPACE',''
  ) );
#4288 = PCURVE('',#4004,#4289);
#4289 = DEFINITIONAL_REPRESENTATION('',(#4290),#4293);
#4290 = B_SPLINE_CURVE_WITH_KNOTS('',1,(#4291,#4292),.UNSPECIFIED.,.F.,
  .F.,(2,2),(-11.,-5.),.PIECEWISE_BEZIER_KNOTS.);
#4291 = CARTESIAN_POINT('',(-16.,15.));
#4292 = CARTESIAN_POINT('',(-10.,15.));
#4293 = ( GEOMETRIC_REPRESENTATION_CONTEXT(2) 
PARAMETRIC_REPRESENTATION_CONTEXT() REPRESENTATION_CONTEXT('2D SPACE',''
  ) );
#4294 = ORIENTED_EDGE('',*,*,#4295,.F.);
#4295 = EDGE_CURVE('',#4296,#4275,#4298,.T.);
#4296 = VERTEX_POINT('',#4297);
#4297 = CARTESIAN_POINT('',(609.16951973928,15.,427.1098682255));
#4298 = SURFACE_CURVE('',#4299,(#4303,#4309),.PCURVE_S1.);
#4299 = LINE('',#4300,#4301);
#4300 = CARTESIAN_POINT('',(609.16951973928,15.,427.1098682255));
#4301 = VECTOR('',#4302,1.);
#4302 = DIRECTION('',(0.832050294338,0.,0.554700196225));
#4303 = PCURVE('',#2218,#4304);
#4304 = DEFINITIONAL_REPRESENTATION('',(#4305),#4308);
#4305 = B_SPLINE_CURVE_WITH_KNOTS('',1,(#4306,#4307),.UNSPECIFIED.,.F.,
  .F.,(2,2),(-2.399999999625E-06,22.0000024),.PIECEWISE_BEZIER_KNOTS.);
#4306 = CARTESIAN_POINT('',(4.696938456699,68.9999976));
#4307 = CARTESIAN_POINT('',(4.696938456699,91.0000024));
#4308 = ( GEOMETRIC_REPRESENTATION_CONTEXT(2) 
PARAMETRIC_REPRESENTATION_CONTEXT() REPRESENTATION_CONTEXT('2D SPACE',''
  ) );
#4309 = PCURVE('',#4030,#4310);
#4310 = DEFINITIONAL_REPRESENTATION('',(#4311),#4314);
#4311 = B_SPLINE_CURVE_WITH_KNOTS('',1,(#4312,#4313),.UNSPECIFIED.,.F.,
  .F.,(2,2),(3.944304526105E-31,22.),.PIECEWISE_BEZIER_KNOTS.);
#4312 = CARTESIAN_POINT('',(8.629175007285,3.263375893225E-15));
#4313 = CARTESIAN_POINT('',(8.629175007285,22.));
#4314 = ( GEOMETRIC_REPRESENTATION_CONTEXT(2) 
PARAMETRIC_REPRESENTATION_CONTEXT() REPRESENTATION_CONTEXT('2D SPACE',''
  ) );
#4315 = ORIENTED_EDGE('',*,*,#4316,.T.);
#4316 = EDGE_CURVE('',#4296,#4317,#4319,.T.);
#4317 = VERTEX_POINT('',#4318);
#4318 = CARTESIAN_POINT('',(611.77491242286,15.,423.20177920012));
#4319 = SURFACE_CURVE('',#4320,(#4324,#4330),.PCURVE_S1.);
#4320 = LINE('',#4321,#4322);
#4321 = CARTESIAN_POINT('',(614.54841340399,15.,419.04152772843));
#4322 = VECTOR('',#4323,1.);
#4323 = DIRECTION('',(0.554700196225,0.,-0.832050294338));
#4324 = PCURVE('',#2218,#4325);
#4325 = DEFINITIONAL_REPRESENTATION('',(#4326),#4329);
#4326 = B_SPLINE_CURVE_WITH_KNOTS('',1,(#4327,#4328),.UNSPECIFIED.,.F.,
  .F.,(2,2),(-11.,-5.),.PIECEWISE_BEZIER_KNOTS.);
#4327 = CARTESIAN_POINT('',(6.,69.));
#4328 = CARTESIAN_POINT('',(0.,69.));
#4329 = ( GEOMETRIC_REPRESENTATION_CONTEXT(2) 
PARAMETRIC_REPRESENTATION_CONTEXT() REPRESENTATION_CONTEXT('2D SPACE',''
  ) );
#4330 = PCURVE('',#4056,#4331);
#4331 = DEFINITIONAL_REPRESENTATION('',(#4332),#4335);
#4332 = B_SPLINE_CURVE_WITH_KNOTS('',1,(#4333,#4334),.UNSPECIFIED.,.F.,
  .F.,(2,2),(-11.,-5.),.PIECEWISE_BEZIER_KNOTS.);
#4333 = CARTESIAN_POINT('',(-16.,15.));
#4334 = CARTESIAN_POINT('',(-10.,15.));
#4335 = ( GEOMETRIC_REPRESENTATION_CONTEXT(2) 
PARAMETRIC_REPRESENTATION_CONTEXT() REPRESENTATION_CONTEXT('2D SPACE',''
  ) );
#4336 = ORIENTED_EDGE('',*,*,#4337,.F.);
#4337 = EDGE_CURVE('',#4338,#4317,#4340,.T.);
#4338 = VERTEX_POINT('',#4339);
#4339 = CARTESIAN_POINT('',(554.36344211355,15.,384.92746566058));
#4340 = SURFACE_CURVE('',#4341,(#4345,#4352),.PCURVE_S1.);
#4341 = LINE('',#4342,#4343);
#4342 = CARTESIAN_POINT('',(554.36344211355,15.,384.92746566058));
#4343 = VECTOR('',#4344,1.);
#4344 = DIRECTION('',(0.832050294338,0.,0.554700196225));
#4345 = PCURVE('',#2218,#4346);
#4346 = DEFINITIONAL_REPRESENTATION('',(#4347),#4351);
#4347 = LINE('',#4348,#4349);
#4348 = CARTESIAN_POINT('',(0.,0.));
#4349 = VECTOR('',#4350,1.);
#4350 = DIRECTION('',(0.,1.));
#4351 = ( GEOMETRIC_REPRESENTATION_CONTEXT(2) 
PARAMETRIC_REPRESENTATION_CONTEXT() REPRESENTATION_CONTEXT('2D SPACE',''
  ) );
#4352 = PCURVE('',#3876,#4353);
#4353 = DEFINITIONAL_REPRESENTATION('',(#4354),#4358);
#4354 = LINE('',#4355,#4356);
#4355 = CARTESIAN_POINT('',(0.,30.));
#4356 = VECTOR('',#4357,1.);
#4357 = DIRECTION('',(1.,0.));
#4358 = ( GEOMETRIC_REPRESENTATION_CONTEXT(2) 
PARAMETRIC_REPRESENTATION_CONTEXT() REPRESENTATION_CONTEXT('2D SPACE',''
  ) );
#4359 = ORIENTED_EDGE('',*,*,#4360,.T.);
#4360 = EDGE_CURVE('',#4338,#2178,#4361,.T.);
#4361 = SURFACE_CURVE('',#4362,(#4366,#4373),.PCURVE_S1.);
#4362 = LINE('',#4363,#4364);
#4363 = CARTESIAN_POINT('',(554.36344211355,15.,384.92746566058));
#4364 = VECTOR('',#4365,1.);
#4365 = DIRECTION('',(-0.554700196225,0.,0.832050294338));
#4366 = PCURVE('',#2218,#4367);
#4367 = DEFINITIONAL_REPRESENTATION('',(#4368),#4372);
#4368 = LINE('',#4369,#4370);
#4369 = CARTESIAN_POINT('',(0.,0.));
#4370 = VECTOR('',#4371,1.);
#4371 = DIRECTION('',(1.,0.));
#4372 = ( GEOMETRIC_REPRESENTATION_CONTEXT(2) 
PARAMETRIC_REPRESENTATION_CONTEXT() REPRESENTATION_CONTEXT('2D SPACE',''
  ) );
#4373 = PCURVE('',#2192,#4374);
#4374 = DEFINITIONAL_REPRESENTATION('',(#4375),#4379);
#4375 = LINE('',#4376,#4377);
#4376 = CARTESIAN_POINT('',(0.,-30.));
#4377 = VECTOR('',#4378,1.);
#4378 = DIRECTION('',(1.,0.));
#4379 = ( GEOMETRIC_REPRESENTATION_CONTEXT(2) 
PARAMETRIC_REPRESENTATION_CONTEXT() REPRESENTATION_CONTEXT('2D SPACE',''
  ) );
#4380 = ORIENTED_EDGE('',*,*,#2203,.F.);
#4381 = ADVANCED_FACE('',(#4382),#2192,.F.);
#4382 = FACE_BOUND('',#4383,.F.);
#4383 = EDGE_LOOP('',(#4384,#4385,#4406,#4407));
#4384 = ORIENTED_EDGE('',*,*,#4090,.F.);
#4385 = ORIENTED_EDGE('',*,*,#4386,.T.);
#4386 = EDGE_CURVE('',#4068,#4338,#4387,.T.);
#4387 = SURFACE_CURVE('',#4388,(#4392,#4399),.PCURVE_S1.);
#4388 = LINE('',#4389,#4390);
#4389 = CARTESIAN_POINT('',(554.36344211355,-15.,384.92746566058));
#4390 = VECTOR('',#4391,1.);
#4391 = DIRECTION('',(-0.,1.,0.));
#4392 = PCURVE('',#2192,#4393);
#4393 = DEFINITIONAL_REPRESENTATION('',(#4394),#4398);
#4394 = LINE('',#4395,#4396);
#4395 = CARTESIAN_POINT('',(0.,0.));
#4396 = VECTOR('',#4397,1.);
#4397 = DIRECTION('',(0.,-1.));
#4398 = ( GEOMETRIC_REPRESENTATION_CONTEXT(2) 
PARAMETRIC_REPRESENTATION_CONTEXT() REPRESENTATION_CONTEXT('2D SPACE',''
  ) );
#4399 = PCURVE('',#3876,#4400);
#4400 = DEFINITIONAL_REPRESENTATION('',(#4401),#4405);
#4401 = LINE('',#4402,#4403);
#4402 = CARTESIAN_POINT('',(0.,0.));
#4403 = VECTOR('',#4404,1.);
#4404 = DIRECTION('',(0.,1.));
#4405 = ( GEOMETRIC_REPRESENTATION_CONTEXT(2) 
PARAMETRIC_REPRESENTATION_CONTEXT() REPRESENTATION_CONTEXT('2D SPACE',''
  ) );
#4406 = ORIENTED_EDGE('',*,*,#4360,.T.);
#4407 = ORIENTED_EDGE('',*,*,#2177,.F.);
#4408 = ADVANCED_FACE('',(#4409),#2320,.T.);
#4409 = FACE_BOUND('',#4410,.T.);
#4410 = EDGE_LOOP('',(#4411,#4412,#4435,#4456));
#4411 = ORIENTED_EDGE('',*,*,#2751,.F.);
#4412 = ORIENTED_EDGE('',*,*,#4413,.T.);
#4413 = EDGE_CURVE('',#2724,#4414,#4416,.T.);
#4414 = VERTEX_POINT('',#4415);
#4415 = CARTESIAN_POINT('',(637.56847154734,46.,512.50851079238));
#4416 = SURFACE_CURVE('',#4417,(#4421,#4428),.PCURVE_S1.);
#4417 = LINE('',#4418,#4419);
#4418 = CARTESIAN_POINT('',(537.7224362268,46.,445.94448724536));
#4419 = VECTOR('',#4420,1.);
#4420 = DIRECTION('',(0.832050294338,0.,0.554700196225));
#4421 = PCURVE('',#2320,#4422);
#4422 = DEFINITIONAL_REPRESENTATION('',(#4423),#4427);
#4423 = LINE('',#4424,#4425);
#4424 = CARTESIAN_POINT('',(0.,0.));
#4425 = VECTOR('',#4426,1.);
#4426 = DIRECTION('',(1.,0.));
#4427 = ( GEOMETRIC_REPRESENTATION_CONTEXT(2) 
PARAMETRIC_REPRESENTATION_CONTEXT() REPRESENTATION_CONTEXT('2D SPACE',''
  ) );
#4428 = PCURVE('',#2739,#4429);
#4429 = DEFINITIONAL_REPRESENTATION('',(#4430),#4434);
#4430 = LINE('',#4431,#4432);
#4431 = CARTESIAN_POINT('',(50.,0.));
#4432 = VECTOR('',#4433,1.);
#4433 = DIRECTION('',(0.,1.));
#4434 = ( GEOMETRIC_REPRESENTATION_CONTEXT(2) 
PARAMETRIC_REPRESENTATION_CONTEXT() REPRESENTATION_CONTEXT('2D SPACE',''
  ) );
#4435 = ORIENTED_EDGE('',*,*,#4436,.T.);
#4436 = EDGE_CURVE('',#4414,#2305,#4437,.T.);
#4437 = SURFACE_CURVE('',#4438,(#4442,#4449),.PCURVE_S1.);
#4438 = LINE('',#4439,#4440);
#4439 = CARTESIAN_POINT('',(637.56847154734,46.,512.50851079238));
#4440 = VECTOR('',#4441,1.);
#4441 = DIRECTION('',(-0.,1.,0.));
#4442 = PCURVE('',#2320,#4443);
#4443 = DEFINITIONAL_REPRESENTATION('',(#4444),#4448);
#4444 = LINE('',#4445,#4446);
#4445 = CARTESIAN_POINT('',(120.,0.));
#4446 = VECTOR('',#4447,1.);
#4447 = DIRECTION('',(0.,1.));
#4448 = ( GEOMETRIC_REPRESENTATION_CONTEXT(2) 
PARAMETRIC_REPRESENTATION_CONTEXT() REPRESENTATION_CONTEXT('2D SPACE',''
  ) );
#4449 = PCURVE('',#2348,#4450);
#4450 = DEFINITIONAL_REPRESENTATION('',(#4451),#4455);
#4451 = LINE('',#4452,#4453);
#4452 = CARTESIAN_POINT('',(50.,0.));
#4453 = VECTOR('',#4454,1.);
#4454 = DIRECTION('',(0.,-1.));
#4455 = ( GEOMETRIC_REPRESENTATION_CONTEXT(2) 
PARAMETRIC_REPRESENTATION_CONTEXT() REPRESENTATION_CONTEXT('2D SPACE',''
  ) );
#4456 = ORIENTED_EDGE('',*,*,#2304,.F.);
#4457 = ADVANCED_FACE('',(#4458),#2348,.T.);
#4458 = FACE_BOUND('',#4459,.T.);
#4459 = EDGE_LOOP('',(#4460,#4481,#4482,#4483));
#4460 = ORIENTED_EDGE('',*,*,#4461,.F.);
#4461 = EDGE_CURVE('',#2982,#4414,#4462,.T.);
#4462 = SURFACE_CURVE('',#4463,(#4467,#4474),.PCURVE_S1.);
#4463 = LINE('',#4464,#4465);
#4464 = CARTESIAN_POINT('',(665.3034813586,46.,470.90599607549));
#4465 = VECTOR('',#4466,1.);
#4466 = DIRECTION('',(-0.554700196225,0.,0.832050294338));
#4467 = PCURVE('',#2348,#4468);
#4468 = DEFINITIONAL_REPRESENTATION('',(#4469),#4473);
#4469 = LINE('',#4470,#4471);
#4470 = CARTESIAN_POINT('',(0.,0.));
#4471 = VECTOR('',#4472,1.);
#4472 = DIRECTION('',(1.,0.));
#4473 = ( GEOMETRIC_REPRESENTATION_CONTEXT(2) 
PARAMETRIC_REPRESENTATION_CONTEXT() REPRESENTATION_CONTEXT('2D SPACE',''
  ) );
#4474 = PCURVE('',#2739,#4475);
#4475 = DEFINITIONAL_REPRESENTATION('',(#4476),#4480);
#4476 = LINE('',#4477,#4478);
#4477 = CARTESIAN_POINT('',(0.,120.));
#4478 = VECTOR('',#4479,1.);
#4479 = DIRECTION('',(1.,0.));
#4480 = ( GEOMETRIC_REPRESENTATION_CONTEXT(2) 
PARAMETRIC_REPRESENTATION_CONTEXT() REPRESENTATION_CONTEXT('2D SPACE',''
  ) );
#4481 = ORIENTED_EDGE('',*,*,#2981,.T.);
#4482 = ORIENTED_EDGE('',*,*,#2332,.T.);
#4483 = ORIENTED_EDGE('',*,*,#4436,.F.);
#4484 = ADVANCED_FACE('',(#4485),#2739,.F.);
#4485 = FACE_BOUND('',#4486,.F.);
#4486 = EDGE_LOOP('',(#4487,#4488,#4489,#4490));
#4487 = ORIENTED_EDGE('',*,*,#3004,.F.);
#4488 = ORIENTED_EDGE('',*,*,#2723,.T.);
#4489 = ORIENTED_EDGE('',*,*,#4413,.T.);
#4490 = ORIENTED_EDGE('',*,*,#4461,.F.);
#4491 = ADVANCED_FACE('',(#4492),#2688,.T.);
#4492 = FACE_BOUND('',#4493,.T.);
#4493 = EDGE_LOOP('',(#4494,#4495,#4496,#4519));
#4494 = ORIENTED_EDGE('',*,*,#3026,.F.);
#4495 = ORIENTED_EDGE('',*,*,#2672,.T.);
#4496 = ORIENTED_EDGE('',*,*,#4497,.T.);
#4497 = EDGE_CURVE('',#2645,#4498,#4500,.T.);
#4498 = VERTEX_POINT('',#4499);
#4499 = CARTESIAN_POINT('',(841.69814375822,45.,602.9246427771));
#4500 = SURFACE_CURVE('',#4501,(#4505,#4512),.PCURVE_S1.);
#4501 = LINE('',#4502,#4503);
#4502 = CARTESIAN_POINT('',(558.80104368335,45.,414.32657606052));
#4503 = VECTOR('',#4504,1.);
#4504 = DIRECTION('',(0.832050294338,0.,0.554700196225));
#4505 = PCURVE('',#2688,#4506);
#4506 = DEFINITIONAL_REPRESENTATION('',(#4507),#4511);
#4507 = LINE('',#4508,#4509);
#4508 = CARTESIAN_POINT('',(12.,0.));
#4509 = VECTOR('',#4510,1.);
#4510 = DIRECTION('',(0.,1.));
#4511 = ( GEOMETRIC_REPRESENTATION_CONTEXT(2) 
PARAMETRIC_REPRESENTATION_CONTEXT() REPRESENTATION_CONTEXT('2D SPACE',''
  ) );
#4512 = PCURVE('',#2660,#4513);
#4513 = DEFINITIONAL_REPRESENTATION('',(#4514),#4518);
#4514 = LINE('',#4515,#4516);
#4515 = CARTESIAN_POINT('',(0.,10.));
#4516 = VECTOR('',#4517,1.);
#4517 = DIRECTION('',(1.,0.));
#4518 = ( GEOMETRIC_REPRESENTATION_CONTEXT(2) 
PARAMETRIC_REPRESENTATION_CONTEXT() REPRESENTATION_CONTEXT('2D SPACE',''
  ) );
#4519 = ORIENTED_EDGE('',*,*,#4520,.F.);
#4520 = EDGE_CURVE('',#3027,#4498,#4521,.T.);
#4521 = SURFACE_CURVE('',#4522,(#4526,#4533),.PCURVE_S1.);
#4522 = LINE('',#4523,#4524);
#4523 = CARTESIAN_POINT('',(848.35454611292,45.,592.94003924504));
#4524 = VECTOR('',#4525,1.);
#4525 = DIRECTION('',(-0.554700196225,0.,0.832050294338));
#4526 = PCURVE('',#2688,#4527);
#4527 = DEFINITIONAL_REPRESENTATION('',(#4528),#4532);
#4528 = LINE('',#4529,#4530);
#4529 = CARTESIAN_POINT('',(0.,340.));
#4530 = VECTOR('',#4531,1.);
#4531 = DIRECTION('',(1.,0.));
#4532 = ( GEOMETRIC_REPRESENTATION_CONTEXT(2) 
PARAMETRIC_REPRESENTATION_CONTEXT() REPRESENTATION_CONTEXT('2D SPACE',''
  ) );
#4533 = PCURVE('',#3065,#4534);
#4534 = DEFINITIONAL_REPRESENTATION('',(#4535),#4539);
#4535 = LINE('',#4536,#4537);
#4536 = CARTESIAN_POINT('',(0.,-10.));
#4537 = VECTOR('',#4538,1.);
#4538 = DIRECTION('',(1.,0.));
#4539 = ( GEOMETRIC_REPRESENTATION_CONTEXT(2) 
PARAMETRIC_REPRESENTATION_CONTEXT() REPRESENTATION_CONTEXT('2D SPACE',''
  ) );
#4540 = ADVANCED_FACE('',(#4541),#2660,.T.);
#4541 = FACE_BOUND('',#4542,.T.);
#4542 = EDGE_LOOP('',(#4543,#4544,#4567,#4588));
#4543 = ORIENTED_EDGE('',*,*,#2644,.F.);
#4544 = ORIENTED_EDGE('',*,*,#4545,.T.);
#4545 = EDGE_CURVE('',#2617,#4546,#4548,.T.);
#4546 = VERTEX_POINT('',#4547);
#4547 = CARTESIAN_POINT('',(841.69814375822,35.,602.9246427771));
#4548 = SURFACE_CURVE('',#4549,(#4553,#4560),.PCURVE_S1.);
#4549 = LINE('',#4550,#4551);
#4550 = CARTESIAN_POINT('',(558.80104368335,35.,414.32657606052));
#4551 = VECTOR('',#4552,1.);
#4552 = DIRECTION('',(0.832050294338,0.,0.554700196225));
#4553 = PCURVE('',#2660,#4554);
#4554 = DEFINITIONAL_REPRESENTATION('',(#4555),#4559);
#4555 = LINE('',#4556,#4557);
#4556 = CARTESIAN_POINT('',(0.,0.));
#4557 = VECTOR('',#4558,1.);
#4558 = DIRECTION('',(1.,0.));
#4559 = ( GEOMETRIC_REPRESENTATION_CONTEXT(2) 
PARAMETRIC_REPRESENTATION_CONTEXT() REPRESENTATION_CONTEXT('2D SPACE',''
  ) );
#4560 = PCURVE('',#2632,#4561);
#4561 = DEFINITIONAL_REPRESENTATION('',(#4562),#4566);
#4562 = LINE('',#4563,#4564);
#4563 = CARTESIAN_POINT('',(12.,0.));
#4564 = VECTOR('',#4565,1.);
#4565 = DIRECTION('',(0.,1.));
#4566 = ( GEOMETRIC_REPRESENTATION_CONTEXT(2) 
PARAMETRIC_REPRESENTATION_CONTEXT() REPRESENTATION_CONTEXT('2D SPACE',''
  ) );
#4567 = ORIENTED_EDGE('',*,*,#4568,.T.);
#4568 = EDGE_CURVE('',#4546,#4498,#4569,.T.);
#4569 = SURFACE_CURVE('',#4570,(#4574,#4581),.PCURVE_S1.);
#4570 = LINE('',#4571,#4572);
#4571 = CARTESIAN_POINT('',(841.69814375822,35.,602.9246427771));
#4572 = VECTOR('',#4573,1.);
#4573 = DIRECTION('',(-0.,1.,0.));
#4574 = PCURVE('',#2660,#4575);
#4575 = DEFINITIONAL_REPRESENTATION('',(#4576),#4580);
#4576 = LINE('',#4577,#4578);
#4577 = CARTESIAN_POINT('',(340.,0.));
#4578 = VECTOR('',#4579,1.);
#4579 = DIRECTION('',(0.,1.));
#4580 = ( GEOMETRIC_REPRESENTATION_CONTEXT(2) 
PARAMETRIC_REPRESENTATION_CONTEXT() REPRESENTATION_CONTEXT('2D SPACE',''
  ) );
#4581 = PCURVE('',#3065,#4582);
#4582 = DEFINITIONAL_REPRESENTATION('',(#4583),#4587);
#4583 = LINE('',#4584,#4585);
#4584 = CARTESIAN_POINT('',(12.,0.));
#4585 = VECTOR('',#4586,1.);
#4586 = DIRECTION('',(0.,-1.));
#4587 = ( GEOMETRIC_REPRESENTATION_CONTEXT(2) 
PARAMETRIC_REPRESENTATION_CONTEXT() REPRESENTATION_CONTEXT('2D SPACE',''
  ) );
#4588 = ORIENTED_EDGE('',*,*,#4497,.F.);
#4589 = ADVANCED_FACE('',(#4590),#2632,.F.);
#4590 = FACE_BOUND('',#4591,.F.);
#4591 = EDGE_LOOP('',(#4592,#4593,#4594,#4595));
#4592 = ORIENTED_EDGE('',*,*,#3077,.F.);
#4593 = ORIENTED_EDGE('',*,*,#2616,.T.);
#4594 = ORIENTED_EDGE('',*,*,#4545,.T.);
#4595 = ORIENTED_EDGE('',*,*,#4596,.F.);
#4596 = EDGE_CURVE('',#3050,#4546,#4597,.T.);
#4597 = SURFACE_CURVE('',#4598,(#4602,#4609),.PCURVE_S1.);
#4598 = LINE('',#4599,#4600);
#4599 = CARTESIAN_POINT('',(848.35454611292,35.,592.94003924504));
#4600 = VECTOR('',#4601,1.);
#4601 = DIRECTION('',(-0.554700196225,0.,0.832050294338));
#4602 = PCURVE('',#2632,#4603);
#4603 = DEFINITIONAL_REPRESENTATION('',(#4604),#4608);
#4604 = LINE('',#4605,#4606);
#4605 = CARTESIAN_POINT('',(0.,340.));
#4606 = VECTOR('',#4607,1.);
#4607 = DIRECTION('',(1.,0.));
#4608 = ( GEOMETRIC_REPRESENTATION_CONTEXT(2) 
PARAMETRIC_REPRESENTATION_CONTEXT() REPRESENTATION_CONTEXT('2D SPACE',''
  ) );
#4609 = PCURVE('',#3065,#4610);
#4610 = DEFINITIONAL_REPRESENTATION('',(#4611),#4615);
#4611 = LINE('',#4612,#4613);
#4612 = CARTESIAN_POINT('',(0.,0.));
#4613 = VECTOR('',#4614,1.);
#4614 = DIRECTION('',(1.,0.));
#4615 = ( GEOMETRIC_REPRESENTATION_CONTEXT(2) 
PARAMETRIC_REPRESENTATION_CONTEXT() REPRESENTATION_CONTEXT('2D SPACE',''
  ) );
#4616 = ADVANCED_FACE('',(#4617),#2581,.T.);
#4617 = FACE_BOUND('',#4618,.T.);
#4618 = EDGE_LOOP('',(#4619,#4620,#4621,#4644));
#4619 = ORIENTED_EDGE('',*,*,#3099,.F.);
#4620 = ORIENTED_EDGE('',*,*,#2565,.T.);
#4621 = ORIENTED_EDGE('',*,*,#4622,.T.);
#4622 = EDGE_CURVE('',#2538,#4623,#4625,.T.);
#4623 = VERTEX_POINT('',#4624);
#4624 = CARTESIAN_POINT('',(841.69814375822,-35.,602.9246427771));
#4625 = SURFACE_CURVE('',#4626,(#4630,#4637),.PCURVE_S1.);
#4626 = LINE('',#4627,#4628);
#4627 = CARTESIAN_POINT('',(558.80104368335,-35.,414.32657606052));
#4628 = VECTOR('',#4629,1.);
#4629 = DIRECTION('',(0.832050294338,0.,0.554700196225));
#4630 = PCURVE('',#2581,#4631);
#4631 = DEFINITIONAL_REPRESENTATION('',(#4632),#4636);
#4632 = LINE('',#4633,#4634);
#4633 = CARTESIAN_POINT('',(12.,0.));
#4634 = VECTOR('',#4635,1.);
#4635 = DIRECTION('',(0.,1.));
#4636 = ( GEOMETRIC_REPRESENTATION_CONTEXT(2) 
PARAMETRIC_REPRESENTATION_CONTEXT() REPRESENTATION_CONTEXT('2D SPACE',''
  ) );
#4637 = PCURVE('',#2553,#4638);
#4638 = DEFINITIONAL_REPRESENTATION('',(#4639),#4643);
#4639 = LINE('',#4640,#4641);
#4640 = CARTESIAN_POINT('',(0.,10.));
#4641 = VECTOR('',#4642,1.);
#4642 = DIRECTION('',(1.,0.));
#4643 = ( GEOMETRIC_REPRESENTATION_CONTEXT(2) 
PARAMETRIC_REPRESENTATION_CONTEXT() REPRESENTATION_CONTEXT('2D SPACE',''
  ) );
#4644 = ORIENTED_EDGE('',*,*,#4645,.F.);
#4645 = EDGE_CURVE('',#3100,#4623,#4646,.T.);
#4646 = SURFACE_CURVE('',#4647,(#4651,#4658),.PCURVE_S1.);
#4647 = LINE('',#4648,#4649);
#4648 = CARTESIAN_POINT('',(848.35454611292,-35.,592.94003924504));
#4649 = VECTOR('',#4650,1.);
#4650 = DIRECTION('',(-0.554700196225,0.,0.832050294338));
#4651 = PCURVE('',#2581,#4652);
#4652 = DEFINITIONAL_REPRESENTATION('',(#4653),#4657);
#4653 = LINE('',#4654,#4655);
#4654 = CARTESIAN_POINT('',(0.,340.));
#4655 = VECTOR('',#4656,1.);
#4656 = DIRECTION('',(1.,0.));
#4657 = ( GEOMETRIC_REPRESENTATION_CONTEXT(2) 
PARAMETRIC_REPRESENTATION_CONTEXT() REPRESENTATION_CONTEXT('2D SPACE',''
  ) );
#4658 = PCURVE('',#3138,#4659);
#4659 = DEFINITIONAL_REPRESENTATION('',(#4660),#4664);
#4660 = LINE('',#4661,#4662);
#4661 = CARTESIAN_POINT('',(0.,-10.));
#4662 = VECTOR('',#4663,1.);
#4663 = DIRECTION('',(1.,0.));
#4664 = ( GEOMETRIC_REPRESENTATION_CONTEXT(2) 
PARAMETRIC_REPRESENTATION_CONTEXT() REPRESENTATION_CONTEXT('2D SPACE',''
  ) );
#4665 = ADVANCED_FACE('',(#4666),#2553,.T.);
#4666 = FACE_BOUND('',#4667,.T.);
#4667 = EDGE_LOOP('',(#4668,#4669,#4692,#4713));
#4668 = ORIENTED_EDGE('',*,*,#2537,.F.);
#4669 = ORIENTED_EDGE('',*,*,#4670,.T.);
#4670 = EDGE_CURVE('',#2510,#4671,#4673,.T.);
#4671 = VERTEX_POINT('',#4672);
#4672 = CARTESIAN_POINT('',(841.69814375822,-45.,602.9246427771));
#4673 = SURFACE_CURVE('',#4674,(#4678,#4685),.PCURVE_S1.);
#4674 = LINE('',#4675,#4676);
#4675 = CARTESIAN_POINT('',(558.80104368335,-45.,414.32657606052));
#4676 = VECTOR('',#4677,1.);
#4677 = DIRECTION('',(0.832050294338,0.,0.554700196225));
#4678 = PCURVE('',#2553,#4679);
#4679 = DEFINITIONAL_REPRESENTATION('',(#4680),#4684);
#4680 = LINE('',#4681,#4682);
#4681 = CARTESIAN_POINT('',(0.,0.));
#4682 = VECTOR('',#4683,1.);
#4683 = DIRECTION('',(1.,0.));
#4684 = ( GEOMETRIC_REPRESENTATION_CONTEXT(2) 
PARAMETRIC_REPRESENTATION_CONTEXT() REPRESENTATION_CONTEXT('2D SPACE',''
  ) );
#4685 = PCURVE('',#2525,#4686);
#4686 = DEFINITIONAL_REPRESENTATION('',(#4687),#4691);
#4687 = LINE('',#4688,#4689);
#4688 = CARTESIAN_POINT('',(12.,0.));
#4689 = VECTOR('',#4690,1.);
#4690 = DIRECTION('',(0.,1.));
#4691 = ( GEOMETRIC_REPRESENTATION_CONTEXT(2) 
PARAMETRIC_REPRESENTATION_CONTEXT() REPRESENTATION_CONTEXT('2D SPACE',''
  ) );
#4692 = ORIENTED_EDGE('',*,*,#4693,.T.);
#4693 = EDGE_CURVE('',#4671,#4623,#4694,.T.);
#4694 = SURFACE_CURVE('',#4695,(#4699,#4706),.PCURVE_S1.);
#4695 = LINE('',#4696,#4697);
#4696 = CARTESIAN_POINT('',(841.69814375822,-45.,602.9246427771));
#4697 = VECTOR('',#4698,1.);
#4698 = DIRECTION('',(-0.,1.,0.));
#4699 = PCURVE('',#2553,#4700);
#4700 = DEFINITIONAL_REPRESENTATION('',(#4701),#4705);
#4701 = LINE('',#4702,#4703);
#4702 = CARTESIAN_POINT('',(340.,0.));
#4703 = VECTOR('',#4704,1.);
#4704 = DIRECTION('',(0.,1.));
#4705 = ( GEOMETRIC_REPRESENTATION_CONTEXT(2) 
PARAMETRIC_REPRESENTATION_CONTEXT() REPRESENTATION_CONTEXT('2D SPACE',''
  ) );
#4706 = PCURVE('',#3138,#4707);
#4707 = DEFINITIONAL_REPRESENTATION('',(#4708),#4712);
#4708 = LINE('',#4709,#4710);
#4709 = CARTESIAN_POINT('',(12.,0.));
#4710 = VECTOR('',#4711,1.);
#4711 = DIRECTION('',(0.,-1.));
#4712 = ( GEOMETRIC_REPRESENTATION_CONTEXT(2) 
PARAMETRIC_REPRESENTATION_CONTEXT() REPRESENTATION_CONTEXT('2D SPACE',''
  ) );
#4713 = ORIENTED_EDGE('',*,*,#4622,.F.);
#4714 = ADVANCED_FACE('',(#4715),#2525,.F.);
#4715 = FACE_BOUND('',#4716,.F.);
#4716 = EDGE_LOOP('',(#4717,#4718,#4719,#4720));
#4717 = ORIENTED_EDGE('',*,*,#3150,.F.);
#4718 = ORIENTED_EDGE('',*,*,#2509,.T.);
#4719 = ORIENTED_EDGE('',*,*,#4670,.T.);
#4720 = ORIENTED_EDGE('',*,*,#4721,.F.);
#4721 = EDGE_CURVE('',#3123,#4671,#4722,.T.);
#4722 = SURFACE_CURVE('',#4723,(#4727,#4734),.PCURVE_S1.);
#4723 = LINE('',#4724,#4725);
#4724 = CARTESIAN_POINT('',(848.35454611292,-45.,592.94003924504));
#4725 = VECTOR('',#4726,1.);
#4726 = DIRECTION('',(-0.554700196225,0.,0.832050294338));
#4727 = PCURVE('',#2525,#4728);
#4728 = DEFINITIONAL_REPRESENTATION('',(#4729),#4733);
#4729 = LINE('',#4730,#4731);
#4730 = CARTESIAN_POINT('',(0.,340.));
#4731 = VECTOR('',#4732,1.);
#4732 = DIRECTION('',(1.,0.));
#4733 = ( GEOMETRIC_REPRESENTATION_CONTEXT(2) 
PARAMETRIC_REPRESENTATION_CONTEXT() REPRESENTATION_CONTEXT('2D SPACE',''
  ) );
#4734 = PCURVE('',#3138,#4735);
#4735 = DEFINITIONAL_REPRESENTATION('',(#4736),#4740);
#4736 = LINE('',#4737,#4738);
#4737 = CARTESIAN_POINT('',(0.,0.));
#4738 = VECTOR('',#4739,1.);
#4739 = DIRECTION('',(1.,0.));
#4740 = ( GEOMETRIC_REPRESENTATION_CONTEXT(2) 
PARAMETRIC_REPRESENTATION_CONTEXT() REPRESENTATION_CONTEXT('2D SPACE',''
  ) );
#4741 = ADVANCED_FACE('',(#4742),#2474,.T.);
#4742 = FACE_BOUND('',#4743,.T.);
#4743 = EDGE_LOOP('',(#4744,#4745,#4746,#4747));
#4744 = ORIENTED_EDGE('',*,*,#3172,.F.);
#4745 = ORIENTED_EDGE('',*,*,#2458,.T.);
#4746 = ORIENTED_EDGE('',*,*,#2908,.T.);
#4747 = ORIENTED_EDGE('',*,*,#2956,.F.);
#4748 = ADVANCED_FACE('',(#4749),#2793,.T.);
#4749 = FACE_BOUND('',#4750,.T.);
#4750 = EDGE_LOOP('',(#4751,#4774,#4802,#4823));
#4751 = ORIENTED_EDGE('',*,*,#4752,.F.);
#4752 = EDGE_CURVE('',#4753,#2777,#4755,.T.);
#4753 = VERTEX_POINT('',#4754);
#4754 = CARTESIAN_POINT('',(536.61303583435,30.,415.15862635486));
#4755 = SURFACE_CURVE('',#4756,(#4760,#4767),.PCURVE_S1.);
#4756 = LINE('',#4757,#4758);
#4757 = CARTESIAN_POINT('',(536.61303583435,30.,415.15862635486));
#4758 = VECTOR('',#4759,1.);
#4759 = DIRECTION('',(0.832050294338,0.,0.554700196225));
#4760 = PCURVE('',#2793,#4761);
#4761 = DEFINITIONAL_REPRESENTATION('',(#4762),#4766);
#4762 = LINE('',#4763,#4764);
#4763 = CARTESIAN_POINT('',(0.,60.));
#4764 = VECTOR('',#4765,1.);
#4765 = DIRECTION('',(1.,0.));
#4766 = ( GEOMETRIC_REPRESENTATION_CONTEXT(2) 
PARAMETRIC_REPRESENTATION_CONTEXT() REPRESENTATION_CONTEXT('2D SPACE',''
  ) );
#4767 = PCURVE('',#2869,#4768);
#4768 = DEFINITIONAL_REPRESENTATION('',(#4769),#4773);
#4769 = LINE('',#4770,#4771);
#4770 = CARTESIAN_POINT('',(0.,0.));
#4771 = VECTOR('',#4772,1.);
#4772 = DIRECTION('',(0.,1.));
#4773 = ( GEOMETRIC_REPRESENTATION_CONTEXT(2) 
PARAMETRIC_REPRESENTATION_CONTEXT() REPRESENTATION_CONTEXT('2D SPACE',''
  ) );
#4774 = ORIENTED_EDGE('',*,*,#4775,.F.);
#4775 = EDGE_CURVE('',#4776,#4753,#4778,.T.);
#4776 = VERTEX_POINT('',#4777);
#4777 = CARTESIAN_POINT('',(536.61303583435,-30.,415.15862635486));
#4778 = SURFACE_CURVE('',#4779,(#4783,#4790),.PCURVE_S1.);
#4779 = LINE('',#4780,#4781);
#4780 = CARTESIAN_POINT('',(536.61303583435,-30.,415.15862635486));
#4781 = VECTOR('',#4782,1.);
#4782 = DIRECTION('',(-0.,1.,0.));
#4783 = PCURVE('',#2793,#4784);
#4784 = DEFINITIONAL_REPRESENTATION('',(#4785),#4789);
#4785 = LINE('',#4786,#4787);
#4786 = CARTESIAN_POINT('',(0.,0.));
#4787 = VECTOR('',#4788,1.);
#4788 = DIRECTION('',(0.,1.));
#4789 = ( GEOMETRIC_REPRESENTATION_CONTEXT(2) 
PARAMETRIC_REPRESENTATION_CONTEXT() REPRESENTATION_CONTEXT('2D SPACE',''
  ) );
#4790 = PCURVE('',#4791,#4796);
#4791 = PLANE('',#4792);
#4792 = AXIS2_PLACEMENT_3D('',#4793,#4794,#4795);
#4793 = CARTESIAN_POINT('',(536.61303583435,-30.,415.15862635486));
#4794 = DIRECTION('',(0.832050294338,0.,0.554700196225));
#4795 = DIRECTION('',(-0.554700196225,0.,0.832050294338));
#4796 = DEFINITIONAL_REPRESENTATION('',(#4797),#4801);
#4797 = LINE('',#4798,#4799);
#4798 = CARTESIAN_POINT('',(0.,0.));
#4799 = VECTOR('',#4800,1.);
#4800 = DIRECTION('',(0.,-1.));
#4801 = ( GEOMETRIC_REPRESENTATION_CONTEXT(2) 
PARAMETRIC_REPRESENTATION_CONTEXT() REPRESENTATION_CONTEXT('2D SPACE',''
  ) );
#4802 = ORIENTED_EDGE('',*,*,#4803,.T.);
#4803 = EDGE_CURVE('',#4776,#2779,#4804,.T.);
#4804 = SURFACE_CURVE('',#4805,(#4809,#4816),.PCURVE_S1.);
#4805 = LINE('',#4806,#4807);
#4806 = CARTESIAN_POINT('',(536.61303583435,-30.,415.15862635486));
#4807 = VECTOR('',#4808,1.);
#4808 = DIRECTION('',(0.832050294338,0.,0.554700196225));
#4809 = PCURVE('',#2793,#4810);
#4810 = DEFINITIONAL_REPRESENTATION('',(#4811),#4815);
#4811 = LINE('',#4812,#4813);
#4812 = CARTESIAN_POINT('',(0.,0.));
#4813 = VECTOR('',#4814,1.);
#4814 = DIRECTION('',(1.,0.));
#4815 = ( GEOMETRIC_REPRESENTATION_CONTEXT(2) 
PARAMETRIC_REPRESENTATION_CONTEXT() REPRESENTATION_CONTEXT('2D SPACE',''
  ) );
#4816 = PCURVE('',#2819,#4817);
#4817 = DEFINITIONAL_REPRESENTATION('',(#4818),#4822);
#4818 = LINE('',#4819,#4820);
#4819 = CARTESIAN_POINT('',(0.,0.));
#4820 = VECTOR('',#4821,1.);
#4821 = DIRECTION('',(0.,1.));
#4822 = ( GEOMETRIC_REPRESENTATION_CONTEXT(2) 
PARAMETRIC_REPRESENTATION_CONTEXT() REPRESENTATION_CONTEXT('2D SPACE',''
  ) );
#4823 = ORIENTED_EDGE('',*,*,#2776,.F.);
#4824 = ADVANCED_FACE('',(#4825),#2869,.F.);
#4825 = FACE_BOUND('',#4826,.F.);
#4826 = EDGE_LOOP('',(#4827,#4828,#4851,#4872));
#4827 = ORIENTED_EDGE('',*,*,#4752,.F.);
#4828 = ORIENTED_EDGE('',*,*,#4829,.T.);
#4829 = EDGE_CURVE('',#4753,#4830,#4832,.T.);
#4830 = VERTEX_POINT('',#4831);
#4831 = CARTESIAN_POINT('',(515.53442837779,30.,446.77653753969));
#4832 = SURFACE_CURVE('',#4833,(#4837,#4844),.PCURVE_S1.);
#4833 = LINE('',#4834,#4835);
#4834 = CARTESIAN_POINT('',(536.61303583435,30.,415.15862635486));
#4835 = VECTOR('',#4836,1.);
#4836 = DIRECTION('',(-0.554700196225,0.,0.832050294338));
#4837 = PCURVE('',#2869,#4838);
#4838 = DEFINITIONAL_REPRESENTATION('',(#4839),#4843);
#4839 = LINE('',#4840,#4841);
#4840 = CARTESIAN_POINT('',(0.,0.));
#4841 = VECTOR('',#4842,1.);
#4842 = DIRECTION('',(1.,0.));
#4843 = ( GEOMETRIC_REPRESENTATION_CONTEXT(2) 
PARAMETRIC_REPRESENTATION_CONTEXT() REPRESENTATION_CONTEXT('2D SPACE',''
  ) );
#4844 = PCURVE('',#4791,#4845);
#4845 = DEFINITIONAL_REPRESENTATION('',(#4846),#4850);
#4846 = LINE('',#4847,#4848);
#4847 = CARTESIAN_POINT('',(0.,-60.));
#4848 = VECTOR('',#4849,1.);
#4849 = DIRECTION('',(1.,0.));
#4850 = ( GEOMETRIC_REPRESENTATION_CONTEXT(2) 
PARAMETRIC_REPRESENTATION_CONTEXT() REPRESENTATION_CONTEXT('2D SPACE',''
  ) );
#4851 = ORIENTED_EDGE('',*,*,#4852,.T.);
#4852 = EDGE_CURVE('',#4830,#2831,#4853,.T.);
#4853 = SURFACE_CURVE('',#4854,(#4858,#4865),.PCURVE_S1.);
#4854 = LINE('',#4855,#4856);
#4855 = CARTESIAN_POINT('',(515.53442837779,30.,446.77653753969));
#4856 = VECTOR('',#4857,1.);
#4857 = DIRECTION('',(0.832050294338,0.,0.554700196225));
#4858 = PCURVE('',#2869,#4859);
#4859 = DEFINITIONAL_REPRESENTATION('',(#4860),#4864);
#4860 = LINE('',#4861,#4862);
#4861 = CARTESIAN_POINT('',(38.,0.));
#4862 = VECTOR('',#4863,1.);
#4863 = DIRECTION('',(0.,1.));
#4864 = ( GEOMETRIC_REPRESENTATION_CONTEXT(2) 
PARAMETRIC_REPRESENTATION_CONTEXT() REPRESENTATION_CONTEXT('2D SPACE',''
  ) );
#4865 = PCURVE('',#2845,#4866);
#4866 = DEFINITIONAL_REPRESENTATION('',(#4867),#4871);
#4867 = LINE('',#4868,#4869);
#4868 = CARTESIAN_POINT('',(0.,60.));
#4869 = VECTOR('',#4870,1.);
#4870 = DIRECTION('',(1.,0.));
#4871 = ( GEOMETRIC_REPRESENTATION_CONTEXT(2) 
PARAMETRIC_REPRESENTATION_CONTEXT() REPRESENTATION_CONTEXT('2D SPACE',''
  ) );
#4872 = ORIENTED_EDGE('',*,*,#2856,.F.);
#4873 = ADVANCED_FACE('',(#4874),#2819,.T.);
#4874 = FACE_BOUND('',#4875,.T.);
#4875 = EDGE_LOOP('',(#4876,#4877,#4900,#4921));
#4876 = ORIENTED_EDGE('',*,*,#4803,.F.);
#4877 = ORIENTED_EDGE('',*,*,#4878,.T.);
#4878 = EDGE_CURVE('',#4776,#4879,#4881,.T.);
#4879 = VERTEX_POINT('',#4880);
#4880 = CARTESIAN_POINT('',(515.53442837779,-30.,446.77653753969));
#4881 = SURFACE_CURVE('',#4882,(#4886,#4893),.PCURVE_S1.);
#4882 = LINE('',#4883,#4884);
#4883 = CARTESIAN_POINT('',(536.61303583435,-30.,415.15862635486));
#4884 = VECTOR('',#4885,1.);
#4885 = DIRECTION('',(-0.554700196225,0.,0.832050294338));
#4886 = PCURVE('',#2819,#4887);
#4887 = DEFINITIONAL_REPRESENTATION('',(#4888),#4892);
#4888 = LINE('',#4889,#4890);
#4889 = CARTESIAN_POINT('',(0.,0.));
#4890 = VECTOR('',#4891,1.);
#4891 = DIRECTION('',(1.,0.));
#4892 = ( GEOMETRIC_REPRESENTATION_CONTEXT(2) 
PARAMETRIC_REPRESENTATION_CONTEXT() REPRESENTATION_CONTEXT('2D SPACE',''
  ) );
#4893 = PCURVE('',#4791,#4894);
#4894 = DEFINITIONAL_REPRESENTATION('',(#4895),#4899);
#4895 = LINE('',#4896,#4897);
#4896 = CARTESIAN_POINT('',(0.,0.));
#4897 = VECTOR('',#4898,1.);
#4898 = DIRECTION('',(1.,0.));
#4899 = ( GEOMETRIC_REPRESENTATION_CONTEXT(2) 
PARAMETRIC_REPRESENTATION_CONTEXT() REPRESENTATION_CONTEXT('2D SPACE',''
  ) );
#4900 = ORIENTED_EDGE('',*,*,#4901,.T.);
#4901 = EDGE_CURVE('',#4879,#2805,#4902,.T.);
#4902 = SURFACE_CURVE('',#4903,(#4907,#4914),.PCURVE_S1.);
#4903 = LINE('',#4904,#4905);
#4904 = CARTESIAN_POINT('',(515.53442837779,-30.,446.77653753969));
#4905 = VECTOR('',#4906,1.);
#4906 = DIRECTION('',(0.832050294338,0.,0.554700196225));
#4907 = PCURVE('',#2819,#4908);
#4908 = DEFINITIONAL_REPRESENTATION('',(#4909),#4913);
#4909 = LINE('',#4910,#4911);
#4910 = CARTESIAN_POINT('',(38.,0.));
#4911 = VECTOR('',#4912,1.);
#4912 = DIRECTION('',(0.,1.));
#4913 = ( GEOMETRIC_REPRESENTATION_CONTEXT(2) 
PARAMETRIC_REPRESENTATION_CONTEXT() REPRESENTATION_CONTEXT('2D SPACE',''
  ) );
#4914 = PCURVE('',#2845,#4915);
#4915 = DEFINITIONAL_REPRESENTATION('',(#4916),#4920);
#4916 = LINE('',#4917,#4918);
#4917 = CARTESIAN_POINT('',(0.,0.));
#4918 = VECTOR('',#4919,1.);
#4919 = DIRECTION('',(1.,0.));
#4920 = ( GEOMETRIC_REPRESENTATION_CONTEXT(2) 
PARAMETRIC_REPRESENTATION_CONTEXT() REPRESENTATION_CONTEXT('2D SPACE',''
  ) );
#4921 = ORIENTED_EDGE('',*,*,#2804,.F.);
#4922 = ADVANCED_FACE('',(#4923),#2845,.F.);
#4923 = FACE_BOUND('',#4924,.F.);
#4924 = EDGE_LOOP('',(#4925,#4926,#4947,#4948));
#4925 = ORIENTED_EDGE('',*,*,#4852,.F.);
#4926 = ORIENTED_EDGE('',*,*,#4927,.F.);
#4927 = EDGE_CURVE('',#4879,#4830,#4928,.T.);
#4928 = SURFACE_CURVE('',#4929,(#4933,#4940),.PCURVE_S1.);
#4929 = LINE('',#4930,#4931);
#4930 = CARTESIAN_POINT('',(515.53442837779,-30.,446.77653753969));
#4931 = VECTOR('',#4932,1.);
#4932 = DIRECTION('',(-0.,1.,0.));
#4933 = PCURVE('',#2845,#4934);
#4934 = DEFINITIONAL_REPRESENTATION('',(#4935),#4939);
#4935 = LINE('',#4936,#4937);
#4936 = CARTESIAN_POINT('',(0.,0.));
#4937 = VECTOR('',#4938,1.);
#4938 = DIRECTION('',(0.,1.));
#4939 = ( GEOMETRIC_REPRESENTATION_CONTEXT(2) 
PARAMETRIC_REPRESENTATION_CONTEXT() REPRESENTATION_CONTEXT('2D SPACE',''
  ) );
#4940 = PCURVE('',#4791,#4941);
#4941 = DEFINITIONAL_REPRESENTATION('',(#4942),#4946);
#4942 = LINE('',#4943,#4944);
#4943 = CARTESIAN_POINT('',(38.,0.));
#4944 = VECTOR('',#4945,1.);
#4945 = DIRECTION('',(0.,-1.));
#4946 = ( GEOMETRIC_REPRESENTATION_CONTEXT(2) 
PARAMETRIC_REPRESENTATION_CONTEXT() REPRESENTATION_CONTEXT('2D SPACE',''
  ) );
#4947 = ORIENTED_EDGE('',*,*,#4901,.T.);
#4948 = ORIENTED_EDGE('',*,*,#2830,.F.);
#4949 = ADVANCED_FACE('',(#4950),#3290,.T.);
#4950 = FACE_BOUND('',#4951,.T.);
#4951 = EDGE_LOOP('',(#4952,#4953,#4976,#4997));
#4952 = ORIENTED_EDGE('',*,*,#3274,.F.);
#4953 = ORIENTED_EDGE('',*,*,#4954,.T.);
#4954 = EDGE_CURVE('',#3247,#4955,#4957,.T.);
#4955 = VERTEX_POINT('',#4956);
#4956 = CARTESIAN_POINT('',(843.3622443469,30.,618.4562482714));
#4957 = SURFACE_CURVE('',#4958,(#4962,#4969),.PCURVE_S1.);
#4958 = LINE('',#4959,#4960);
#4959 = CARTESIAN_POINT('',(856.6750490563,30.,598.48704120729));
#4960 = VECTOR('',#4961,1.);
#4961 = DIRECTION('',(-0.554700196225,0.,0.832050294338));
#4962 = PCURVE('',#3290,#4963);
#4963 = DEFINITIONAL_REPRESENTATION('',(#4964),#4968);
#4964 = LINE('',#4965,#4966);
#4965 = CARTESIAN_POINT('',(0.,0.));
#4966 = VECTOR('',#4967,1.);
#4967 = DIRECTION('',(1.,0.));
#4968 = ( GEOMETRIC_REPRESENTATION_CONTEXT(2) 
PARAMETRIC_REPRESENTATION_CONTEXT() REPRESENTATION_CONTEXT('2D SPACE',''
  ) );
#4969 = PCURVE('',#3262,#4970);
#4970 = DEFINITIONAL_REPRESENTATION('',(#4971),#4975);
#4971 = LINE('',#4972,#4973);
#4972 = CARTESIAN_POINT('',(0.,-60.));
#4973 = VECTOR('',#4974,1.);
#4974 = DIRECTION('',(1.,0.));
#4975 = ( GEOMETRIC_REPRESENTATION_CONTEXT(2) 
PARAMETRIC_REPRESENTATION_CONTEXT() REPRESENTATION_CONTEXT('2D SPACE',''
  ) );
#4976 = ORIENTED_EDGE('',*,*,#4977,.T.);
#4977 = EDGE_CURVE('',#4955,#3648,#4978,.T.);
#4978 = SURFACE_CURVE('',#4979,(#4983,#4990),.PCURVE_S1.);
#4979 = LINE('',#4980,#4981);
#4980 = CARTESIAN_POINT('',(843.3622443469,30.,618.4562482714));
#4981 = VECTOR('',#4982,1.);
#4982 = DIRECTION('',(0.832050294338,0.,0.554700196225));
#4983 = PCURVE('',#3290,#4984);
#4984 = DEFINITIONAL_REPRESENTATION('',(#4985),#4989);
#4985 = LINE('',#4986,#4987);
#4986 = CARTESIAN_POINT('',(24.,0.));
#4987 = VECTOR('',#4988,1.);
#4988 = DIRECTION('',(0.,1.));
#4989 = ( GEOMETRIC_REPRESENTATION_CONTEXT(2) 
PARAMETRIC_REPRESENTATION_CONTEXT() REPRESENTATION_CONTEXT('2D SPACE',''
  ) );
#4990 = PCURVE('',#3686,#4991);
#4991 = DEFINITIONAL_REPRESENTATION('',(#4992),#4996);
#4992 = LINE('',#4993,#4994);
#4993 = CARTESIAN_POINT('',(0.,60.));
#4994 = VECTOR('',#4995,1.);
#4995 = DIRECTION('',(1.,0.));
#4996 = ( GEOMETRIC_REPRESENTATION_CONTEXT(2) 
PARAMETRIC_REPRESENTATION_CONTEXT() REPRESENTATION_CONTEXT('2D SPACE',''
  ) );
#4997 = ORIENTED_EDGE('',*,*,#3647,.F.);
#4998 = ADVANCED_FACE('',(#4999),#3262,.F.);
#4999 = FACE_BOUND('',#5000,.F.);
#5000 = EDGE_LOOP('',(#5001,#5024,#5025,#5026));
#5001 = ORIENTED_EDGE('',*,*,#5002,.F.);
#5002 = EDGE_CURVE('',#3219,#5003,#5005,.T.);
#5003 = VERTEX_POINT('',#5004);
#5004 = CARTESIAN_POINT('',(843.3622443469,-30.,618.4562482714));
#5005 = SURFACE_CURVE('',#5006,(#5010,#5017),.PCURVE_S1.);
#5006 = LINE('',#5007,#5008);
#5007 = CARTESIAN_POINT('',(856.6750490563,-30.,598.48704120729));
#5008 = VECTOR('',#5009,1.);
#5009 = DIRECTION('',(-0.554700196225,0.,0.832050294338));
#5010 = PCURVE('',#3262,#5011);
#5011 = DEFINITIONAL_REPRESENTATION('',(#5012),#5016);
#5012 = LINE('',#5013,#5014);
#5013 = CARTESIAN_POINT('',(0.,0.));
#5014 = VECTOR('',#5015,1.);
#5015 = DIRECTION('',(1.,0.));
#5016 = ( GEOMETRIC_REPRESENTATION_CONTEXT(2) 
PARAMETRIC_REPRESENTATION_CONTEXT() REPRESENTATION_CONTEXT('2D SPACE',''
  ) );
#5017 = PCURVE('',#3234,#5018);
#5018 = DEFINITIONAL_REPRESENTATION('',(#5019),#5023);
#5019 = LINE('',#5020,#5021);
#5020 = CARTESIAN_POINT('',(0.,0.));
#5021 = VECTOR('',#5022,1.);
#5022 = DIRECTION('',(1.,0.));
#5023 = ( GEOMETRIC_REPRESENTATION_CONTEXT(2) 
PARAMETRIC_REPRESENTATION_CONTEXT() REPRESENTATION_CONTEXT('2D SPACE',''
  ) );
#5024 = ORIENTED_EDGE('',*,*,#3246,.T.);
#5025 = ORIENTED_EDGE('',*,*,#4954,.T.);
#5026 = ORIENTED_EDGE('',*,*,#5027,.F.);
#5027 = EDGE_CURVE('',#5003,#4955,#5028,.T.);
#5028 = SURFACE_CURVE('',#5029,(#5033,#5040),.PCURVE_S1.);
#5029 = LINE('',#5030,#5031);
#5030 = CARTESIAN_POINT('',(843.3622443469,-30.,618.4562482714));
#5031 = VECTOR('',#5032,1.);
#5032 = DIRECTION('',(-0.,1.,0.));
#5033 = PCURVE('',#3262,#5034);
#5034 = DEFINITIONAL_REPRESENTATION('',(#5035),#5039);
#5035 = LINE('',#5036,#5037);
#5036 = CARTESIAN_POINT('',(24.,0.));
#5037 = VECTOR('',#5038,1.);
#5038 = DIRECTION('',(0.,-1.));
#5039 = ( GEOMETRIC_REPRESENTATION_CONTEXT(2) 
PARAMETRIC_REPRESENTATION_CONTEXT() REPRESENTATION_CONTEXT('2D SPACE',''
  ) );
#5040 = PCURVE('',#3686,#5041);
#5041 = DEFINITIONAL_REPRESENTATION('',(#5042),#5046);
#5042 = LINE('',#5043,#5044);
#5043 = CARTESIAN_POINT('',(0.,0.));
#5044 = VECTOR('',#5045,1.);
#5045 = DIRECTION('',(0.,1.));
#5046 = ( GEOMETRIC_REPRESENTATION_CONTEXT(2) 
PARAMETRIC_REPRESENTATION_CONTEXT() REPRESENTATION_CONTEXT('2D SPACE',''
  ) );
#5047 = ADVANCED_FACE('',(#5048),#3065,.T.);
#5048 = FACE_BOUND('',#5049,.T.);
#5049 = EDGE_LOOP('',(#5050,#5051,#5052,#5053));
#5050 = ORIENTED_EDGE('',*,*,#4596,.F.);
#5051 = ORIENTED_EDGE('',*,*,#3049,.T.);
#5052 = ORIENTED_EDGE('',*,*,#4520,.T.);
#5053 = ORIENTED_EDGE('',*,*,#4568,.F.);
#5054 = ADVANCED_FACE('',(#5055),#3234,.F.);
#5055 = FACE_BOUND('',#5056,.F.);
#5056 = EDGE_LOOP('',(#5057,#5058,#5059,#5080));
#5057 = ORIENTED_EDGE('',*,*,#3218,.F.);
#5058 = ORIENTED_EDGE('',*,*,#5002,.T.);
#5059 = ORIENTED_EDGE('',*,*,#5060,.T.);
#5060 = EDGE_CURVE('',#5003,#3671,#5061,.T.);
#5061 = SURFACE_CURVE('',#5062,(#5066,#5073),.PCURVE_S1.);
#5062 = LINE('',#5063,#5064);
#5063 = CARTESIAN_POINT('',(843.3622443469,-30.,618.4562482714));
#5064 = VECTOR('',#5065,1.);
#5065 = DIRECTION('',(0.832050294338,0.,0.554700196225));
#5066 = PCURVE('',#3234,#5067);
#5067 = DEFINITIONAL_REPRESENTATION('',(#5068),#5072);
#5068 = LINE('',#5069,#5070);
#5069 = CARTESIAN_POINT('',(24.,0.));
#5070 = VECTOR('',#5071,1.);
#5071 = DIRECTION('',(0.,1.));
#5072 = ( GEOMETRIC_REPRESENTATION_CONTEXT(2) 
PARAMETRIC_REPRESENTATION_CONTEXT() REPRESENTATION_CONTEXT('2D SPACE',''
  ) );
#5073 = PCURVE('',#3686,#5074);
#5074 = DEFINITIONAL_REPRESENTATION('',(#5075),#5079);
#5075 = LINE('',#5076,#5077);
#5076 = CARTESIAN_POINT('',(0.,0.));
#5077 = VECTOR('',#5078,1.);
#5078 = DIRECTION('',(1.,0.));
#5079 = ( GEOMETRIC_REPRESENTATION_CONTEXT(2) 
PARAMETRIC_REPRESENTATION_CONTEXT() REPRESENTATION_CONTEXT('2D SPACE',''
  ) );
#5080 = ORIENTED_EDGE('',*,*,#3698,.F.);
#5081 = ADVANCED_FACE('',(#5082),#3138,.T.);
#5082 = FACE_BOUND('',#5083,.T.);
#5083 = EDGE_LOOP('',(#5084,#5085,#5086,#5087));
#5084 = ORIENTED_EDGE('',*,*,#4721,.F.);
#5085 = ORIENTED_EDGE('',*,*,#3122,.T.);
#5086 = ORIENTED_EDGE('',*,*,#4645,.T.);
#5087 = ORIENTED_EDGE('',*,*,#4693,.F.);
#5088 = ADVANCED_FACE('',(#5089),#3343,.F.);
#5089 = FACE_BOUND('',#5090,.F.);
#5090 = EDGE_LOOP('',(#5091,#5092));
#5091 = ORIENTED_EDGE('',*,*,#3326,.T.);
#5092 = ORIENTED_EDGE('',*,*,#5093,.T.);
#5093 = EDGE_CURVE('',#3329,#3327,#5094,.T.);
#5094 = SURFACE_CURVE('',#5095,(#5100,#5107),.PCURVE_S1.);
#5095 = CIRCLE('',#5096,21.);
#5096 = AXIS2_PLACEMENT_3D('',#5097,#5098,#5099);
#5097 = CARTESIAN_POINT('',(617.32191438512,0.,414.88127625674));
#5098 = DIRECTION('',(0.832050294338,-0.,0.554700196225));
#5099 = DIRECTION('',(0.554700196225,0.,-0.832050294338));
#5100 = PCURVE('',#3343,#5101);
#5101 = DEFINITIONAL_REPRESENTATION('',(#5102),#5106);
#5102 = CIRCLE('',#5103,21.);
#5103 = AXIS2_PLACEMENT_2D('',#5104,#5105);
#5104 = CARTESIAN_POINT('',(0.,0.));
#5105 = DIRECTION('',(1.,0.));
#5106 = ( GEOMETRIC_REPRESENTATION_CONTEXT(2) 
PARAMETRIC_REPRESENTATION_CONTEXT() REPRESENTATION_CONTEXT('2D SPACE',''
  ) );
#5107 = PCURVE('',#3369,#5108);
#5108 = DEFINITIONAL_REPRESENTATION('',(#5109),#5113);
#5109 = LINE('',#5110,#5111);
#5110 = CARTESIAN_POINT('',(0.,0.));
#5111 = VECTOR('',#5112,1.);
#5112 = DIRECTION('',(1.,0.));
#5113 = ( GEOMETRIC_REPRESENTATION_CONTEXT(2) 
PARAMETRIC_REPRESENTATION_CONTEXT() REPRESENTATION_CONTEXT('2D SPACE',''
  ) );
#5114 = ADVANCED_FACE('',(#5115),#3369,.T.);
#5115 = FACE_BOUND('',#5116,.T.);
#5116 = EDGE_LOOP('',(#5117,#5139,#5140,#5141));
#5117 = ORIENTED_EDGE('',*,*,#5118,.F.);
#5118 = EDGE_CURVE('',#3355,#3381,#5119,.T.);
#5119 = SURFACE_CURVE('',#5120,(#5125,#5132),.PCURVE_S1.);
#5120 = CIRCLE('',#5121,21.);
#5121 = AXIS2_PLACEMENT_3D('',#5122,#5123,#5124);
#5122 = CARTESIAN_POINT('',(635.62702086055,0.,427.0846805737));
#5123 = DIRECTION('',(0.832050294338,-0.,0.554700196225));
#5124 = DIRECTION('',(0.554700196225,0.,-0.832050294338));
#5125 = PCURVE('',#3369,#5126);
#5126 = DEFINITIONAL_REPRESENTATION('',(#5127),#5131);
#5127 = LINE('',#5128,#5129);
#5128 = CARTESIAN_POINT('',(0.,22.));
#5129 = VECTOR('',#5130,1.);
#5130 = DIRECTION('',(1.,0.));
#5131 = ( GEOMETRIC_REPRESENTATION_CONTEXT(2) 
PARAMETRIC_REPRESENTATION_CONTEXT() REPRESENTATION_CONTEXT('2D SPACE',''
  ) );
#5132 = PCURVE('',#3395,#5133);
#5133 = DEFINITIONAL_REPRESENTATION('',(#5134),#5138);
#5134 = CIRCLE('',#5135,21.);
#5135 = AXIS2_PLACEMENT_2D('',#5136,#5137);
#5136 = CARTESIAN_POINT('',(0.,0.));
#5137 = DIRECTION('',(1.,0.));
#5138 = ( GEOMETRIC_REPRESENTATION_CONTEXT(2) 
PARAMETRIC_REPRESENTATION_CONTEXT() REPRESENTATION_CONTEXT('2D SPACE',''
  ) );
#5139 = ORIENTED_EDGE('',*,*,#3354,.F.);
#5140 = ORIENTED_EDGE('',*,*,#5093,.T.);
#5141 = ORIENTED_EDGE('',*,*,#3406,.T.);
#5142 = ADVANCED_FACE('',(#5143),#3395,.T.);
#5143 = FACE_BOUND('',#5144,.T.);
#5144 = EDGE_LOOP('',(#5145,#5146));
#5145 = ORIENTED_EDGE('',*,*,#3380,.T.);
#5146 = ORIENTED_EDGE('',*,*,#5118,.T.);
#5147 = ADVANCED_FACE('',(#5148),#3444,.F.);
#5148 = FACE_BOUND('',#5149,.F.);
#5149 = EDGE_LOOP('',(#5150,#5151));
#5150 = ORIENTED_EDGE('',*,*,#3427,.T.);
#5151 = ORIENTED_EDGE('',*,*,#5152,.T.);
#5152 = EDGE_CURVE('',#3430,#3428,#5153,.T.);
#5153 = SURFACE_CURVE('',#5154,(#5159,#5166),.PCURVE_S1.);
#5154 = CIRCLE('',#5155,21.);
#5155 = AXIS2_PLACEMENT_3D('',#5156,#5157,#5158);
#5156 = CARTESIAN_POINT('',(800.37297913944,0.,536.91531942629));
#5157 = DIRECTION('',(0.832050294338,-0.,0.554700196225));
#5158 = DIRECTION('',(0.554700196225,0.,-0.832050294338));
#5159 = PCURVE('',#3444,#5160);
#5160 = DEFINITIONAL_REPRESENTATION('',(#5161),#5165);
#5161 = CIRCLE('',#5162,21.);
#5162 = AXIS2_PLACEMENT_2D('',#5163,#5164);
#5163 = CARTESIAN_POINT('',(0.,0.));
#5164 = DIRECTION('',(1.,0.));
#5165 = ( GEOMETRIC_REPRESENTATION_CONTEXT(2) 
PARAMETRIC_REPRESENTATION_CONTEXT() REPRESENTATION_CONTEXT('2D SPACE',''
  ) );
#5166 = PCURVE('',#3470,#5167);
#5167 = DEFINITIONAL_REPRESENTATION('',(#5168),#5172);
#5168 = LINE('',#5169,#5170);
#5169 = CARTESIAN_POINT('',(0.,0.));
#5170 = VECTOR('',#5171,1.);
#5171 = DIRECTION('',(1.,0.));
#5172 = ( GEOMETRIC_REPRESENTATION_CONTEXT(2) 
PARAMETRIC_REPRESENTATION_CONTEXT() REPRESENTATION_CONTEXT('2D SPACE',''
  ) );
#5173 = ADVANCED_FACE('',(#5174),#3470,.T.);
#5174 = FACE_BOUND('',#5175,.T.);
#5175 = EDGE_LOOP('',(#5176,#5198,#5199,#5200));
#5176 = ORIENTED_EDGE('',*,*,#5177,.F.);
#5177 = EDGE_CURVE('',#3456,#3482,#5178,.T.);
#5178 = SURFACE_CURVE('',#5179,(#5184,#5191),.PCURVE_S1.);
#5179 = CIRCLE('',#5180,21.);
#5180 = AXIS2_PLACEMENT_3D('',#5181,#5182,#5183);
#5181 = CARTESIAN_POINT('',(818.67808561487,0.,549.11872374325));
#5182 = DIRECTION('',(0.832050294338,-0.,0.554700196225));
#5183 = DIRECTION('',(0.554700196225,0.,-0.832050294338));
#5184 = PCURVE('',#3470,#5185);
#5185 = DEFINITIONAL_REPRESENTATION('',(#5186),#5190);
#5186 = LINE('',#5187,#5188);
#5187 = CARTESIAN_POINT('',(0.,22.));
#5188 = VECTOR('',#5189,1.);
#5189 = DIRECTION('',(1.,0.));
#5190 = ( GEOMETRIC_REPRESENTATION_CONTEXT(2) 
PARAMETRIC_REPRESENTATION_CONTEXT() REPRESENTATION_CONTEXT('2D SPACE',''
  ) );
#5191 = PCURVE('',#3496,#5192);
#5192 = DEFINITIONAL_REPRESENTATION('',(#5193),#5197);
#5193 = CIRCLE('',#5194,21.);
#5194 = AXIS2_PLACEMENT_2D('',#5195,#5196);
#5195 = CARTESIAN_POINT('',(0.,0.));
#5196 = DIRECTION('',(1.,0.));
#5197 = ( GEOMETRIC_REPRESENTATION_CONTEXT(2) 
PARAMETRIC_REPRESENTATION_CONTEXT() REPRESENTATION_CONTEXT('2D SPACE',''
  ) );
#5198 = ORIENTED_EDGE('',*,*,#3455,.F.);
#5199 = ORIENTED_EDGE('',*,*,#5152,.T.);
#5200 = ORIENTED_EDGE('',*,*,#3507,.T.);
#5201 = ADVANCED_FACE('',(#5202),#3496,.T.);
#5202 = FACE_BOUND('',#5203,.T.);
#5203 = EDGE_LOOP('',(#5204,#5205));
#5204 = ORIENTED_EDGE('',*,*,#3481,.T.);
#5205 = ORIENTED_EDGE('',*,*,#5177,.T.);
#5206 = ADVANCED_FACE('',(#5207),#3546,.F.);
#5207 = FACE_BOUND('',#5208,.F.);
#5208 = EDGE_LOOP('',(#5209,#5232,#5233,#5256));
#5209 = ORIENTED_EDGE('',*,*,#5210,.F.);
#5210 = EDGE_CURVE('',#3529,#5211,#5213,.T.);
#5211 = VERTEX_POINT('',#5212);
#5212 = CARTESIAN_POINT('',(820.06483610544,-25.,581.29133512431));
#5213 = SURFACE_CURVE('',#5214,(#5218,#5225),.PCURVE_S1.);
#5214 = LINE('',#5215,#5216);
#5215 = CARTESIAN_POINT('',(823.39303728279,-25.,576.29903335828));
#5216 = VECTOR('',#5217,1.);
#5217 = DIRECTION('',(-0.554700196225,0.,0.832050294338));
#5218 = PCURVE('',#3546,#5219);
#5219 = DEFINITIONAL_REPRESENTATION('',(#5220),#5224);
#5220 = LINE('',#5221,#5222);
#5221 = CARTESIAN_POINT('',(0.,0.));
#5222 = VECTOR('',#5223,1.);
#5223 = DIRECTION('',(1.,0.));
#5224 = ( GEOMETRIC_REPRESENTATION_CONTEXT(2) 
PARAMETRIC_REPRESENTATION_CONTEXT() REPRESENTATION_CONTEXT('2D SPACE',''
  ) );
#5225 = PCURVE('',#3628,#5226);
#5226 = DEFINITIONAL_REPRESENTATION('',(#5227),#5231);
#5227 = LINE('',#5228,#5229);
#5228 = CARTESIAN_POINT('',(0.,0.));
#5229 = VECTOR('',#5230,1.);
#5230 = DIRECTION('',(1.,0.));
#5231 = ( GEOMETRIC_REPRESENTATION_CONTEXT(2) 
PARAMETRIC_REPRESENTATION_CONTEXT() REPRESENTATION_CONTEXT('2D SPACE',''
  ) );
#5232 = ORIENTED_EDGE('',*,*,#3528,.T.);
#5233 = ORIENTED_EDGE('',*,*,#5234,.T.);
#5234 = EDGE_CURVE('',#3531,#5235,#5237,.T.);
#5235 = VERTEX_POINT('',#5236);
#5236 = CARTESIAN_POINT('',(820.06483610544,25.,581.29133512431));
#5237 = SURFACE_CURVE('',#5238,(#5242,#5249),.PCURVE_S1.);
#5238 = LINE('',#5239,#5240);
#5239 = CARTESIAN_POINT('',(823.39303728279,25.,576.29903335828));
#5240 = VECTOR('',#5241,1.);
#5241 = DIRECTION('',(-0.554700196225,0.,0.832050294338));
#5242 = PCURVE('',#3546,#5243);
#5243 = DEFINITIONAL_REPRESENTATION('',(#5244),#5248);
#5244 = LINE('',#5245,#5246);
#5245 = CARTESIAN_POINT('',(0.,-50.));
#5246 = VECTOR('',#5247,1.);
#5247 = DIRECTION('',(1.,0.));
#5248 = ( GEOMETRIC_REPRESENTATION_CONTEXT(2) 
PARAMETRIC_REPRESENTATION_CONTEXT() REPRESENTATION_CONTEXT('2D SPACE',''
  ) );
#5249 = PCURVE('',#3574,#5250);
#5250 = DEFINITIONAL_REPRESENTATION('',(#5251),#5255);
#5251 = LINE('',#5252,#5253);
#5252 = CARTESIAN_POINT('',(0.,0.));
#5253 = VECTOR('',#5254,1.);
#5254 = DIRECTION('',(1.,0.));
#5255 = ( GEOMETRIC_REPRESENTATION_CONTEXT(2) 
PARAMETRIC_REPRESENTATION_CONTEXT() REPRESENTATION_CONTEXT('2D SPACE',''
  ) );
#5256 = ORIENTED_EDGE('',*,*,#5257,.F.);
#5257 = EDGE_CURVE('',#5211,#5235,#5258,.T.);
#5258 = SURFACE_CURVE('',#5259,(#5263,#5270),.PCURVE_S1.);
#5259 = LINE('',#5260,#5261);
#5260 = CARTESIAN_POINT('',(820.06483610544,-25.,581.29133512431));
#5261 = VECTOR('',#5262,1.);
#5262 = DIRECTION('',(-0.,1.,0.));
#5263 = PCURVE('',#3546,#5264);
#5264 = DEFINITIONAL_REPRESENTATION('',(#5265),#5269);
#5265 = LINE('',#5266,#5267);
#5266 = CARTESIAN_POINT('',(6.,0.));
#5267 = VECTOR('',#5268,1.);
#5268 = DIRECTION('',(0.,-1.));
#5269 = ( GEOMETRIC_REPRESENTATION_CONTEXT(2) 
PARAMETRIC_REPRESENTATION_CONTEXT() REPRESENTATION_CONTEXT('2D SPACE',''
  ) );
#5270 = PCURVE('',#5271,#5276);
#5271 = PLANE('',#5272);
#5272 = AXIS2_PLACEMENT_3D('',#5273,#5274,#5275);
#5273 = CARTESIAN_POINT('',(820.06483610544,-25.,581.29133512431));
#5274 = DIRECTION('',(-0.554700196225,0.,0.832050294338));
#5275 = DIRECTION('',(0.832050294338,0.,0.554700196225));
#5276 = DEFINITIONAL_REPRESENTATION('',(#5277),#5281);
#5277 = LINE('',#5278,#5279);
#5278 = CARTESIAN_POINT('',(0.,0.));
#5279 = VECTOR('',#5280,1.);
#5280 = DIRECTION('',(0.,1.));
#5281 = ( GEOMETRIC_REPRESENTATION_CONTEXT(2) 
PARAMETRIC_REPRESENTATION_CONTEXT() REPRESENTATION_CONTEXT('2D SPACE',''
  ) );
#5282 = ADVANCED_FACE('',(#5283),#3574,.T.);
#5283 = FACE_BOUND('',#5284,.T.);
#5284 = EDGE_LOOP('',(#5285,#5286,#5287,#5310));
#5285 = ORIENTED_EDGE('',*,*,#3558,.F.);
#5286 = ORIENTED_EDGE('',*,*,#5234,.T.);
#5287 = ORIENTED_EDGE('',*,*,#5288,.T.);
#5288 = EDGE_CURVE('',#5235,#5289,#5291,.T.);
#5289 = VERTEX_POINT('',#5290);
#5290 = CARTESIAN_POINT('',(828.38533904882,25.,586.83833708656));
#5291 = SURFACE_CURVE('',#5292,(#5296,#5303),.PCURVE_S1.);
#5292 = LINE('',#5293,#5294);
#5293 = CARTESIAN_POINT('',(820.06483610544,25.,581.29133512431));
#5294 = VECTOR('',#5295,1.);
#5295 = DIRECTION('',(0.832050294338,0.,0.554700196225));
#5296 = PCURVE('',#3574,#5297);
#5297 = DEFINITIONAL_REPRESENTATION('',(#5298),#5302);
#5298 = LINE('',#5299,#5300);
#5299 = CARTESIAN_POINT('',(6.,0.));
#5300 = VECTOR('',#5301,1.);
#5301 = DIRECTION('',(0.,1.));
#5302 = ( GEOMETRIC_REPRESENTATION_CONTEXT(2) 
PARAMETRIC_REPRESENTATION_CONTEXT() REPRESENTATION_CONTEXT('2D SPACE',''
  ) );
#5303 = PCURVE('',#5271,#5304);
#5304 = DEFINITIONAL_REPRESENTATION('',(#5305),#5309);
#5305 = LINE('',#5306,#5307);
#5306 = CARTESIAN_POINT('',(0.,50.));
#5307 = VECTOR('',#5308,1.);
#5308 = DIRECTION('',(1.,0.));
#5309 = ( GEOMETRIC_REPRESENTATION_CONTEXT(2) 
PARAMETRIC_REPRESENTATION_CONTEXT() REPRESENTATION_CONTEXT('2D SPACE',''
  ) );
#5310 = ORIENTED_EDGE('',*,*,#5311,.F.);
#5311 = EDGE_CURVE('',#3559,#5289,#5312,.T.);
#5312 = SURFACE_CURVE('',#5313,(#5317,#5324),.PCURVE_S1.);
#5313 = LINE('',#5314,#5315);
#5314 = CARTESIAN_POINT('',(831.71354022617,25.,581.84603532054));
#5315 = VECTOR('',#5316,1.);
#5316 = DIRECTION('',(-0.554700196225,0.,0.832050294338));
#5317 = PCURVE('',#3574,#5318);
#5318 = DEFINITIONAL_REPRESENTATION('',(#5319),#5323);
#5319 = LINE('',#5320,#5321);
#5320 = CARTESIAN_POINT('',(0.,10.));
#5321 = VECTOR('',#5322,1.);
#5322 = DIRECTION('',(1.,0.));
#5323 = ( GEOMETRIC_REPRESENTATION_CONTEXT(2) 
PARAMETRIC_REPRESENTATION_CONTEXT() REPRESENTATION_CONTEXT('2D SPACE',''
  ) );
#5324 = PCURVE('',#3602,#5325);
#5325 = DEFINITIONAL_REPRESENTATION('',(#5326),#5330);
#5326 = LINE('',#5327,#5328);
#5327 = CARTESIAN_POINT('',(0.,-50.));
#5328 = VECTOR('',#5329,1.);
#5329 = DIRECTION('',(1.,0.));
#5330 = ( GEOMETRIC_REPRESENTATION_CONTEXT(2) 
PARAMETRIC_REPRESENTATION_CONTEXT() REPRESENTATION_CONTEXT('2D SPACE',''
  ) );
#5331 = ADVANCED_FACE('',(#5332),#3628,.F.);
#5332 = FACE_BOUND('',#5333,.F.);
#5333 = EDGE_LOOP('',(#5334,#5335,#5336,#5359));
#5334 = ORIENTED_EDGE('',*,*,#3614,.F.);
#5335 = ORIENTED_EDGE('',*,*,#5210,.T.);
#5336 = ORIENTED_EDGE('',*,*,#5337,.T.);
#5337 = EDGE_CURVE('',#5211,#5338,#5340,.T.);
#5338 = VERTEX_POINT('',#5339);
#5339 = CARTESIAN_POINT('',(828.38533904882,-25.,586.83833708656));
#5340 = SURFACE_CURVE('',#5341,(#5345,#5352),.PCURVE_S1.);
#5341 = LINE('',#5342,#5343);
#5342 = CARTESIAN_POINT('',(820.06483610544,-25.,581.29133512431));
#5343 = VECTOR('',#5344,1.);
#5344 = DIRECTION('',(0.832050294338,0.,0.554700196225));
#5345 = PCURVE('',#3628,#5346);
#5346 = DEFINITIONAL_REPRESENTATION('',(#5347),#5351);
#5347 = LINE('',#5348,#5349);
#5348 = CARTESIAN_POINT('',(6.,0.));
#5349 = VECTOR('',#5350,1.);
#5350 = DIRECTION('',(0.,1.));
#5351 = ( GEOMETRIC_REPRESENTATION_CONTEXT(2) 
PARAMETRIC_REPRESENTATION_CONTEXT() REPRESENTATION_CONTEXT('2D SPACE',''
  ) );
#5352 = PCURVE('',#5271,#5353);
#5353 = DEFINITIONAL_REPRESENTATION('',(#5354),#5358);
#5354 = LINE('',#5355,#5356);
#5355 = CARTESIAN_POINT('',(0.,0.));
#5356 = VECTOR('',#5357,1.);
#5357 = DIRECTION('',(1.,0.));
#5358 = ( GEOMETRIC_REPRESENTATION_CONTEXT(2) 
PARAMETRIC_REPRESENTATION_CONTEXT() REPRESENTATION_CONTEXT('2D SPACE',''
  ) );
#5359 = ORIENTED_EDGE('',*,*,#5360,.F.);
#5360 = EDGE_CURVE('',#3587,#5338,#5361,.T.);
#5361 = SURFACE_CURVE('',#5362,(#5366,#5373),.PCURVE_S1.);
#5362 = LINE('',#5363,#5364);
#5363 = CARTESIAN_POINT('',(831.71354022617,-25.,581.84603532054));
#5364 = VECTOR('',#5365,1.);
#5365 = DIRECTION('',(-0.554700196225,0.,0.832050294338));
#5366 = PCURVE('',#3628,#5367);
#5367 = DEFINITIONAL_REPRESENTATION('',(#5368),#5372);
#5368 = LINE('',#5369,#5370);
#5369 = CARTESIAN_POINT('',(0.,10.));
#5370 = VECTOR('',#5371,1.);
#5371 = DIRECTION('',(1.,0.));
#5372 = ( GEOMETRIC_REPRESENTATION_CONTEXT(2) 
PARAMETRIC_REPRESENTATION_CONTEXT() REPRESENTATION_CONTEXT('2D SPACE',''
  ) );
#5373 = PCURVE('',#3602,#5374);
#5374 = DEFINITIONAL_REPRESENTATION('',(#5375),#5379);
#5375 = LINE('',#5376,#5377);
#5376 = CARTESIAN_POINT('',(0.,0.));
#5377 = VECTOR('',#5378,1.);
#5378 = DIRECTION('',(1.,0.));
#5379 = ( GEOMETRIC_REPRESENTATION_CONTEXT(2) 
PARAMETRIC_REPRESENTATION_CONTEXT() REPRESENTATION_CONTEXT('2D SPACE',''
  ) );
#5380 = ADVANCED_FACE('',(#5381),#3602,.T.);
#5381 = FACE_BOUND('',#5382,.T.);
#5382 = EDGE_LOOP('',(#5383,#5384,#5385,#5386));
#5383 = ORIENTED_EDGE('',*,*,#5360,.F.);
#5384 = ORIENTED_EDGE('',*,*,#3586,.T.);
#5385 = ORIENTED_EDGE('',*,*,#5311,.T.);
#5386 = ORIENTED_EDGE('',*,*,#5387,.F.);
#5387 = EDGE_CURVE('',#5338,#5289,#5388,.T.);
#5388 = SURFACE_CURVE('',#5389,(#5393,#5400),.PCURVE_S1.);
#5389 = LINE('',#5390,#5391);
#5390 = CARTESIAN_POINT('',(828.38533904882,-25.,586.83833708656));
#5391 = VECTOR('',#5392,1.);
#5392 = DIRECTION('',(-0.,1.,0.));
#5393 = PCURVE('',#3602,#5394);
#5394 = DEFINITIONAL_REPRESENTATION('',(#5395),#5399);
#5395 = LINE('',#5396,#5397);
#5396 = CARTESIAN_POINT('',(6.,0.));
#5397 = VECTOR('',#5398,1.);
#5398 = DIRECTION('',(0.,-1.));
#5399 = ( GEOMETRIC_REPRESENTATION_CONTEXT(2) 
PARAMETRIC_REPRESENTATION_CONTEXT() REPRESENTATION_CONTEXT('2D SPACE',''
  ) );
#5400 = PCURVE('',#5271,#5401);
#5401 = DEFINITIONAL_REPRESENTATION('',(#5402),#5406);
#5402 = LINE('',#5403,#5404);
#5403 = CARTESIAN_POINT('',(10.,0.));
#5404 = VECTOR('',#5405,1.);
#5405 = DIRECTION('',(0.,1.));
#5406 = ( GEOMETRIC_REPRESENTATION_CONTEXT(2) 
PARAMETRIC_REPRESENTATION_CONTEXT() REPRESENTATION_CONTEXT('2D SPACE',''
  ) );
#5407 = ADVANCED_FACE('',(#5408),#3686,.T.);
#5408 = FACE_BOUND('',#5409,.T.);
#5409 = EDGE_LOOP('',(#5410,#5411,#5412,#5413));
#5410 = ORIENTED_EDGE('',*,*,#5027,.F.);
#5411 = ORIENTED_EDGE('',*,*,#5060,.T.);
#5412 = ORIENTED_EDGE('',*,*,#3670,.T.);
#5413 = ORIENTED_EDGE('',*,*,#4977,.F.);
#5414 = ADVANCED_FACE('',(#5415),#3740,.T.);
#5415 = FACE_BOUND('',#5416,.T.);
#5416 = EDGE_LOOP('',(#5417,#5418,#5441,#5469));
#5417 = ORIENTED_EDGE('',*,*,#3722,.F.);
#5418 = ORIENTED_EDGE('',*,*,#5419,.T.);
#5419 = EDGE_CURVE('',#3723,#5420,#5422,.T.);
#5420 = VERTEX_POINT('',#5421);
#5421 = CARTESIAN_POINT('',(935.99717711651,-10.,677.8091692675));
#5422 = SURFACE_CURVE('',#5423,(#5427,#5434),.PCURVE_S1.);
#5423 = LINE('',#5424,#5425);
#5424 = CARTESIAN_POINT('',(861.1126506261,-10.,627.88615160723));
#5425 = VECTOR('',#5426,1.);
#5426 = DIRECTION('',(0.832050294338,0.,0.554700196225));
#5427 = PCURVE('',#3740,#5428);
#5428 = DEFINITIONAL_REPRESENTATION('',(#5429),#5433);
#5429 = LINE('',#5430,#5431);
#5430 = CARTESIAN_POINT('',(0.,0.));
#5431 = VECTOR('',#5432,1.);
#5432 = DIRECTION('',(1.,0.));
#5433 = ( GEOMETRIC_REPRESENTATION_CONTEXT(2) 
PARAMETRIC_REPRESENTATION_CONTEXT() REPRESENTATION_CONTEXT('2D SPACE',''
  ) );
#5434 = PCURVE('',#3822,#5435);
#5435 = DEFINITIONAL_REPRESENTATION('',(#5436),#5440);
#5436 = LINE('',#5437,#5438);
#5437 = CARTESIAN_POINT('',(8.,0.));
#5438 = VECTOR('',#5439,1.);
#5439 = DIRECTION('',(0.,1.));
#5440 = ( GEOMETRIC_REPRESENTATION_CONTEXT(2) 
PARAMETRIC_REPRESENTATION_CONTEXT() REPRESENTATION_CONTEXT('2D SPACE',''
  ) );
#5441 = ORIENTED_EDGE('',*,*,#5442,.T.);
#5442 = EDGE_CURVE('',#5420,#5443,#5445,.T.);
#5443 = VERTEX_POINT('',#5444);
#5444 = CARTESIAN_POINT('',(935.99717711651,10.,677.8091692675));
#5445 = SURFACE_CURVE('',#5446,(#5450,#5457),.PCURVE_S1.);
#5446 = LINE('',#5447,#5448);
#5447 = CARTESIAN_POINT('',(935.99717711651,-10.,677.8091692675));
#5448 = VECTOR('',#5449,1.);
#5449 = DIRECTION('',(-0.,1.,0.));
#5450 = PCURVE('',#3740,#5451);
#5451 = DEFINITIONAL_REPRESENTATION('',(#5452),#5456);
#5452 = LINE('',#5453,#5454);
#5453 = CARTESIAN_POINT('',(90.,0.));
#5454 = VECTOR('',#5455,1.);
#5455 = DIRECTION('',(0.,1.));
#5456 = ( GEOMETRIC_REPRESENTATION_CONTEXT(2) 
PARAMETRIC_REPRESENTATION_CONTEXT() REPRESENTATION_CONTEXT('2D SPACE',''
  ) );
#5457 = PCURVE('',#5458,#5463);
#5458 = PLANE('',#5459);
#5459 = AXIS2_PLACEMENT_3D('',#5460,#5461,#5462);
#5460 = CARTESIAN_POINT('',(940.43477868631,-10.,671.1527669128));
#5461 = DIRECTION('',(0.832050294338,0.,0.554700196225));
#5462 = DIRECTION('',(-0.554700196225,0.,0.832050294338));
#5463 = DEFINITIONAL_REPRESENTATION('',(#5464),#5468);
#5464 = LINE('',#5465,#5466);
#5465 = CARTESIAN_POINT('',(8.,0.));
#5466 = VECTOR('',#5467,1.);
#5467 = DIRECTION('',(0.,-1.));
#5468 = ( GEOMETRIC_REPRESENTATION_CONTEXT(2) 
PARAMETRIC_REPRESENTATION_CONTEXT() REPRESENTATION_CONTEXT('2D SPACE',''
  ) );
#5469 = ORIENTED_EDGE('',*,*,#5470,.F.);
#5470 = EDGE_CURVE('',#3725,#5443,#5471,.T.);
#5471 = SURFACE_CURVE('',#5472,(#5476,#5483),.PCURVE_S1.);
#5472 = LINE('',#5473,#5474);
#5473 = CARTESIAN_POINT('',(861.1126506261,10.,627.88615160723));
#5474 = VECTOR('',#5475,1.);
#5475 = DIRECTION('',(0.832050294338,0.,0.554700196225));
#5476 = PCURVE('',#3740,#5477);
#5477 = DEFINITIONAL_REPRESENTATION('',(#5478),#5482);
#5478 = LINE('',#5479,#5480);
#5479 = CARTESIAN_POINT('',(0.,20.));
#5480 = VECTOR('',#5481,1.);
#5481 = DIRECTION('',(1.,0.));
#5482 = ( GEOMETRIC_REPRESENTATION_CONTEXT(2) 
PARAMETRIC_REPRESENTATION_CONTEXT() REPRESENTATION_CONTEXT('2D SPACE',''
  ) );
#5483 = PCURVE('',#3768,#5484);
#5484 = DEFINITIONAL_REPRESENTATION('',(#5485),#5489);
#5485 = LINE('',#5486,#5487);
#5486 = CARTESIAN_POINT('',(8.,0.));
#5487 = VECTOR('',#5488,1.);
#5488 = DIRECTION('',(0.,1.));
#5489 = ( GEOMETRIC_REPRESENTATION_CONTEXT(2) 
PARAMETRIC_REPRESENTATION_CONTEXT() REPRESENTATION_CONTEXT('2D SPACE',''
  ) );
#5490 = ADVANCED_FACE('',(#5491),#3768,.T.);
#5491 = FACE_BOUND('',#5492,.T.);
#5492 = EDGE_LOOP('',(#5493,#5516,#5517,#5518));
#5493 = ORIENTED_EDGE('',*,*,#5494,.F.);
#5494 = EDGE_CURVE('',#3753,#5495,#5497,.T.);
#5495 = VERTEX_POINT('',#5496);
#5496 = CARTESIAN_POINT('',(940.43477868631,10.,671.1527669128));
#5497 = SURFACE_CURVE('',#5498,(#5502,#5509),.PCURVE_S1.);
#5498 = LINE('',#5499,#5500);
#5499 = CARTESIAN_POINT('',(865.55025219591,10.,621.22974925253));
#5500 = VECTOR('',#5501,1.);
#5501 = DIRECTION('',(0.832050294338,0.,0.554700196225));
#5502 = PCURVE('',#3768,#5503);
#5503 = DEFINITIONAL_REPRESENTATION('',(#5504),#5508);
#5504 = LINE('',#5505,#5506);
#5505 = CARTESIAN_POINT('',(0.,0.));
#5506 = VECTOR('',#5507,1.);
#5507 = DIRECTION('',(0.,1.));
#5508 = ( GEOMETRIC_REPRESENTATION_CONTEXT(2) 
PARAMETRIC_REPRESENTATION_CONTEXT() REPRESENTATION_CONTEXT('2D SPACE',''
  ) );
#5509 = PCURVE('',#3796,#5510);
#5510 = DEFINITIONAL_REPRESENTATION('',(#5511),#5515);
#5511 = LINE('',#5512,#5513);
#5512 = CARTESIAN_POINT('',(0.,20.));
#5513 = VECTOR('',#5514,1.);
#5514 = DIRECTION('',(1.,0.));
#5515 = ( GEOMETRIC_REPRESENTATION_CONTEXT(2) 
PARAMETRIC_REPRESENTATION_CONTEXT() REPRESENTATION_CONTEXT('2D SPACE',''
  ) );
#5516 = ORIENTED_EDGE('',*,*,#3752,.T.);
#5517 = ORIENTED_EDGE('',*,*,#5470,.T.);
#5518 = ORIENTED_EDGE('',*,*,#5519,.F.);
#5519 = EDGE_CURVE('',#5495,#5443,#5520,.T.);
#5520 = SURFACE_CURVE('',#5521,(#5525,#5532),.PCURVE_S1.);
#5521 = LINE('',#5522,#5523);
#5522 = CARTESIAN_POINT('',(940.43477868631,10.,671.1527669128));
#5523 = VECTOR('',#5524,1.);
#5524 = DIRECTION('',(-0.554700196225,0.,0.832050294338));
#5525 = PCURVE('',#3768,#5526);
#5526 = DEFINITIONAL_REPRESENTATION('',(#5527),#5531);
#5527 = LINE('',#5528,#5529);
#5528 = CARTESIAN_POINT('',(0.,90.));
#5529 = VECTOR('',#5530,1.);
#5530 = DIRECTION('',(1.,0.));
#5531 = ( GEOMETRIC_REPRESENTATION_CONTEXT(2) 
PARAMETRIC_REPRESENTATION_CONTEXT() REPRESENTATION_CONTEXT('2D SPACE',''
  ) );
#5532 = PCURVE('',#5458,#5533);
#5533 = DEFINITIONAL_REPRESENTATION('',(#5534),#5538);
#5534 = LINE('',#5535,#5536);
#5535 = CARTESIAN_POINT('',(0.,-20.));
#5536 = VECTOR('',#5537,1.);
#5537 = DIRECTION('',(1.,0.));
#5538 = ( GEOMETRIC_REPRESENTATION_CONTEXT(2) 
PARAMETRIC_REPRESENTATION_CONTEXT() REPRESENTATION_CONTEXT('2D SPACE',''
  ) );
#5539 = ADVANCED_FACE('',(#5540),#3796,.F.);
#5540 = FACE_BOUND('',#5541,.F.);
#5541 = EDGE_LOOP('',(#5542,#5543,#5566,#5587));
#5542 = ORIENTED_EDGE('',*,*,#3780,.F.);
#5543 = ORIENTED_EDGE('',*,*,#5544,.T.);
#5544 = EDGE_CURVE('',#3781,#5545,#5547,.T.);
#5545 = VERTEX_POINT('',#5546);
#5546 = CARTESIAN_POINT('',(940.43477868631,-10.,671.1527669128));
#5547 = SURFACE_CURVE('',#5548,(#5552,#5559),.PCURVE_S1.);
#5548 = LINE('',#5549,#5550);
#5549 = CARTESIAN_POINT('',(865.55025219591,-10.,621.22974925253));
#5550 = VECTOR('',#5551,1.);
#5551 = DIRECTION('',(0.832050294338,0.,0.554700196225));
#5552 = PCURVE('',#3796,#5553);
#5553 = DEFINITIONAL_REPRESENTATION('',(#5554),#5558);
#5554 = LINE('',#5555,#5556);
#5555 = CARTESIAN_POINT('',(0.,0.));
#5556 = VECTOR('',#5557,1.);
#5557 = DIRECTION('',(1.,0.));
#5558 = ( GEOMETRIC_REPRESENTATION_CONTEXT(2) 
PARAMETRIC_REPRESENTATION_CONTEXT() REPRESENTATION_CONTEXT('2D SPACE',''
  ) );
#5559 = PCURVE('',#3822,#5560);
#5560 = DEFINITIONAL_REPRESENTATION('',(#5561),#5565);
#5561 = LINE('',#5562,#5563);
#5562 = CARTESIAN_POINT('',(0.,0.));
#5563 = VECTOR('',#5564,1.);
#5564 = DIRECTION('',(0.,1.));
#5565 = ( GEOMETRIC_REPRESENTATION_CONTEXT(2) 
PARAMETRIC_REPRESENTATION_CONTEXT() REPRESENTATION_CONTEXT('2D SPACE',''
  ) );
#5566 = ORIENTED_EDGE('',*,*,#5567,.T.);
#5567 = EDGE_CURVE('',#5545,#5495,#5568,.T.);
#5568 = SURFACE_CURVE('',#5569,(#5573,#5580),.PCURVE_S1.);
#5569 = LINE('',#5570,#5571);
#5570 = CARTESIAN_POINT('',(940.43477868631,-10.,671.1527669128));
#5571 = VECTOR('',#5572,1.);
#5572 = DIRECTION('',(-0.,1.,0.));
#5573 = PCURVE('',#3796,#5574);
#5574 = DEFINITIONAL_REPRESENTATION('',(#5575),#5579);
#5575 = LINE('',#5576,#5577);
#5576 = CARTESIAN_POINT('',(90.,0.));
#5577 = VECTOR('',#5578,1.);
#5578 = DIRECTION('',(0.,1.));
#5579 = ( GEOMETRIC_REPRESENTATION_CONTEXT(2) 
PARAMETRIC_REPRESENTATION_CONTEXT() REPRESENTATION_CONTEXT('2D SPACE',''
  ) );
#5580 = PCURVE('',#5458,#5581);
#5581 = DEFINITIONAL_REPRESENTATION('',(#5582),#5586);
#5582 = LINE('',#5583,#5584);
#5583 = CARTESIAN_POINT('',(0.,0.));
#5584 = VECTOR('',#5585,1.);
#5585 = DIRECTION('',(0.,-1.));
#5586 = ( GEOMETRIC_REPRESENTATION_CONTEXT(2) 
PARAMETRIC_REPRESENTATION_CONTEXT() REPRESENTATION_CONTEXT('2D SPACE',''
  ) );
#5587 = ORIENTED_EDGE('',*,*,#5494,.F.);
#5588 = ADVANCED_FACE('',(#5589),#3822,.F.);
#5589 = FACE_BOUND('',#5590,.F.);
#5590 = EDGE_LOOP('',(#5591,#5592,#5593,#5594));
#5591 = ORIENTED_EDGE('',*,*,#5544,.F.);
#5592 = ORIENTED_EDGE('',*,*,#3808,.T.);
#5593 = ORIENTED_EDGE('',*,*,#5419,.T.);
#5594 = ORIENTED_EDGE('',*,*,#5595,.F.);
#5595 = EDGE_CURVE('',#5545,#5420,#5596,.T.);
#5596 = SURFACE_CURVE('',#5597,(#5601,#5608),.PCURVE_S1.);
#5597 = LINE('',#5598,#5599);
#5598 = CARTESIAN_POINT('',(940.43477868631,-10.,671.1527669128));
#5599 = VECTOR('',#5600,1.);
#5600 = DIRECTION('',(-0.554700196225,0.,0.832050294338));
#5601 = PCURVE('',#3822,#5602);
#5602 = DEFINITIONAL_REPRESENTATION('',(#5603),#5607);
#5603 = LINE('',#5604,#5605);
#5604 = CARTESIAN_POINT('',(0.,90.));
#5605 = VECTOR('',#5606,1.);
#5606 = DIRECTION('',(1.,0.));
#5607 = ( GEOMETRIC_REPRESENTATION_CONTEXT(2) 
PARAMETRIC_REPRESENTATION_CONTEXT() REPRESENTATION_CONTEXT('2D SPACE',''
  ) );
#5608 = PCURVE('',#5458,#5609);
#5609 = DEFINITIONAL_REPRESENTATION('',(#5610),#5614);
#5610 = LINE('',#5611,#5612);
#5611 = CARTESIAN_POINT('',(0.,0.));
#5612 = VECTOR('',#5613,1.);
#5613 = DIRECTION('',(1.,0.));
#5614 = ( GEOMETRIC_REPRESENTATION_CONTEXT(2) 
PARAMETRIC_REPRESENTATION_CONTEXT() REPRESENTATION_CONTEXT('2D SPACE',''
  ) );
#5615 = ADVANCED_FACE('',(#5616),#3876,.F.);
#5616 = FACE_BOUND('',#5617,.F.);
#5617 = EDGE_LOOP('',(#5618,#5619,#5620,#5621,#5642,#5668,#5687,#5688,
    #5709,#5735,#5754,#5755,#5756,#5757,#5778,#5799,#5818,#5819,#5840,
    #5861));
#5618 = ORIENTED_EDGE('',*,*,#4337,.F.);
#5619 = ORIENTED_EDGE('',*,*,#4386,.F.);
#5620 = ORIENTED_EDGE('',*,*,#4067,.T.);
#5621 = ORIENTED_EDGE('',*,*,#5622,.T.);
#5622 = EDGE_CURVE('',#4042,#5623,#5625,.T.);
#5623 = VERTEX_POINT('',#5624);
#5624 = CARTESIAN_POINT('',(611.77491242286,-12.48999599679,
    423.20177920012));
#5625 = SURFACE_CURVE('',#5626,(#5630,#5636),.PCURVE_S1.);
#5626 = LINE('',#5627,#5628);
#5627 = CARTESIAN_POINT('',(611.77491242286,-7.5,423.20177920012));
#5628 = VECTOR('',#5629,1.);
#5629 = DIRECTION('',(0.,1.,0.));
#5630 = PCURVE('',#3876,#5631);
#5631 = DEFINITIONAL_REPRESENTATION('',(#5632),#5635);
#5632 = B_SPLINE_CURVE_WITH_KNOTS('',1,(#5633,#5634),.UNSPECIFIED.,.F.,
  .F.,(2,2),(-7.5,22.5),.PIECEWISE_BEZIER_KNOTS.);
#5633 = CARTESIAN_POINT('',(69.,0.));
#5634 = CARTESIAN_POINT('',(69.,30.));
#5635 = ( GEOMETRIC_REPRESENTATION_CONTEXT(2) 
PARAMETRIC_REPRESENTATION_CONTEXT() REPRESENTATION_CONTEXT('2D SPACE',''
  ) );
#5636 = PCURVE('',#4056,#5637);
#5637 = DEFINITIONAL_REPRESENTATION('',(#5638),#5641);
#5638 = B_SPLINE_CURVE_WITH_KNOTS('',1,(#5639,#5640),.UNSPECIFIED.,.F.,
  .F.,(2,2),(-7.5,22.5),.PIECEWISE_BEZIER_KNOTS.);
#5639 = CARTESIAN_POINT('',(-10.,-15.));
#5640 = CARTESIAN_POINT('',(-10.,15.));
#5641 = ( GEOMETRIC_REPRESENTATION_CONTEXT(2) 
PARAMETRIC_REPRESENTATION_CONTEXT() REPRESENTATION_CONTEXT('2D SPACE',''
  ) );
#5642 = ORIENTED_EDGE('',*,*,#5643,.T.);
#5643 = EDGE_CURVE('',#5623,#5644,#5646,.T.);
#5644 = VERTEX_POINT('',#5645);
#5645 = CARTESIAN_POINT('',(630.0800188983,-12.48999599679,
    435.40518351708));
#5646 = SURFACE_CURVE('',#5647,(#5651,#5657),.PCURVE_S1.);
#5647 = LINE('',#5648,#5649);
#5648 = CARTESIAN_POINT('',(610.94286212853,-12.48999599679,
    422.6470790039));
#5649 = VECTOR('',#5650,1.);
#5650 = DIRECTION('',(0.832050294338,0.,0.554700196225));
#5651 = PCURVE('',#3876,#5652);
#5652 = DEFINITIONAL_REPRESENTATION('',(#5653),#5656);
#5653 = B_SPLINE_CURVE_WITH_KNOTS('',1,(#5654,#5655),.UNSPECIFIED.,.F.,
  .F.,(2,2),(0.9999976,23.0000024),.PIECEWISE_BEZIER_KNOTS.);
#5654 = CARTESIAN_POINT('',(68.9999976,2.510004003203));
#5655 = CARTESIAN_POINT('',(91.0000024,2.510004003203));
#5656 = ( GEOMETRIC_REPRESENTATION_CONTEXT(2) 
PARAMETRIC_REPRESENTATION_CONTEXT() REPRESENTATION_CONTEXT('2D SPACE',''
  ) );
#5657 = PCURVE('',#5658,#5663);
#5658 = CYLINDRICAL_SURFACE('',#5659,16.);
#5659 = AXIS2_PLACEMENT_3D('',#5660,#5661,#5662);
#5660 = CARTESIAN_POINT('',(616.48986409078,0.,414.32657606052));
#5661 = DIRECTION('',(0.832050294338,0.,0.554700196225));
#5662 = DIRECTION('',(0.554700196225,0.,-0.832050294338));
#5663 = DEFINITIONAL_REPRESENTATION('',(#5664),#5667);
#5664 = B_SPLINE_CURVE_WITH_KNOTS('',1,(#5665,#5666),.UNSPECIFIED.,.F.,
  .F.,(2,2),(1.,23.),.PIECEWISE_BEZIER_KNOTS.);
#5665 = CARTESIAN_POINT('',(4.037257447448,1.));
#5666 = CARTESIAN_POINT('',(4.037257447448,23.));
#5667 = ( GEOMETRIC_REPRESENTATION_CONTEXT(2) 
PARAMETRIC_REPRESENTATION_CONTEXT() REPRESENTATION_CONTEXT('2D SPACE',''
  ) );
#5668 = ORIENTED_EDGE('',*,*,#5669,.F.);
#5669 = EDGE_CURVE('',#3967,#5644,#5670,.T.);
#5670 = SURFACE_CURVE('',#5671,(#5675,#5681),.PCURVE_S1.);
#5671 = LINE('',#5672,#5673);
#5672 = CARTESIAN_POINT('',(630.0800188983,-7.5,435.40518351708));
#5673 = VECTOR('',#5674,1.);
#5674 = DIRECTION('',(0.,1.,0.));
#5675 = PCURVE('',#3876,#5676);
#5676 = DEFINITIONAL_REPRESENTATION('',(#5677),#5680);
#5677 = B_SPLINE_CURVE_WITH_KNOTS('',1,(#5678,#5679),.UNSPECIFIED.,.F.,
  .F.,(2,2),(-7.5,22.5),.PIECEWISE_BEZIER_KNOTS.);
#5678 = CARTESIAN_POINT('',(91.,0.));
#5679 = CARTESIAN_POINT('',(91.,30.));
#5680 = ( GEOMETRIC_REPRESENTATION_CONTEXT(2) 
PARAMETRIC_REPRESENTATION_CONTEXT() REPRESENTATION_CONTEXT('2D SPACE',''
  ) );
#5681 = PCURVE('',#4004,#5682);
#5682 = DEFINITIONAL_REPRESENTATION('',(#5683),#5686);
#5683 = B_SPLINE_CURVE_WITH_KNOTS('',1,(#5684,#5685),.UNSPECIFIED.,.F.,
  .F.,(2,2),(-7.5,22.5),.PIECEWISE_BEZIER_KNOTS.);
#5684 = CARTESIAN_POINT('',(-10.,-15.));
#5685 = CARTESIAN_POINT('',(-10.,15.));
#5686 = ( GEOMETRIC_REPRESENTATION_CONTEXT(2) 
PARAMETRIC_REPRESENTATION_CONTEXT() REPRESENTATION_CONTEXT('2D SPACE',''
  ) );
#5687 = ORIENTED_EDGE('',*,*,#3966,.T.);
#5688 = ORIENTED_EDGE('',*,*,#5689,.T.);
#5689 = EDGE_CURVE('',#3941,#5690,#5692,.T.);
#5690 = VERTEX_POINT('',#5691);
#5691 = CARTESIAN_POINT('',(794.82597717719,-12.48999599679,
    545.23582236967));
#5692 = SURFACE_CURVE('',#5693,(#5697,#5703),.PCURVE_S1.);
#5693 = LINE('',#5694,#5695);
#5694 = CARTESIAN_POINT('',(794.82597717719,-7.5,545.23582236967));
#5695 = VECTOR('',#5696,1.);
#5696 = DIRECTION('',(0.,1.,0.));
#5697 = PCURVE('',#3876,#5698);
#5698 = DEFINITIONAL_REPRESENTATION('',(#5699),#5702);
#5699 = B_SPLINE_CURVE_WITH_KNOTS('',1,(#5700,#5701),.UNSPECIFIED.,.F.,
  .F.,(2,2),(-7.5,22.5),.PIECEWISE_BEZIER_KNOTS.);
#5700 = CARTESIAN_POINT('',(289.,0.));
#5701 = CARTESIAN_POINT('',(289.,30.));
#5702 = ( GEOMETRIC_REPRESENTATION_CONTEXT(2) 
PARAMETRIC_REPRESENTATION_CONTEXT() REPRESENTATION_CONTEXT('2D SPACE',''
  ) );
#5703 = PCURVE('',#3955,#5704);
#5704 = DEFINITIONAL_REPRESENTATION('',(#5705),#5708);
#5705 = B_SPLINE_CURVE_WITH_KNOTS('',1,(#5706,#5707),.UNSPECIFIED.,.F.,
  .F.,(2,2),(-7.5,22.5),.PIECEWISE_BEZIER_KNOTS.);
#5706 = CARTESIAN_POINT('',(-10.,-15.));
#5707 = CARTESIAN_POINT('',(-10.,15.));
#5708 = ( GEOMETRIC_REPRESENTATION_CONTEXT(2) 
PARAMETRIC_REPRESENTATION_CONTEXT() REPRESENTATION_CONTEXT('2D SPACE',''
  ) );
#5709 = ORIENTED_EDGE('',*,*,#5710,.T.);
#5710 = EDGE_CURVE('',#5690,#5711,#5713,.T.);
#5711 = VERTEX_POINT('',#5712);
#5712 = CARTESIAN_POINT('',(813.13108365262,-12.48999599679,
    557.43922668663));
#5713 = SURFACE_CURVE('',#5714,(#5718,#5724),.PCURVE_S1.);
#5714 = LINE('',#5715,#5716);
#5715 = CARTESIAN_POINT('',(793.99392688285,-12.48999599679,
    544.68112217345));
#5716 = VECTOR('',#5717,1.);
#5717 = DIRECTION('',(0.832050294338,0.,0.554700196225));
#5718 = PCURVE('',#3876,#5719);
#5719 = DEFINITIONAL_REPRESENTATION('',(#5720),#5723);
#5720 = B_SPLINE_CURVE_WITH_KNOTS('',1,(#5721,#5722),.UNSPECIFIED.,.F.,
  .F.,(2,2),(0.9999976,23.0000024),.PIECEWISE_BEZIER_KNOTS.);
#5721 = CARTESIAN_POINT('',(288.9999976,2.510004003203));
#5722 = CARTESIAN_POINT('',(311.0000024,2.510004003203));
#5723 = ( GEOMETRIC_REPRESENTATION_CONTEXT(2) 
PARAMETRIC_REPRESENTATION_CONTEXT() REPRESENTATION_CONTEXT('2D SPACE',''
  ) );
#5724 = PCURVE('',#5725,#5730);
#5725 = CYLINDRICAL_SURFACE('',#5726,16.);
#5726 = AXIS2_PLACEMENT_3D('',#5727,#5728,#5729);
#5727 = CARTESIAN_POINT('',(799.5409288451,0.,536.36061923007));
#5728 = DIRECTION('',(0.832050294338,0.,0.554700196225));
#5729 = DIRECTION('',(0.554700196225,0.,-0.832050294338));
#5730 = DEFINITIONAL_REPRESENTATION('',(#5731),#5734);
#5731 = B_SPLINE_CURVE_WITH_KNOTS('',1,(#5732,#5733),.UNSPECIFIED.,.F.,
  .F.,(2,2),(1.,23.),.PIECEWISE_BEZIER_KNOTS.);
#5732 = CARTESIAN_POINT('',(4.037257447448,1.));
#5733 = CARTESIAN_POINT('',(4.037257447448,23.));
#5734 = ( GEOMETRIC_REPRESENTATION_CONTEXT(2) 
PARAMETRIC_REPRESENTATION_CONTEXT() REPRESENTATION_CONTEXT('2D SPACE',''
  ) );
#5735 = ORIENTED_EDGE('',*,*,#5736,.F.);
#5736 = EDGE_CURVE('',#3861,#5711,#5737,.T.);
#5737 = SURFACE_CURVE('',#5738,(#5742,#5748),.PCURVE_S1.);
#5738 = LINE('',#5739,#5740);
#5739 = CARTESIAN_POINT('',(813.13108365262,-7.5,557.43922668663));
#5740 = VECTOR('',#5741,1.);
#5741 = DIRECTION('',(0.,1.,0.));
#5742 = PCURVE('',#3876,#5743);
#5743 = DEFINITIONAL_REPRESENTATION('',(#5744),#5747);
#5744 = B_SPLINE_CURVE_WITH_KNOTS('',1,(#5745,#5746),.UNSPECIFIED.,.F.,
  .F.,(2,2),(-7.5,22.5),.PIECEWISE_BEZIER_KNOTS.);
#5745 = CARTESIAN_POINT('',(311.,0.));
#5746 = CARTESIAN_POINT('',(311.,30.));
#5747 = ( GEOMETRIC_REPRESENTATION_CONTEXT(2) 
PARAMETRIC_REPRESENTATION_CONTEXT() REPRESENTATION_CONTEXT('2D SPACE',''
  ) );
#5748 = PCURVE('',#3903,#5749);
#5749 = DEFINITIONAL_REPRESENTATION('',(#5750),#5753);
#5750 = B_SPLINE_CURVE_WITH_KNOTS('',1,(#5751,#5752),.UNSPECIFIED.,.F.,
  .F.,(2,2),(-7.5,22.5),.PIECEWISE_BEZIER_KNOTS.);
#5751 = CARTESIAN_POINT('',(-10.,-15.));
#5752 = CARTESIAN_POINT('',(-10.,15.));
#5753 = ( GEOMETRIC_REPRESENTATION_CONTEXT(2) 
PARAMETRIC_REPRESENTATION_CONTEXT() REPRESENTATION_CONTEXT('2D SPACE',''
  ) );
#5754 = ORIENTED_EDGE('',*,*,#3860,.T.);
#5755 = ORIENTED_EDGE('',*,*,#4116,.T.);
#5756 = ORIENTED_EDGE('',*,*,#4165,.F.);
#5757 = ORIENTED_EDGE('',*,*,#5758,.F.);
#5758 = EDGE_CURVE('',#5759,#4166,#5761,.T.);
#5759 = VERTEX_POINT('',#5760);
#5760 = CARTESIAN_POINT('',(813.13108365262,12.489995996797,
    557.43922668663));
#5761 = SURFACE_CURVE('',#5762,(#5766,#5772),.PCURVE_S1.);
#5762 = LINE('',#5763,#5764);
#5763 = CARTESIAN_POINT('',(813.13108365262,-7.5,557.43922668663));
#5764 = VECTOR('',#5765,1.);
#5765 = DIRECTION('',(0.,1.,0.));
#5766 = PCURVE('',#3876,#5767);
#5767 = DEFINITIONAL_REPRESENTATION('',(#5768),#5771);
#5768 = B_SPLINE_CURVE_WITH_KNOTS('',1,(#5769,#5770),.UNSPECIFIED.,.F.,
  .F.,(2,2),(-7.5,22.5),.PIECEWISE_BEZIER_KNOTS.);
#5769 = CARTESIAN_POINT('',(311.,0.));
#5770 = CARTESIAN_POINT('',(311.,30.));
#5771 = ( GEOMETRIC_REPRESENTATION_CONTEXT(2) 
PARAMETRIC_REPRESENTATION_CONTEXT() REPRESENTATION_CONTEXT('2D SPACE',''
  ) );
#5772 = PCURVE('',#3903,#5773);
#5773 = DEFINITIONAL_REPRESENTATION('',(#5774),#5777);
#5774 = B_SPLINE_CURVE_WITH_KNOTS('',1,(#5775,#5776),.UNSPECIFIED.,.F.,
  .F.,(2,2),(-7.5,22.5),.PIECEWISE_BEZIER_KNOTS.);
#5775 = CARTESIAN_POINT('',(-10.,-15.));
#5776 = CARTESIAN_POINT('',(-10.,15.));
#5777 = ( GEOMETRIC_REPRESENTATION_CONTEXT(2) 
PARAMETRIC_REPRESENTATION_CONTEXT() REPRESENTATION_CONTEXT('2D SPACE',''
  ) );
#5778 = ORIENTED_EDGE('',*,*,#5779,.F.);
#5779 = EDGE_CURVE('',#5780,#5759,#5782,.T.);
#5780 = VERTEX_POINT('',#5781);
#5781 = CARTESIAN_POINT('',(794.82597717719,12.489995996797,
    545.23582236967));
#5782 = SURFACE_CURVE('',#5783,(#5787,#5793),.PCURVE_S1.);
#5783 = LINE('',#5784,#5785);
#5784 = CARTESIAN_POINT('',(793.99392688285,12.489995996797,
    544.68112217345));
#5785 = VECTOR('',#5786,1.);
#5786 = DIRECTION('',(0.832050294338,0.,0.554700196225));
#5787 = PCURVE('',#3876,#5788);
#5788 = DEFINITIONAL_REPRESENTATION('',(#5789),#5792);
#5789 = B_SPLINE_CURVE_WITH_KNOTS('',1,(#5790,#5791),.UNSPECIFIED.,.F.,
  .F.,(2,2),(0.9999976,23.0000024),.PIECEWISE_BEZIER_KNOTS.);
#5790 = CARTESIAN_POINT('',(288.9999976,27.489995996797));
#5791 = CARTESIAN_POINT('',(311.0000024,27.489995996797));
#5792 = ( GEOMETRIC_REPRESENTATION_CONTEXT(2) 
PARAMETRIC_REPRESENTATION_CONTEXT() REPRESENTATION_CONTEXT('2D SPACE',''
  ) );
#5793 = PCURVE('',#5725,#5794);
#5794 = DEFINITIONAL_REPRESENTATION('',(#5795),#5798);
#5795 = B_SPLINE_CURVE_WITH_KNOTS('',1,(#5796,#5797),.UNSPECIFIED.,.F.,
  .F.,(2,2),(1.,23.),.PIECEWISE_BEZIER_KNOTS.);
#5796 = CARTESIAN_POINT('',(8.529113166912,1.));
#5797 = CARTESIAN_POINT('',(8.529113166912,23.));
#5798 = ( GEOMETRIC_REPRESENTATION_CONTEXT(2) 
PARAMETRIC_REPRESENTATION_CONTEXT() REPRESENTATION_CONTEXT('2D SPACE',''
  ) );
#5799 = ORIENTED_EDGE('',*,*,#5800,.T.);
#5800 = EDGE_CURVE('',#5780,#4231,#5801,.T.);
#5801 = SURFACE_CURVE('',#5802,(#5806,#5812),.PCURVE_S1.);
#5802 = LINE('',#5803,#5804);
#5803 = CARTESIAN_POINT('',(794.82597717719,-7.5,545.23582236967));
#5804 = VECTOR('',#5805,1.);
#5805 = DIRECTION('',(0.,1.,0.));
#5806 = PCURVE('',#3876,#5807);
#5807 = DEFINITIONAL_REPRESENTATION('',(#5808),#5811);
#5808 = B_SPLINE_CURVE_WITH_KNOTS('',1,(#5809,#5810),.UNSPECIFIED.,.F.,
  .F.,(2,2),(-7.5,22.5),.PIECEWISE_BEZIER_KNOTS.);
#5809 = CARTESIAN_POINT('',(289.,0.));
#5810 = CARTESIAN_POINT('',(289.,30.));
#5811 = ( GEOMETRIC_REPRESENTATION_CONTEXT(2) 
PARAMETRIC_REPRESENTATION_CONTEXT() REPRESENTATION_CONTEXT('2D SPACE',''
  ) );
#5812 = PCURVE('',#3955,#5813);
#5813 = DEFINITIONAL_REPRESENTATION('',(#5814),#5817);
#5814 = B_SPLINE_CURVE_WITH_KNOTS('',1,(#5815,#5816),.UNSPECIFIED.,.F.,
  .F.,(2,2),(-7.5,22.5),.PIECEWISE_BEZIER_KNOTS.);
#5815 = CARTESIAN_POINT('',(-10.,-15.));
#5816 = CARTESIAN_POINT('',(-10.,15.));
#5817 = ( GEOMETRIC_REPRESENTATION_CONTEXT(2) 
PARAMETRIC_REPRESENTATION_CONTEXT() REPRESENTATION_CONTEXT('2D SPACE',''
  ) );
#5818 = ORIENTED_EDGE('',*,*,#4251,.F.);
#5819 = ORIENTED_EDGE('',*,*,#5820,.F.);
#5820 = EDGE_CURVE('',#5821,#4252,#5823,.T.);
#5821 = VERTEX_POINT('',#5822);
#5822 = CARTESIAN_POINT('',(630.0800188983,12.489995996797,
    435.40518351708));
#5823 = SURFACE_CURVE('',#5824,(#5828,#5834),.PCURVE_S1.);
#5824 = LINE('',#5825,#5826);
#5825 = CARTESIAN_POINT('',(630.0800188983,-7.5,435.40518351708));
#5826 = VECTOR('',#5827,1.);
#5827 = DIRECTION('',(0.,1.,0.));
#5828 = PCURVE('',#3876,#5829);
#5829 = DEFINITIONAL_REPRESENTATION('',(#5830),#5833);
#5830 = B_SPLINE_CURVE_WITH_KNOTS('',1,(#5831,#5832),.UNSPECIFIED.,.F.,
  .F.,(2,2),(-7.5,22.5),.PIECEWISE_BEZIER_KNOTS.);
#5831 = CARTESIAN_POINT('',(91.,0.));
#5832 = CARTESIAN_POINT('',(91.,30.));
#5833 = ( GEOMETRIC_REPRESENTATION_CONTEXT(2) 
PARAMETRIC_REPRESENTATION_CONTEXT() REPRESENTATION_CONTEXT('2D SPACE',''
  ) );
#5834 = PCURVE('',#4004,#5835);
#5835 = DEFINITIONAL_REPRESENTATION('',(#5836),#5839);
#5836 = B_SPLINE_CURVE_WITH_KNOTS('',1,(#5837,#5838),.UNSPECIFIED.,.F.,
  .F.,(2,2),(-7.5,22.5),.PIECEWISE_BEZIER_KNOTS.);
#5837 = CARTESIAN_POINT('',(-10.,-15.));
#5838 = CARTESIAN_POINT('',(-10.,15.));
#5839 = ( GEOMETRIC_REPRESENTATION_CONTEXT(2) 
PARAMETRIC_REPRESENTATION_CONTEXT() REPRESENTATION_CONTEXT('2D SPACE',''
  ) );
#5840 = ORIENTED_EDGE('',*,*,#5841,.F.);
#5841 = EDGE_CURVE('',#5842,#5821,#5844,.T.);
#5842 = VERTEX_POINT('',#5843);
#5843 = CARTESIAN_POINT('',(611.77491242286,12.489995996797,
    423.20177920012));
#5844 = SURFACE_CURVE('',#5845,(#5849,#5855),.PCURVE_S1.);
#5845 = LINE('',#5846,#5847);
#5846 = CARTESIAN_POINT('',(610.94286212853,12.489995996797,
    422.6470790039));
#5847 = VECTOR('',#5848,1.);
#5848 = DIRECTION('',(0.832050294338,0.,0.554700196225));
#5849 = PCURVE('',#3876,#5850);
#5850 = DEFINITIONAL_REPRESENTATION('',(#5851),#5854);
#5851 = B_SPLINE_CURVE_WITH_KNOTS('',1,(#5852,#5853),.UNSPECIFIED.,.F.,
  .F.,(2,2),(0.9999976,23.0000024),.PIECEWISE_BEZIER_KNOTS.);
#5852 = CARTESIAN_POINT('',(68.9999976,27.489995996797));
#5853 = CARTESIAN_POINT('',(91.0000024,27.489995996797));
#5854 = ( GEOMETRIC_REPRESENTATION_CONTEXT(2) 
PARAMETRIC_REPRESENTATION_CONTEXT() REPRESENTATION_CONTEXT('2D SPACE',''
  ) );
#5855 = PCURVE('',#5658,#5856);
#5856 = DEFINITIONAL_REPRESENTATION('',(#5857),#5860);
#5857 = B_SPLINE_CURVE_WITH_KNOTS('',1,(#5858,#5859),.UNSPECIFIED.,.F.,
  .F.,(2,2),(1.,23.),.PIECEWISE_BEZIER_KNOTS.);
#5858 = CARTESIAN_POINT('',(8.529113166912,1.));
#5859 = CARTESIAN_POINT('',(8.529113166912,23.));
#5860 = ( GEOMETRIC_REPRESENTATION_CONTEXT(2) 
PARAMETRIC_REPRESENTATION_CONTEXT() REPRESENTATION_CONTEXT('2D SPACE',''
  ) );
#5861 = ORIENTED_EDGE('',*,*,#5862,.T.);
#5862 = EDGE_CURVE('',#5842,#4317,#5863,.T.);
#5863 = SURFACE_CURVE('',#5864,(#5868,#5874),.PCURVE_S1.);
#5864 = LINE('',#5865,#5866);
#5865 = CARTESIAN_POINT('',(611.77491242286,-7.5,423.20177920012));
#5866 = VECTOR('',#5867,1.);
#5867 = DIRECTION('',(0.,1.,0.));
#5868 = PCURVE('',#3876,#5869);
#5869 = DEFINITIONAL_REPRESENTATION('',(#5870),#5873);
#5870 = B_SPLINE_CURVE_WITH_KNOTS('',1,(#5871,#5872),.UNSPECIFIED.,.F.,
  .F.,(2,2),(-7.5,22.5),.PIECEWISE_BEZIER_KNOTS.);
#5871 = CARTESIAN_POINT('',(69.,0.));
#5872 = CARTESIAN_POINT('',(69.,30.));
#5873 = ( GEOMETRIC_REPRESENTATION_CONTEXT(2) 
PARAMETRIC_REPRESENTATION_CONTEXT() REPRESENTATION_CONTEXT('2D SPACE',''
  ) );
#5874 = PCURVE('',#4056,#5875);
#5875 = DEFINITIONAL_REPRESENTATION('',(#5876),#5879);
#5876 = B_SPLINE_CURVE_WITH_KNOTS('',1,(#5877,#5878),.UNSPECIFIED.,.F.,
  .F.,(2,2),(-7.5,22.5),.PIECEWISE_BEZIER_KNOTS.);
#5877 = CARTESIAN_POINT('',(-10.,-15.));
#5878 = CARTESIAN_POINT('',(-10.,15.));
#5879 = ( GEOMETRIC_REPRESENTATION_CONTEXT(2) 
PARAMETRIC_REPRESENTATION_CONTEXT() REPRESENTATION_CONTEXT('2D SPACE',''
  ) );
#5880 = ADVANCED_FACE('',(#5881),#4056,.F.);
#5881 = FACE_BOUND('',#5882,.F.);
#5882 = EDGE_LOOP('',(#5883,#5884,#5910,#5911,#5912,#5934));
#5883 = ORIENTED_EDGE('',*,*,#4041,.F.);
#5884 = ORIENTED_EDGE('',*,*,#5885,.F.);
#5885 = EDGE_CURVE('',#4296,#4016,#5886,.T.);
#5886 = SURFACE_CURVE('',#5887,(#5892,#5903),.PCURVE_S1.);
#5887 = CIRCLE('',#5888,21.);
#5888 = AXIS2_PLACEMENT_3D('',#5889,#5890,#5891);
#5889 = CARTESIAN_POINT('',(617.32191438512,0.,414.88127625674));
#5890 = DIRECTION('',(-0.832050294338,2.775557561563E-17,-0.554700196225
    ));
#5891 = DIRECTION('',(-0.38820926885,0.714285714286,0.582313903274));
#5892 = PCURVE('',#4056,#5893);
#5893 = DEFINITIONAL_REPRESENTATION('',(#5894),#5902);
#5894 = ( BOUNDED_CURVE() B_SPLINE_CURVE(2,(#5895,#5896,#5897,#5898,
#5899,#5900,#5901),.UNSPECIFIED.,.T.,.F.) B_SPLINE_CURVE_WITH_KNOTS((1,2
    ,2,2,2,1),(-2.094395102393,0.,2.094395102393,4.188790204786,
6.28318530718,8.377580409573),.UNSPECIFIED.) CURVE() 
GEOMETRIC_REPRESENTATION_ITEM() RATIONAL_B_SPLINE_CURVE((1.,0.5,1.,0.5,
1.,0.5,1.)) REPRESENTATION_ITEM('') );
#5895 = CARTESIAN_POINT('',(-14.69693845669,15.));
#5896 = CARTESIAN_POINT('',(11.283823656834,40.455844122716));
#5897 = CARTESIAN_POINT('',(20.338850285116,5.227922061358));
#5898 = CARTESIAN_POINT('',(29.393876913398,-30.));
#5899 = CARTESIAN_POINT('',(-5.641911828417,-20.22792206135));
#5900 = CARTESIAN_POINT('',(-40.67770057023,-10.45584412271));
#5901 = CARTESIAN_POINT('',(-14.69693845669,15.));
#5902 = ( GEOMETRIC_REPRESENTATION_CONTEXT(2) 
PARAMETRIC_REPRESENTATION_CONTEXT() REPRESENTATION_CONTEXT('2D SPACE',''
  ) );
#5903 = PCURVE('',#4030,#5904);
#5904 = DEFINITIONAL_REPRESENTATION('',(#5905),#5909);
#5905 = LINE('',#5906,#5907);
#5906 = CARTESIAN_POINT('',(8.629175007285,0.));
#5907 = VECTOR('',#5908,1.);
#5908 = DIRECTION('',(-1.,-0.));
#5909 = ( GEOMETRIC_REPRESENTATION_CONTEXT(2) 
PARAMETRIC_REPRESENTATION_CONTEXT() REPRESENTATION_CONTEXT('2D SPACE',''
  ) );
#5910 = ORIENTED_EDGE('',*,*,#4316,.T.);
#5911 = ORIENTED_EDGE('',*,*,#5862,.F.);
#5912 = ORIENTED_EDGE('',*,*,#5913,.F.);
#5913 = EDGE_CURVE('',#5623,#5842,#5914,.T.);
#5914 = SURFACE_CURVE('',#5915,(#5920,#5927),.PCURVE_S1.);
#5915 = CIRCLE('',#5916,16.);
#5916 = AXIS2_PLACEMENT_3D('',#5917,#5918,#5919);
#5917 = CARTESIAN_POINT('',(617.32191438512,0.,414.88127625674));
#5918 = DIRECTION('',(0.832050294338,0.,0.554700196225));
#5919 = DIRECTION('',(-0.346687622641,-0.7806247498,0.520031433961));
#5920 = PCURVE('',#4056,#5921);
#5921 = DEFINITIONAL_REPRESENTATION('',(#5922),#5926);
#5922 = CIRCLE('',#5923,16.);
#5923 = AXIS2_PLACEMENT_2D('',#5924,#5925);
#5924 = CARTESIAN_POINT('',(0.,0.));
#5925 = DIRECTION('',(-0.625,-0.7806247498));
#5926 = ( GEOMETRIC_REPRESENTATION_CONTEXT(2) 
PARAMETRIC_REPRESENTATION_CONTEXT() REPRESENTATION_CONTEXT('2D SPACE',''
  ) );
#5927 = PCURVE('',#5658,#5928);
#5928 = DEFINITIONAL_REPRESENTATION('',(#5929),#5933);
#5929 = LINE('',#5930,#5931);
#5930 = CARTESIAN_POINT('',(4.037257447448,1.));
#5931 = VECTOR('',#5932,1.);
#5932 = DIRECTION('',(1.,0.));
#5933 = ( GEOMETRIC_REPRESENTATION_CONTEXT(2) 
PARAMETRIC_REPRESENTATION_CONTEXT() REPRESENTATION_CONTEXT('2D SPACE',''
  ) );
#5934 = ORIENTED_EDGE('',*,*,#5622,.F.);
#5935 = ADVANCED_FACE('',(#5936),#4030,.T.);
#5936 = FACE_BOUND('',#5937,.T.);
#5937 = EDGE_LOOP('',(#5938,#5939,#5940,#5966));
#5938 = ORIENTED_EDGE('',*,*,#5885,.F.);
#5939 = ORIENTED_EDGE('',*,*,#4295,.T.);
#5940 = ORIENTED_EDGE('',*,*,#5941,.T.);
#5941 = EDGE_CURVE('',#4275,#3990,#5942,.T.);
#5942 = SURFACE_CURVE('',#5943,(#5948,#5955),.PCURVE_S1.);
#5943 = CIRCLE('',#5944,21.);
#5944 = AXIS2_PLACEMENT_3D('',#5945,#5946,#5947);
#5945 = CARTESIAN_POINT('',(635.62702086055,0.,427.0846805737));
#5946 = DIRECTION('',(-0.832050294338,2.775557561563E-17,-0.554700196225
    ));
#5947 = DIRECTION('',(-0.38820926885,0.714285714286,0.582313903274));
#5948 = PCURVE('',#4030,#5949);
#5949 = DEFINITIONAL_REPRESENTATION('',(#5950),#5954);
#5950 = LINE('',#5951,#5952);
#5951 = CARTESIAN_POINT('',(8.629175007285,22.));
#5952 = VECTOR('',#5953,1.);
#5953 = DIRECTION('',(-1.,-0.));
#5954 = ( GEOMETRIC_REPRESENTATION_CONTEXT(2) 
PARAMETRIC_REPRESENTATION_CONTEXT() REPRESENTATION_CONTEXT('2D SPACE',''
  ) );
#5955 = PCURVE('',#4004,#5956);
#5956 = DEFINITIONAL_REPRESENTATION('',(#5957),#5965);
#5957 = ( BOUNDED_CURVE() B_SPLINE_CURVE(2,(#5958,#5959,#5960,#5961,
#5962,#5963,#5964),.UNSPECIFIED.,.T.,.F.) B_SPLINE_CURVE_WITH_KNOTS((1,2
    ,2,2,2,1),(-2.094395102393,0.,2.094395102393,4.188790204786,
6.28318530718,8.377580409573),.UNSPECIFIED.) CURVE() 
GEOMETRIC_REPRESENTATION_ITEM() RATIONAL_B_SPLINE_CURVE((1.,0.5,1.,0.5,
1.,0.5,1.)) REPRESENTATION_ITEM('') );
#5958 = CARTESIAN_POINT('',(-14.69693845669,15.));
#5959 = CARTESIAN_POINT('',(11.283823656834,40.455844122716));
#5960 = CARTESIAN_POINT('',(20.338850285116,5.227922061358));
#5961 = CARTESIAN_POINT('',(29.393876913398,-30.));
#5962 = CARTESIAN_POINT('',(-5.641911828417,-20.22792206135));
#5963 = CARTESIAN_POINT('',(-40.67770057023,-10.45584412271));
#5964 = CARTESIAN_POINT('',(-14.69693845669,15.));
#5965 = ( GEOMETRIC_REPRESENTATION_CONTEXT(2) 
PARAMETRIC_REPRESENTATION_CONTEXT() REPRESENTATION_CONTEXT('2D SPACE',''
  ) );
#5966 = ORIENTED_EDGE('',*,*,#4015,.F.);
#5967 = ADVANCED_FACE('',(#5968),#4004,.T.);
#5968 = FACE_BOUND('',#5969,.T.);
#5969 = EDGE_LOOP('',(#5970,#5971,#5972,#5973,#5974,#6000));
#5970 = ORIENTED_EDGE('',*,*,#3989,.F.);
#5971 = ORIENTED_EDGE('',*,*,#5941,.F.);
#5972 = ORIENTED_EDGE('',*,*,#4274,.T.);
#5973 = ORIENTED_EDGE('',*,*,#5820,.F.);
#5974 = ORIENTED_EDGE('',*,*,#5975,.T.);
#5975 = EDGE_CURVE('',#5821,#5644,#5976,.T.);
#5976 = SURFACE_CURVE('',#5977,(#5982,#5993),.PCURVE_S1.);
#5977 = CIRCLE('',#5978,16.);
#5978 = AXIS2_PLACEMENT_3D('',#5979,#5980,#5981);
#5979 = CARTESIAN_POINT('',(635.62702086055,0.,427.0846805737));
#5980 = DIRECTION('',(-0.832050294338,0.,-0.554700196225));
#5981 = DIRECTION('',(-0.346687622641,0.7806247498,0.520031433961));
#5982 = PCURVE('',#4004,#5983);
#5983 = DEFINITIONAL_REPRESENTATION('',(#5984),#5992);
#5984 = ( BOUNDED_CURVE() B_SPLINE_CURVE(2,(#5985,#5986,#5987,#5988,
#5989,#5990,#5991),.UNSPECIFIED.,.T.,.F.) B_SPLINE_CURVE_WITH_KNOTS((1,2
    ,2,2,2,1),(-2.094395102393,0.,2.094395102393,4.188790204786,
6.28318530718,8.377580409573),.UNSPECIFIED.) CURVE() 
GEOMETRIC_REPRESENTATION_ITEM() RATIONAL_B_SPLINE_CURVE((1.,0.5,1.,0.5,
1.,0.5,1.)) REPRESENTATION_ITEM('') );
#5985 = CARTESIAN_POINT('',(-10.,12.489995996797));
#5986 = CARTESIAN_POINT('',(11.633307652784,29.810504072486));
#5987 = CARTESIAN_POINT('',(15.816653826392,2.415256039446));
#5988 = CARTESIAN_POINT('',(20.,-24.97999199359));
#5989 = CARTESIAN_POINT('',(-5.816653826392,-14.90525203624));
#5990 = CARTESIAN_POINT('',(-31.63330765278,-4.830512078892));
#5991 = CARTESIAN_POINT('',(-10.,12.489995996797));
#5992 = ( GEOMETRIC_REPRESENTATION_CONTEXT(2) 
PARAMETRIC_REPRESENTATION_CONTEXT() REPRESENTATION_CONTEXT('2D SPACE',''
  ) );
#5993 = PCURVE('',#5658,#5994);
#5994 = DEFINITIONAL_REPRESENTATION('',(#5995),#5999);
#5995 = LINE('',#5996,#5997);
#5996 = CARTESIAN_POINT('',(8.529113166912,23.));
#5997 = VECTOR('',#5998,1.);
#5998 = DIRECTION('',(-1.,-0.));
#5999 = ( GEOMETRIC_REPRESENTATION_CONTEXT(2) 
PARAMETRIC_REPRESENTATION_CONTEXT() REPRESENTATION_CONTEXT('2D SPACE',''
  ) );
#6000 = ORIENTED_EDGE('',*,*,#5669,.F.);
#6001 = ADVANCED_FACE('',(#6002),#3955,.F.);
#6002 = FACE_BOUND('',#6003,.F.);
#6003 = EDGE_LOOP('',(#6004,#6005,#6031,#6032,#6033,#6055));
#6004 = ORIENTED_EDGE('',*,*,#3940,.F.);
#6005 = ORIENTED_EDGE('',*,*,#6006,.F.);
#6006 = EDGE_CURVE('',#4210,#3915,#6007,.T.);
#6007 = SURFACE_CURVE('',#6008,(#6013,#6024),.PCURVE_S1.);
#6008 = CIRCLE('',#6009,21.);
#6009 = AXIS2_PLACEMENT_3D('',#6010,#6011,#6012);
#6010 = CARTESIAN_POINT('',(800.37297913944,0.,536.91531942629));
#6011 = DIRECTION('',(-0.832050294338,2.775557561563E-17,-0.554700196225
    ));
#6012 = DIRECTION('',(-0.38820926885,0.714285714286,0.582313903274));
#6013 = PCURVE('',#3955,#6014);
#6014 = DEFINITIONAL_REPRESENTATION('',(#6015),#6023);
#6015 = ( BOUNDED_CURVE() B_SPLINE_CURVE(2,(#6016,#6017,#6018,#6019,
#6020,#6021,#6022),.UNSPECIFIED.,.T.,.F.) B_SPLINE_CURVE_WITH_KNOTS((1,2
    ,2,2,2,1),(-2.094395102393,0.,2.094395102393,4.188790204786,
6.28318530718,8.377580409573),.UNSPECIFIED.) CURVE() 
GEOMETRIC_REPRESENTATION_ITEM() RATIONAL_B_SPLINE_CURVE((1.,0.5,1.,0.5,
1.,0.5,1.)) REPRESENTATION_ITEM('') );
#6016 = CARTESIAN_POINT('',(-14.69693845669,15.));
#6017 = CARTESIAN_POINT('',(11.283823656834,40.455844122716));
#6018 = CARTESIAN_POINT('',(20.338850285116,5.227922061358));
#6019 = CARTESIAN_POINT('',(29.393876913398,-30.));
#6020 = CARTESIAN_POINT('',(-5.641911828417,-20.22792206135));
#6021 = CARTESIAN_POINT('',(-40.67770057023,-10.45584412271));
#6022 = CARTESIAN_POINT('',(-14.69693845669,15.));
#6023 = ( GEOMETRIC_REPRESENTATION_CONTEXT(2) 
PARAMETRIC_REPRESENTATION_CONTEXT() REPRESENTATION_CONTEXT('2D SPACE',''
  ) );
#6024 = PCURVE('',#3929,#6025);
#6025 = DEFINITIONAL_REPRESENTATION('',(#6026),#6030);
#6026 = LINE('',#6027,#6028);
#6027 = CARTESIAN_POINT('',(8.629175007285,0.));
#6028 = VECTOR('',#6029,1.);
#6029 = DIRECTION('',(-1.,-0.));
#6030 = ( GEOMETRIC_REPRESENTATION_CONTEXT(2) 
PARAMETRIC_REPRESENTATION_CONTEXT() REPRESENTATION_CONTEXT('2D SPACE',''
  ) );
#6031 = ORIENTED_EDGE('',*,*,#4230,.T.);
#6032 = ORIENTED_EDGE('',*,*,#5800,.F.);
#6033 = ORIENTED_EDGE('',*,*,#6034,.F.);
#6034 = EDGE_CURVE('',#5690,#5780,#6035,.T.);
#6035 = SURFACE_CURVE('',#6036,(#6041,#6048),.PCURVE_S1.);
#6036 = CIRCLE('',#6037,16.);
#6037 = AXIS2_PLACEMENT_3D('',#6038,#6039,#6040);
#6038 = CARTESIAN_POINT('',(800.37297913944,0.,536.91531942629));
#6039 = DIRECTION('',(0.832050294338,0.,0.554700196225));
#6040 = DIRECTION('',(-0.346687622641,-0.7806247498,0.520031433961));
#6041 = PCURVE('',#3955,#6042);
#6042 = DEFINITIONAL_REPRESENTATION('',(#6043),#6047);
#6043 = CIRCLE('',#6044,16.);
#6044 = AXIS2_PLACEMENT_2D('',#6045,#6046);
#6045 = CARTESIAN_POINT('',(0.,0.));
#6046 = DIRECTION('',(-0.625,-0.7806247498));
#6047 = ( GEOMETRIC_REPRESENTATION_CONTEXT(2) 
PARAMETRIC_REPRESENTATION_CONTEXT() REPRESENTATION_CONTEXT('2D SPACE',''
  ) );
#6048 = PCURVE('',#5725,#6049);
#6049 = DEFINITIONAL_REPRESENTATION('',(#6050),#6054);
#6050 = LINE('',#6051,#6052);
#6051 = CARTESIAN_POINT('',(4.037257447448,1.));
#6052 = VECTOR('',#6053,1.);
#6053 = DIRECTION('',(1.,0.));
#6054 = ( GEOMETRIC_REPRESENTATION_CONTEXT(2) 
PARAMETRIC_REPRESENTATION_CONTEXT() REPRESENTATION_CONTEXT('2D SPACE',''
  ) );
#6055 = ORIENTED_EDGE('',*,*,#5689,.F.);
#6056 = ADVANCED_FACE('',(#6057),#3929,.T.);
#6057 = FACE_BOUND('',#6058,.T.);
#6058 = EDGE_LOOP('',(#6059,#6060,#6061,#6087));
#6059 = ORIENTED_EDGE('',*,*,#6006,.F.);
#6060 = ORIENTED_EDGE('',*,*,#4209,.T.);
#6061 = ORIENTED_EDGE('',*,*,#6062,.T.);
#6062 = EDGE_CURVE('',#4189,#3889,#6063,.T.);
#6063 = SURFACE_CURVE('',#6064,(#6069,#6076),.PCURVE_S1.);
#6064 = CIRCLE('',#6065,21.);
#6065 = AXIS2_PLACEMENT_3D('',#6066,#6067,#6068);
#6066 = CARTESIAN_POINT('',(818.67808561487,0.,549.11872374325));
#6067 = DIRECTION('',(-0.832050294338,2.775557561563E-17,-0.554700196225
    ));
#6068 = DIRECTION('',(-0.38820926885,0.714285714286,0.582313903274));
#6069 = PCURVE('',#3929,#6070);
#6070 = DEFINITIONAL_REPRESENTATION('',(#6071),#6075);
#6071 = LINE('',#6072,#6073);
#6072 = CARTESIAN_POINT('',(8.629175007285,22.));
#6073 = VECTOR('',#6074,1.);
#6074 = DIRECTION('',(-1.,-0.));
#6075 = ( GEOMETRIC_REPRESENTATION_CONTEXT(2) 
PARAMETRIC_REPRESENTATION_CONTEXT() REPRESENTATION_CONTEXT('2D SPACE',''
  ) );
#6076 = PCURVE('',#3903,#6077);
#6077 = DEFINITIONAL_REPRESENTATION('',(#6078),#6086);
#6078 = ( BOUNDED_CURVE() B_SPLINE_CURVE(2,(#6079,#6080,#6081,#6082,
#6083,#6084,#6085),.UNSPECIFIED.,.T.,.F.) B_SPLINE_CURVE_WITH_KNOTS((1,2
    ,2,2,2,1),(-2.094395102393,0.,2.094395102393,4.188790204786,
6.28318530718,8.377580409573),.UNSPECIFIED.) CURVE() 
GEOMETRIC_REPRESENTATION_ITEM() RATIONAL_B_SPLINE_CURVE((1.,0.5,1.,0.5,
1.,0.5,1.)) REPRESENTATION_ITEM('') );
#6079 = CARTESIAN_POINT('',(-14.69693845669,15.));
#6080 = CARTESIAN_POINT('',(11.283823656834,40.455844122716));
#6081 = CARTESIAN_POINT('',(20.338850285116,5.227922061358));
#6082 = CARTESIAN_POINT('',(29.393876913398,-30.));
#6083 = CARTESIAN_POINT('',(-5.641911828417,-20.22792206135));
#6084 = CARTESIAN_POINT('',(-40.67770057023,-10.45584412271));
#6085 = CARTESIAN_POINT('',(-14.69693845669,15.));
#6086 = ( GEOMETRIC_REPRESENTATION_CONTEXT(2) 
PARAMETRIC_REPRESENTATION_CONTEXT() REPRESENTATION_CONTEXT('2D SPACE',''
  ) );
#6087 = ORIENTED_EDGE('',*,*,#3914,.F.);
#6088 = ADVANCED_FACE('',(#6089),#3903,.T.);
#6089 = FACE_BOUND('',#6090,.T.);
#6090 = EDGE_LOOP('',(#6091,#6092,#6093,#6094,#6095,#6121));
#6091 = ORIENTED_EDGE('',*,*,#3888,.F.);
#6092 = ORIENTED_EDGE('',*,*,#6062,.F.);
#6093 = ORIENTED_EDGE('',*,*,#4188,.T.);
#6094 = ORIENTED_EDGE('',*,*,#5758,.F.);
#6095 = ORIENTED_EDGE('',*,*,#6096,.T.);
#6096 = EDGE_CURVE('',#5759,#5711,#6097,.T.);
#6097 = SURFACE_CURVE('',#6098,(#6103,#6114),.PCURVE_S1.);
#6098 = CIRCLE('',#6099,16.);
#6099 = AXIS2_PLACEMENT_3D('',#6100,#6101,#6102);
#6100 = CARTESIAN_POINT('',(818.67808561487,0.,549.11872374325));
#6101 = DIRECTION('',(-0.832050294338,0.,-0.554700196225));
#6102 = DIRECTION('',(-0.346687622641,0.7806247498,0.520031433961));
#6103 = PCURVE('',#3903,#6104);
#6104 = DEFINITIONAL_REPRESENTATION('',(#6105),#6113);
#6105 = ( BOUNDED_CURVE() B_SPLINE_CURVE(2,(#6106,#6107,#6108,#6109,
#6110,#6111,#6112),.UNSPECIFIED.,.T.,.F.) B_SPLINE_CURVE_WITH_KNOTS((1,2
    ,2,2,2,1),(-2.094395102393,0.,2.094395102393,4.188790204786,
6.28318530718,8.377580409573),.UNSPECIFIED.) CURVE() 
GEOMETRIC_REPRESENTATION_ITEM() RATIONAL_B_SPLINE_CURVE((1.,0.5,1.,0.5,
1.,0.5,1.)) REPRESENTATION_ITEM('') );
#6106 = CARTESIAN_POINT('',(-10.,12.489995996797));
#6107 = CARTESIAN_POINT('',(11.633307652784,29.810504072486));
#6108 = CARTESIAN_POINT('',(15.816653826392,2.415256039446));
#6109 = CARTESIAN_POINT('',(20.,-24.97999199359));
#6110 = CARTESIAN_POINT('',(-5.816653826392,-14.90525203624));
#6111 = CARTESIAN_POINT('',(-31.63330765278,-4.830512078892));
#6112 = CARTESIAN_POINT('',(-10.,12.489995996797));
#6113 = ( GEOMETRIC_REPRESENTATION_CONTEXT(2) 
PARAMETRIC_REPRESENTATION_CONTEXT() REPRESENTATION_CONTEXT('2D SPACE',''
  ) );
#6114 = PCURVE('',#5725,#6115);
#6115 = DEFINITIONAL_REPRESENTATION('',(#6116),#6120);
#6116 = LINE('',#6117,#6118);
#6117 = CARTESIAN_POINT('',(8.529113166912,23.));
#6118 = VECTOR('',#6119,1.);
#6119 = DIRECTION('',(-1.,-0.));
#6120 = ( GEOMETRIC_REPRESENTATION_CONTEXT(2) 
PARAMETRIC_REPRESENTATION_CONTEXT() REPRESENTATION_CONTEXT('2D SPACE',''
  ) );
#6121 = ORIENTED_EDGE('',*,*,#5736,.F.);
#6122 = ADVANCED_FACE('',(#6123),#4791,.T.);
#6123 = FACE_BOUND('',#6124,.T.);
#6124 = EDGE_LOOP('',(#6125,#6126,#6127,#6128));
#6125 = ORIENTED_EDGE('',*,*,#4878,.F.);
#6126 = ORIENTED_EDGE('',*,*,#4775,.T.);
#6127 = ORIENTED_EDGE('',*,*,#4829,.T.);
#6128 = ORIENTED_EDGE('',*,*,#4927,.F.);
#6129 = ADVANCED_FACE('',(#6130),#5271,.T.);
#6130 = FACE_BOUND('',#6131,.T.);
#6131 = EDGE_LOOP('',(#6132,#6133,#6134,#6135));
#6132 = ORIENTED_EDGE('',*,*,#5257,.F.);
#6133 = ORIENTED_EDGE('',*,*,#5337,.T.);
#6134 = ORIENTED_EDGE('',*,*,#5387,.T.);
#6135 = ORIENTED_EDGE('',*,*,#5288,.F.);
#6136 = ADVANCED_FACE('',(#6137),#5458,.T.);
#6137 = FACE_BOUND('',#6138,.T.);
#6138 = EDGE_LOOP('',(#6139,#6140,#6141,#6142));
#6139 = ORIENTED_EDGE('',*,*,#5595,.F.);
#6140 = ORIENTED_EDGE('',*,*,#5567,.T.);
#6141 = ORIENTED_EDGE('',*,*,#5519,.T.);
#6142 = ORIENTED_EDGE('',*,*,#5442,.F.);
#6143 = ADVANCED_FACE('',(#6144),#5658,.F.);
#6144 = FACE_BOUND('',#6145,.F.);
#6145 = EDGE_LOOP('',(#6146,#6147,#6148,#6149));
#6146 = ORIENTED_EDGE('',*,*,#5975,.T.);
#6147 = ORIENTED_EDGE('',*,*,#5643,.F.);
#6148 = ORIENTED_EDGE('',*,*,#5913,.T.);
#6149 = ORIENTED_EDGE('',*,*,#5841,.T.);
#6150 = ADVANCED_FACE('',(#6151),#5725,.F.);
#6151 = FACE_BOUND('',#6152,.F.);
#6152 = EDGE_LOOP('',(#6153,#6154,#6155,#6156));
#6153 = ORIENTED_EDGE('',*,*,#6096,.T.);
#6154 = ORIENTED_EDGE('',*,*,#5710,.F.);
#6155 = ORIENTED_EDGE('',*,*,#6034,.T.);
#6156 = ORIENTED_EDGE('',*,*,#5779,.T.);
#6157 = MANIFOLD_SOLID_BREP('',#6158);
#6158 = CLOSED_SHELL('',(#6159,#6279,#6355,#6426,#6453,#6480));
#6159 = ADVANCED_FACE('',(#6160),#6174,.F.);
#6160 = FACE_BOUND('',#6161,.F.);
#6161 = EDGE_LOOP('',(#6162,#6197,#6225,#6253));
#6162 = ORIENTED_EDGE('',*,*,#6163,.F.);
#6163 = EDGE_CURVE('',#6164,#6166,#6168,.T.);
#6164 = VERTEX_POINT('',#6165);
#6165 = CARTESIAN_POINT('',(841.69814375822,-30.,602.9246427771));
#6166 = VERTEX_POINT('',#6167);
#6167 = CARTESIAN_POINT('',(831.71354022617,-30.,617.90154807518));
#6168 = SURFACE_CURVE('',#6169,(#6173,#6185),.PCURVE_S1.);
#6169 = LINE('',#6170,#6171);
#6170 = CARTESIAN_POINT('',(841.69814375822,-30.,602.9246427771));
#6171 = VECTOR('',#6172,1.);
#6172 = DIRECTION('',(-0.554700196225,0.,0.832050294338));
#6173 = PCURVE('',#6174,#6179);
#6174 = PLANE('',#6175);
#6175 = AXIS2_PLACEMENT_3D('',#6176,#6177,#6178);
#6176 = CARTESIAN_POINT('',(841.69814375822,-30.,602.9246427771));
#6177 = DIRECTION('',(0.832050294338,0.,0.554700196225));
#6178 = DIRECTION('',(-0.554700196225,0.,0.832050294338));
#6179 = DEFINITIONAL_REPRESENTATION('',(#6180),#6184);
#6180 = LINE('',#6181,#6182);
#6181 = CARTESIAN_POINT('',(0.,0.));
#6182 = VECTOR('',#6183,1.);
#6183 = DIRECTION('',(1.,0.));
#6184 = ( GEOMETRIC_REPRESENTATION_CONTEXT(2) 
PARAMETRIC_REPRESENTATION_CONTEXT() REPRESENTATION_CONTEXT('2D SPACE',''
  ) );
#6185 = PCURVE('',#6186,#6191);
#6186 = PLANE('',#6187);
#6187 = AXIS2_PLACEMENT_3D('',#6188,#6189,#6190);
#6188 = CARTESIAN_POINT('',(841.69814375822,-30.,602.9246427771));
#6189 = DIRECTION('',(-0.,1.,0.));
#6190 = DIRECTION('',(-0.554700196225,0.,0.832050294338));
#6191 = DEFINITIONAL_REPRESENTATION('',(#6192),#6196);
#6192 = LINE('',#6193,#6194);
#6193 = CARTESIAN_POINT('',(0.,0.));
#6194 = VECTOR('',#6195,1.);
#6195 = DIRECTION('',(1.,0.));
#6196 = ( GEOMETRIC_REPRESENTATION_CONTEXT(2) 
PARAMETRIC_REPRESENTATION_CONTEXT() REPRESENTATION_CONTEXT('2D SPACE',''
  ) );
#6197 = ORIENTED_EDGE('',*,*,#6198,.T.);
#6198 = EDGE_CURVE('',#6164,#6199,#6201,.T.);
#6199 = VERTEX_POINT('',#6200);
#6200 = CARTESIAN_POINT('',(841.69814375822,30.,602.9246427771));
#6201 = SURFACE_CURVE('',#6202,(#6206,#6213),.PCURVE_S1.);
#6202 = LINE('',#6203,#6204);
#6203 = CARTESIAN_POINT('',(841.69814375822,-30.,602.9246427771));
#6204 = VECTOR('',#6205,1.);
#6205 = DIRECTION('',(-0.,1.,0.));
#6206 = PCURVE('',#6174,#6207);
#6207 = DEFINITIONAL_REPRESENTATION('',(#6208),#6212);
#6208 = LINE('',#6209,#6210);
#6209 = CARTESIAN_POINT('',(0.,0.));
#6210 = VECTOR('',#6211,1.);
#6211 = DIRECTION('',(0.,-1.));
#6212 = ( GEOMETRIC_REPRESENTATION_CONTEXT(2) 
PARAMETRIC_REPRESENTATION_CONTEXT() REPRESENTATION_CONTEXT('2D SPACE',''
  ) );
#6213 = PCURVE('',#6214,#6219);
#6214 = PLANE('',#6215);
#6215 = AXIS2_PLACEMENT_3D('',#6216,#6217,#6218);
#6216 = CARTESIAN_POINT('',(841.69814375822,-30.,602.9246427771));
#6217 = DIRECTION('',(-0.554700196225,0.,0.832050294338));
#6218 = DIRECTION('',(0.832050294338,0.,0.554700196225));
#6219 = DEFINITIONAL_REPRESENTATION('',(#6220),#6224);
#6220 = LINE('',#6221,#6222);
#6221 = CARTESIAN_POINT('',(0.,0.));
#6222 = VECTOR('',#6223,1.);
#6223 = DIRECTION('',(0.,1.));
#6224 = ( GEOMETRIC_REPRESENTATION_CONTEXT(2) 
PARAMETRIC_REPRESENTATION_CONTEXT() REPRESENTATION_CONTEXT('2D SPACE',''
  ) );
#6225 = ORIENTED_EDGE('',*,*,#6226,.T.);
#6226 = EDGE_CURVE('',#6199,#6227,#6229,.T.);
#6227 = VERTEX_POINT('',#6228);
#6228 = CARTESIAN_POINT('',(831.71354022617,30.,617.90154807518));
#6229 = SURFACE_CURVE('',#6230,(#6234,#6241),.PCURVE_S1.);
#6230 = LINE('',#6231,#6232);
#6231 = CARTESIAN_POINT('',(841.69814375822,30.,602.9246427771));
#6232 = VECTOR('',#6233,1.);
#6233 = DIRECTION('',(-0.554700196225,0.,0.832050294338));
#6234 = PCURVE('',#6174,#6235);
#6235 = DEFINITIONAL_REPRESENTATION('',(#6236),#6240);
#6236 = LINE('',#6237,#6238);
#6237 = CARTESIAN_POINT('',(0.,-60.));
#6238 = VECTOR('',#6239,1.);
#6239 = DIRECTION('',(1.,0.));
#6240 = ( GEOMETRIC_REPRESENTATION_CONTEXT(2) 
PARAMETRIC_REPRESENTATION_CONTEXT() REPRESENTATION_CONTEXT('2D SPACE',''
  ) );
#6241 = PCURVE('',#6242,#6247);
#6242 = PLANE('',#6243);
#6243 = AXIS2_PLACEMENT_3D('',#6244,#6245,#6246);
#6244 = CARTESIAN_POINT('',(841.69814375822,30.,602.9246427771));
#6245 = DIRECTION('',(-0.,1.,0.));
#6246 = DIRECTION('',(-0.554700196225,0.,0.832050294338));
#6247 = DEFINITIONAL_REPRESENTATION('',(#6248),#6252);
#6248 = LINE('',#6249,#6250);
#6249 = CARTESIAN_POINT('',(0.,0.));
#6250 = VECTOR('',#6251,1.);
#6251 = DIRECTION('',(1.,0.));
#6252 = ( GEOMETRIC_REPRESENTATION_CONTEXT(2) 
PARAMETRIC_REPRESENTATION_CONTEXT() REPRESENTATION_CONTEXT('2D SPACE',''
  ) );
#6253 = ORIENTED_EDGE('',*,*,#6254,.F.);
#6254 = EDGE_CURVE('',#6166,#6227,#6255,.T.);
#6255 = SURFACE_CURVE('',#6256,(#6260,#6267),.PCURVE_S1.);
#6256 = LINE('',#6257,#6258);
#6257 = CARTESIAN_POINT('',(831.71354022617,-30.,617.90154807518));
#6258 = VECTOR('',#6259,1.);
#6259 = DIRECTION('',(-0.,1.,0.));
#6260 = PCURVE('',#6174,#6261);
#6261 = DEFINITIONAL_REPRESENTATION('',(#6262),#6266);
#6262 = LINE('',#6263,#6264);
#6263 = CARTESIAN_POINT('',(18.,0.));
#6264 = VECTOR('',#6265,1.);
#6265 = DIRECTION('',(0.,-1.));
#6266 = ( GEOMETRIC_REPRESENTATION_CONTEXT(2) 
PARAMETRIC_REPRESENTATION_CONTEXT() REPRESENTATION_CONTEXT('2D SPACE',''
  ) );
#6267 = PCURVE('',#6268,#6273);
#6268 = PLANE('',#6269);
#6269 = AXIS2_PLACEMENT_3D('',#6270,#6271,#6272);
#6270 = CARTESIAN_POINT('',(831.71354022617,-30.,617.90154807518));
#6271 = DIRECTION('',(-0.554700196225,0.,0.832050294338));
#6272 = DIRECTION('',(0.832050294338,0.,0.554700196225));
#6273 = DEFINITIONAL_REPRESENTATION('',(#6274),#6278);
#6274 = LINE('',#6275,#6276);
#6275 = CARTESIAN_POINT('',(0.,0.));
#6276 = VECTOR('',#6277,1.);
#6277 = DIRECTION('',(0.,1.));
#6278 = ( GEOMETRIC_REPRESENTATION_CONTEXT(2) 
PARAMETRIC_REPRESENTATION_CONTEXT() REPRESENTATION_CONTEXT('2D SPACE',''
  ) );
#6279 = ADVANCED_FACE('',(#6280),#6214,.F.);
#6280 = FACE_BOUND('',#6281,.F.);
#6281 = EDGE_LOOP('',(#6282,#6283,#6306,#6334));
#6282 = ORIENTED_EDGE('',*,*,#6198,.F.);
#6283 = ORIENTED_EDGE('',*,*,#6284,.T.);
#6284 = EDGE_CURVE('',#6164,#6285,#6287,.T.);
#6285 = VERTEX_POINT('',#6286);
#6286 = CARTESIAN_POINT('',(848.35454611292,-30.,607.3622443469));
#6287 = SURFACE_CURVE('',#6288,(#6292,#6299),.PCURVE_S1.);
#6288 = LINE('',#6289,#6290);
#6289 = CARTESIAN_POINT('',(841.69814375822,-30.,602.9246427771));
#6290 = VECTOR('',#6291,1.);
#6291 = DIRECTION('',(0.832050294338,0.,0.554700196225));
#6292 = PCURVE('',#6214,#6293);
#6293 = DEFINITIONAL_REPRESENTATION('',(#6294),#6298);
#6294 = LINE('',#6295,#6296);
#6295 = CARTESIAN_POINT('',(0.,0.));
#6296 = VECTOR('',#6297,1.);
#6297 = DIRECTION('',(1.,0.));
#6298 = ( GEOMETRIC_REPRESENTATION_CONTEXT(2) 
PARAMETRIC_REPRESENTATION_CONTEXT() REPRESENTATION_CONTEXT('2D SPACE',''
  ) );
#6299 = PCURVE('',#6186,#6300);
#6300 = DEFINITIONAL_REPRESENTATION('',(#6301),#6305);
#6301 = LINE('',#6302,#6303);
#6302 = CARTESIAN_POINT('',(0.,0.));
#6303 = VECTOR('',#6304,1.);
#6304 = DIRECTION('',(0.,1.));
#6305 = ( GEOMETRIC_REPRESENTATION_CONTEXT(2) 
PARAMETRIC_REPRESENTATION_CONTEXT() REPRESENTATION_CONTEXT('2D SPACE',''
  ) );
#6306 = ORIENTED_EDGE('',*,*,#6307,.T.);
#6307 = EDGE_CURVE('',#6285,#6308,#6310,.T.);
#6308 = VERTEX_POINT('',#6309);
#6309 = CARTESIAN_POINT('',(848.35454611292,30.,607.3622443469));
#6310 = SURFACE_CURVE('',#6311,(#6315,#6322),.PCURVE_S1.);
#6311 = LINE('',#6312,#6313);
#6312 = CARTESIAN_POINT('',(848.35454611292,-30.,607.3622443469));
#6313 = VECTOR('',#6314,1.);
#6314 = DIRECTION('',(-0.,1.,0.));
#6315 = PCURVE('',#6214,#6316);
#6316 = DEFINITIONAL_REPRESENTATION('',(#6317),#6321);
#6317 = LINE('',#6318,#6319);
#6318 = CARTESIAN_POINT('',(8.,0.));
#6319 = VECTOR('',#6320,1.);
#6320 = DIRECTION('',(0.,1.));
#6321 = ( GEOMETRIC_REPRESENTATION_CONTEXT(2) 
PARAMETRIC_REPRESENTATION_CONTEXT() REPRESENTATION_CONTEXT('2D SPACE',''
  ) );
#6322 = PCURVE('',#6323,#6328);
#6323 = PLANE('',#6324);
#6324 = AXIS2_PLACEMENT_3D('',#6325,#6326,#6327);
#6325 = CARTESIAN_POINT('',(848.35454611292,-30.,607.3622443469));
#6326 = DIRECTION('',(0.832050294338,0.,0.554700196225));
#6327 = DIRECTION('',(-0.554700196225,0.,0.832050294338));
#6328 = DEFINITIONAL_REPRESENTATION('',(#6329),#6333);
#6329 = LINE('',#6330,#6331);
#6330 = CARTESIAN_POINT('',(0.,0.));
#6331 = VECTOR('',#6332,1.);
#6332 = DIRECTION('',(0.,-1.));
#6333 = ( GEOMETRIC_REPRESENTATION_CONTEXT(2) 
PARAMETRIC_REPRESENTATION_CONTEXT() REPRESENTATION_CONTEXT('2D SPACE',''
  ) );
#6334 = ORIENTED_EDGE('',*,*,#6335,.F.);
#6335 = EDGE_CURVE('',#6199,#6308,#6336,.T.);
#6336 = SURFACE_CURVE('',#6337,(#6341,#6348),.PCURVE_S1.);
#6337 = LINE('',#6338,#6339);
#6338 = CARTESIAN_POINT('',(841.69814375822,30.,602.9246427771));
#6339 = VECTOR('',#6340,1.);
#6340 = DIRECTION('',(0.832050294338,0.,0.554700196225));
#6341 = PCURVE('',#6214,#6342);
#6342 = DEFINITIONAL_REPRESENTATION('',(#6343),#6347);
#6343 = LINE('',#6344,#6345);
#6344 = CARTESIAN_POINT('',(0.,60.));
#6345 = VECTOR('',#6346,1.);
#6346 = DIRECTION('',(1.,0.));
#6347 = ( GEOMETRIC_REPRESENTATION_CONTEXT(2) 
PARAMETRIC_REPRESENTATION_CONTEXT() REPRESENTATION_CONTEXT('2D SPACE',''
  ) );
#6348 = PCURVE('',#6242,#6349);
#6349 = DEFINITIONAL_REPRESENTATION('',(#6350),#6354);
#6350 = LINE('',#6351,#6352);
#6351 = CARTESIAN_POINT('',(0.,0.));
#6352 = VECTOR('',#6353,1.);
#6353 = DIRECTION('',(0.,1.));
#6354 = ( GEOMETRIC_REPRESENTATION_CONTEXT(2) 
PARAMETRIC_REPRESENTATION_CONTEXT() REPRESENTATION_CONTEXT('2D SPACE',''
  ) );
#6355 = ADVANCED_FACE('',(#6356),#6323,.T.);
#6356 = FACE_BOUND('',#6357,.T.);
#6357 = EDGE_LOOP('',(#6358,#6381,#6382,#6405));
#6358 = ORIENTED_EDGE('',*,*,#6359,.F.);
#6359 = EDGE_CURVE('',#6285,#6360,#6362,.T.);
#6360 = VERTEX_POINT('',#6361);
#6361 = CARTESIAN_POINT('',(838.36994258087,-30.,622.33914964498));
#6362 = SURFACE_CURVE('',#6363,(#6367,#6374),.PCURVE_S1.);
#6363 = LINE('',#6364,#6365);
#6364 = CARTESIAN_POINT('',(848.35454611292,-30.,607.3622443469));
#6365 = VECTOR('',#6366,1.);
#6366 = DIRECTION('',(-0.554700196225,0.,0.832050294338));
#6367 = PCURVE('',#6323,#6368);
#6368 = DEFINITIONAL_REPRESENTATION('',(#6369),#6373);
#6369 = LINE('',#6370,#6371);
#6370 = CARTESIAN_POINT('',(0.,0.));
#6371 = VECTOR('',#6372,1.);
#6372 = DIRECTION('',(1.,0.));
#6373 = ( GEOMETRIC_REPRESENTATION_CONTEXT(2) 
PARAMETRIC_REPRESENTATION_CONTEXT() REPRESENTATION_CONTEXT('2D SPACE',''
  ) );
#6374 = PCURVE('',#6186,#6375);
#6375 = DEFINITIONAL_REPRESENTATION('',(#6376),#6380);
#6376 = LINE('',#6377,#6378);
#6377 = CARTESIAN_POINT('',(0.,8.));
#6378 = VECTOR('',#6379,1.);
#6379 = DIRECTION('',(1.,0.));
#6380 = ( GEOMETRIC_REPRESENTATION_CONTEXT(2) 
PARAMETRIC_REPRESENTATION_CONTEXT() REPRESENTATION_CONTEXT('2D SPACE',''
  ) );
#6381 = ORIENTED_EDGE('',*,*,#6307,.T.);
#6382 = ORIENTED_EDGE('',*,*,#6383,.T.);
#6383 = EDGE_CURVE('',#6308,#6384,#6386,.T.);
#6384 = VERTEX_POINT('',#6385);
#6385 = CARTESIAN_POINT('',(838.36994258087,30.,622.33914964498));
#6386 = SURFACE_CURVE('',#6387,(#6391,#6398),.PCURVE_S1.);
#6387 = LINE('',#6388,#6389);
#6388 = CARTESIAN_POINT('',(848.35454611292,30.,607.3622443469));
#6389 = VECTOR('',#6390,1.);
#6390 = DIRECTION('',(-0.554700196225,0.,0.832050294338));
#6391 = PCURVE('',#6323,#6392);
#6392 = DEFINITIONAL_REPRESENTATION('',(#6393),#6397);
#6393 = LINE('',#6394,#6395);
#6394 = CARTESIAN_POINT('',(0.,-60.));
#6395 = VECTOR('',#6396,1.);
#6396 = DIRECTION('',(1.,0.));
#6397 = ( GEOMETRIC_REPRESENTATION_CONTEXT(2) 
PARAMETRIC_REPRESENTATION_CONTEXT() REPRESENTATION_CONTEXT('2D SPACE',''
  ) );
#6398 = PCURVE('',#6242,#6399);
#6399 = DEFINITIONAL_REPRESENTATION('',(#6400),#6404);
#6400 = LINE('',#6401,#6402);
#6401 = CARTESIAN_POINT('',(0.,8.));
#6402 = VECTOR('',#6403,1.);
#6403 = DIRECTION('',(1.,0.));
#6404 = ( GEOMETRIC_REPRESENTATION_CONTEXT(2) 
PARAMETRIC_REPRESENTATION_CONTEXT() REPRESENTATION_CONTEXT('2D SPACE',''
  ) );
#6405 = ORIENTED_EDGE('',*,*,#6406,.F.);
#6406 = EDGE_CURVE('',#6360,#6384,#6407,.T.);
#6407 = SURFACE_CURVE('',#6408,(#6412,#6419),.PCURVE_S1.);
#6408 = LINE('',#6409,#6410);
#6409 = CARTESIAN_POINT('',(838.36994258087,-30.,622.33914964498));
#6410 = VECTOR('',#6411,1.);
#6411 = DIRECTION('',(-0.,1.,0.));
#6412 = PCURVE('',#6323,#6413);
#6413 = DEFINITIONAL_REPRESENTATION('',(#6414),#6418);
#6414 = LINE('',#6415,#6416);
#6415 = CARTESIAN_POINT('',(18.,0.));
#6416 = VECTOR('',#6417,1.);
#6417 = DIRECTION('',(0.,-1.));
#6418 = ( GEOMETRIC_REPRESENTATION_CONTEXT(2) 
PARAMETRIC_REPRESENTATION_CONTEXT() REPRESENTATION_CONTEXT('2D SPACE',''
  ) );
#6419 = PCURVE('',#6268,#6420);
#6420 = DEFINITIONAL_REPRESENTATION('',(#6421),#6425);
#6421 = LINE('',#6422,#6423);
#6422 = CARTESIAN_POINT('',(8.,0.));
#6423 = VECTOR('',#6424,1.);
#6424 = DIRECTION('',(0.,1.));
#6425 = ( GEOMETRIC_REPRESENTATION_CONTEXT(2) 
PARAMETRIC_REPRESENTATION_CONTEXT() REPRESENTATION_CONTEXT('2D SPACE',''
  ) );
#6426 = ADVANCED_FACE('',(#6427),#6242,.T.);
#6427 = FACE_BOUND('',#6428,.T.);
#6428 = EDGE_LOOP('',(#6429,#6430,#6431,#6452));
#6429 = ORIENTED_EDGE('',*,*,#6335,.F.);
#6430 = ORIENTED_EDGE('',*,*,#6226,.T.);
#6431 = ORIENTED_EDGE('',*,*,#6432,.T.);
#6432 = EDGE_CURVE('',#6227,#6384,#6433,.T.);
#6433 = SURFACE_CURVE('',#6434,(#6438,#6445),.PCURVE_S1.);
#6434 = LINE('',#6435,#6436);
#6435 = CARTESIAN_POINT('',(831.71354022617,30.,617.90154807518));
#6436 = VECTOR('',#6437,1.);
#6437 = DIRECTION('',(0.832050294338,0.,0.554700196225));
#6438 = PCURVE('',#6242,#6439);
#6439 = DEFINITIONAL_REPRESENTATION('',(#6440),#6444);
#6440 = LINE('',#6441,#6442);
#6441 = CARTESIAN_POINT('',(18.,0.));
#6442 = VECTOR('',#6443,1.);
#6443 = DIRECTION('',(0.,1.));
#6444 = ( GEOMETRIC_REPRESENTATION_CONTEXT(2) 
PARAMETRIC_REPRESENTATION_CONTEXT() REPRESENTATION_CONTEXT('2D SPACE',''
  ) );
#6445 = PCURVE('',#6268,#6446);
#6446 = DEFINITIONAL_REPRESENTATION('',(#6447),#6451);
#6447 = LINE('',#6448,#6449);
#6448 = CARTESIAN_POINT('',(0.,60.));
#6449 = VECTOR('',#6450,1.);
#6450 = DIRECTION('',(1.,0.));
#6451 = ( GEOMETRIC_REPRESENTATION_CONTEXT(2) 
PARAMETRIC_REPRESENTATION_CONTEXT() REPRESENTATION_CONTEXT('2D SPACE',''
  ) );
#6452 = ORIENTED_EDGE('',*,*,#6383,.F.);
#6453 = ADVANCED_FACE('',(#6454),#6268,.T.);
#6454 = FACE_BOUND('',#6455,.T.);
#6455 = EDGE_LOOP('',(#6456,#6457,#6478,#6479));
#6456 = ORIENTED_EDGE('',*,*,#6254,.F.);
#6457 = ORIENTED_EDGE('',*,*,#6458,.T.);
#6458 = EDGE_CURVE('',#6166,#6360,#6459,.T.);
#6459 = SURFACE_CURVE('',#6460,(#6464,#6471),.PCURVE_S1.);
#6460 = LINE('',#6461,#6462);
#6461 = CARTESIAN_POINT('',(831.71354022617,-30.,617.90154807518));
#6462 = VECTOR('',#6463,1.);
#6463 = DIRECTION('',(0.832050294338,0.,0.554700196225));
#6464 = PCURVE('',#6268,#6465);
#6465 = DEFINITIONAL_REPRESENTATION('',(#6466),#6470);
#6466 = LINE('',#6467,#6468);
#6467 = CARTESIAN_POINT('',(0.,0.));
#6468 = VECTOR('',#6469,1.);
#6469 = DIRECTION('',(1.,0.));
#6470 = ( GEOMETRIC_REPRESENTATION_CONTEXT(2) 
PARAMETRIC_REPRESENTATION_CONTEXT() REPRESENTATION_CONTEXT('2D SPACE',''
  ) );
#6471 = PCURVE('',#6186,#6472);
#6472 = DEFINITIONAL_REPRESENTATION('',(#6473),#6477);
#6473 = LINE('',#6474,#6475);
#6474 = CARTESIAN_POINT('',(18.,0.));
#6475 = VECTOR('',#6476,1.);
#6476 = DIRECTION('',(0.,1.));
#6477 = ( GEOMETRIC_REPRESENTATION_CONTEXT(2) 
PARAMETRIC_REPRESENTATION_CONTEXT() REPRESENTATION_CONTEXT('2D SPACE',''
  ) );
#6478 = ORIENTED_EDGE('',*,*,#6406,.T.);
#6479 = ORIENTED_EDGE('',*,*,#6432,.F.);
#6480 = ADVANCED_FACE('',(#6481),#6186,.F.);
#6481 = FACE_BOUND('',#6482,.F.);
#6482 = EDGE_LOOP('',(#6483,#6484,#6485,#6486));
#6483 = ORIENTED_EDGE('',*,*,#6284,.F.);
#6484 = ORIENTED_EDGE('',*,*,#6163,.T.);
#6485 = ORIENTED_EDGE('',*,*,#6458,.T.);
#6486 = ORIENTED_EDGE('',*,*,#6359,.F.);
#6487 = MANIFOLD_SOLID_BREP('',#6488);
#6488 = CLOSED_SHELL('',(#6489,#6609,#6709,#6756,#6803,#6810));
#6489 = ADVANCED_FACE('',(#6490),#6504,.F.);
#6490 = FACE_BOUND('',#6491,.F.);
#6491 = EDGE_LOOP('',(#6492,#6527,#6555,#6583));
#6492 = ORIENTED_EDGE('',*,*,#6493,.F.);
#6493 = EDGE_CURVE('',#6494,#6496,#6498,.T.);
#6494 = VERTEX_POINT('',#6495);
#6495 = CARTESIAN_POINT('',(490.57291954765,-35.,354.41895486819));
#6496 = VERTEX_POINT('',#6497);
#6497 = CARTESIAN_POINT('',(471.15841267977,-35.,383.54071517002));
#6498 = SURFACE_CURVE('',#6499,(#6503,#6515),.PCURVE_S1.);
#6499 = LINE('',#6500,#6501);
#6500 = CARTESIAN_POINT('',(490.57291954765,-35.,354.41895486819));
#6501 = VECTOR('',#6502,1.);
#6502 = DIRECTION('',(-0.554700196225,0.,0.832050294338));
#6503 = PCURVE('',#6504,#6509);
#6504 = PLANE('',#6505);
#6505 = AXIS2_PLACEMENT_3D('',#6506,#6507,#6508);
#6506 = CARTESIAN_POINT('',(490.57291954765,-35.,354.41895486819));
#6507 = DIRECTION('',(0.832050294338,0.,0.554700196225));
#6508 = DIRECTION('',(-0.554700196225,0.,0.832050294338));
#6509 = DEFINITIONAL_REPRESENTATION('',(#6510),#6514);
#6510 = LINE('',#6511,#6512);
#6511 = CARTESIAN_POINT('',(0.,0.));
#6512 = VECTOR('',#6513,1.);
#6513 = DIRECTION('',(1.,0.));
#6514 = ( GEOMETRIC_REPRESENTATION_CONTEXT(2) 
PARAMETRIC_REPRESENTATION_CONTEXT() REPRESENTATION_CONTEXT('2D SPACE',''
  ) );
#6515 = PCURVE('',#6516,#6521);
#6516 = PLANE('',#6517);
#6517 = AXIS2_PLACEMENT_3D('',#6518,#6519,#6520);
#6518 = CARTESIAN_POINT('',(490.57291954765,-35.,354.41895486819));
#6519 = DIRECTION('',(-0.,1.,0.));
#6520 = DIRECTION('',(-0.554700196225,0.,0.832050294338));
#6521 = DEFINITIONAL_REPRESENTATION('',(#6522),#6526);
#6522 = LINE('',#6523,#6524);
#6523 = CARTESIAN_POINT('',(0.,0.));
#6524 = VECTOR('',#6525,1.);
#6525 = DIRECTION('',(1.,0.));
#6526 = ( GEOMETRIC_REPRESENTATION_CONTEXT(2) 
PARAMETRIC_REPRESENTATION_CONTEXT() REPRESENTATION_CONTEXT('2D SPACE',''
  ) );
#6527 = ORIENTED_EDGE('',*,*,#6528,.T.);
#6528 = EDGE_CURVE('',#6494,#6529,#6531,.T.);
#6529 = VERTEX_POINT('',#6530);
#6530 = CARTESIAN_POINT('',(490.57291954765,35.,354.41895486819));
#6531 = SURFACE_CURVE('',#6532,(#6536,#6543),.PCURVE_S1.);
#6532 = LINE('',#6533,#6534);
#6533 = CARTESIAN_POINT('',(490.57291954765,-35.,354.41895486819));
#6534 = VECTOR('',#6535,1.);
#6535 = DIRECTION('',(-0.,1.,0.));
#6536 = PCURVE('',#6504,#6537);
#6537 = DEFINITIONAL_REPRESENTATION('',(#6538),#6542);
#6538 = LINE('',#6539,#6540);
#6539 = CARTESIAN_POINT('',(0.,0.));
#6540 = VECTOR('',#6541,1.);
#6541 = DIRECTION('',(0.,-1.));
#6542 = ( GEOMETRIC_REPRESENTATION_CONTEXT(2) 
PARAMETRIC_REPRESENTATION_CONTEXT() REPRESENTATION_CONTEXT('2D SPACE',''
  ) );
#6543 = PCURVE('',#6544,#6549);
#6544 = PLANE('',#6545);
#6545 = AXIS2_PLACEMENT_3D('',#6546,#6547,#6548);
#6546 = CARTESIAN_POINT('',(490.57291954765,-35.,354.41895486819));
#6547 = DIRECTION('',(-0.554700196225,0.,0.832050294338));
#6548 = DIRECTION('',(0.832050294338,0.,0.554700196225));
#6549 = DEFINITIONAL_REPRESENTATION('',(#6550),#6554);
#6550 = LINE('',#6551,#6552);
#6551 = CARTESIAN_POINT('',(0.,0.));
#6552 = VECTOR('',#6553,1.);
#6553 = DIRECTION('',(0.,1.));
#6554 = ( GEOMETRIC_REPRESENTATION_CONTEXT(2) 
PARAMETRIC_REPRESENTATION_CONTEXT() REPRESENTATION_CONTEXT('2D SPACE',''
  ) );
#6555 = ORIENTED_EDGE('',*,*,#6556,.T.);
#6556 = EDGE_CURVE('',#6529,#6557,#6559,.T.);
#6557 = VERTEX_POINT('',#6558);
#6558 = CARTESIAN_POINT('',(471.15841267977,35.,383.54071517002));
#6559 = SURFACE_CURVE('',#6560,(#6564,#6571),.PCURVE_S1.);
#6560 = LINE('',#6561,#6562);
#6561 = CARTESIAN_POINT('',(490.57291954765,35.,354.41895486819));
#6562 = VECTOR('',#6563,1.);
#6563 = DIRECTION('',(-0.554700196225,0.,0.832050294338));
#6564 = PCURVE('',#6504,#6565);
#6565 = DEFINITIONAL_REPRESENTATION('',(#6566),#6570);
#6566 = LINE('',#6567,#6568);
#6567 = CARTESIAN_POINT('',(0.,-70.));
#6568 = VECTOR('',#6569,1.);
#6569 = DIRECTION('',(1.,0.));
#6570 = ( GEOMETRIC_REPRESENTATION_CONTEXT(2) 
PARAMETRIC_REPRESENTATION_CONTEXT() REPRESENTATION_CONTEXT('2D SPACE',''
  ) );
#6571 = PCURVE('',#6572,#6577);
#6572 = PLANE('',#6573);
#6573 = AXIS2_PLACEMENT_3D('',#6574,#6575,#6576);
#6574 = CARTESIAN_POINT('',(490.57291954765,35.,354.41895486819));
#6575 = DIRECTION('',(-0.,1.,0.));
#6576 = DIRECTION('',(-0.554700196225,0.,0.832050294338));
#6577 = DEFINITIONAL_REPRESENTATION('',(#6578),#6582);
#6578 = LINE('',#6579,#6580);
#6579 = CARTESIAN_POINT('',(0.,0.));
#6580 = VECTOR('',#6581,1.);
#6581 = DIRECTION('',(1.,0.));
#6582 = ( GEOMETRIC_REPRESENTATION_CONTEXT(2) 
PARAMETRIC_REPRESENTATION_CONTEXT() REPRESENTATION_CONTEXT('2D SPACE',''
  ) );
#6583 = ORIENTED_EDGE('',*,*,#6584,.F.);
#6584 = EDGE_CURVE('',#6496,#6557,#6585,.T.);
#6585 = SURFACE_CURVE('',#6586,(#6590,#6597),.PCURVE_S1.);
#6586 = LINE('',#6587,#6588);
#6587 = CARTESIAN_POINT('',(471.15841267977,-35.,383.54071517002));
#6588 = VECTOR('',#6589,1.);
#6589 = DIRECTION('',(-0.,1.,0.));
#6590 = PCURVE('',#6504,#6591);
#6591 = DEFINITIONAL_REPRESENTATION('',(#6592),#6596);
#6592 = LINE('',#6593,#6594);
#6593 = CARTESIAN_POINT('',(35.,0.));
#6594 = VECTOR('',#6595,1.);
#6595 = DIRECTION('',(0.,-1.));
#6596 = ( GEOMETRIC_REPRESENTATION_CONTEXT(2) 
PARAMETRIC_REPRESENTATION_CONTEXT() REPRESENTATION_CONTEXT('2D SPACE',''
  ) );
#6597 = PCURVE('',#6598,#6603);
#6598 = PLANE('',#6599);
#6599 = AXIS2_PLACEMENT_3D('',#6600,#6601,#6602);
#6600 = CARTESIAN_POINT('',(471.15841267977,-35.,383.54071517002));
#6601 = DIRECTION('',(-0.554700196225,0.,0.832050294338));
#6602 = DIRECTION('',(0.832050294338,0.,0.554700196225));
#6603 = DEFINITIONAL_REPRESENTATION('',(#6604),#6608);
#6604 = LINE('',#6605,#6606);
#6605 = CARTESIAN_POINT('',(0.,0.));
#6606 = VECTOR('',#6607,1.);
#6607 = DIRECTION('',(0.,1.));
#6608 = ( GEOMETRIC_REPRESENTATION_CONTEXT(2) 
PARAMETRIC_REPRESENTATION_CONTEXT() REPRESENTATION_CONTEXT('2D SPACE',''
  ) );
#6609 = ADVANCED_FACE('',(#6610),#6624,.T.);
#6610 = FACE_BOUND('',#6611,.T.);
#6611 = EDGE_LOOP('',(#6612,#6642,#6665,#6688));
#6612 = ORIENTED_EDGE('',*,*,#6613,.F.);
#6613 = EDGE_CURVE('',#6614,#6616,#6618,.T.);
#6614 = VERTEX_POINT('',#6615);
#6615 = CARTESIAN_POINT('',(532.17543426454,-35.,382.15396467945));
#6616 = VERTEX_POINT('',#6617);
#6617 = CARTESIAN_POINT('',(512.76092739666,-35.,411.27572498128));
#6618 = SURFACE_CURVE('',#6619,(#6623,#6635),.PCURVE_S1.);
#6619 = LINE('',#6620,#6621);
#6620 = CARTESIAN_POINT('',(532.17543426454,-35.,382.15396467945));
#6621 = VECTOR('',#6622,1.);
#6622 = DIRECTION('',(-0.554700196225,0.,0.832050294338));
#6623 = PCURVE('',#6624,#6629);
#6624 = PLANE('',#6625);
#6625 = AXIS2_PLACEMENT_3D('',#6626,#6627,#6628);
#6626 = CARTESIAN_POINT('',(532.17543426454,-35.,382.15396467945));
#6627 = DIRECTION('',(0.832050294338,0.,0.554700196225));
#6628 = DIRECTION('',(-0.554700196225,0.,0.832050294338));
#6629 = DEFINITIONAL_REPRESENTATION('',(#6630),#6634);
#6630 = LINE('',#6631,#6632);
#6631 = CARTESIAN_POINT('',(0.,0.));
#6632 = VECTOR('',#6633,1.);
#6633 = DIRECTION('',(1.,0.));
#6634 = ( GEOMETRIC_REPRESENTATION_CONTEXT(2) 
PARAMETRIC_REPRESENTATION_CONTEXT() REPRESENTATION_CONTEXT('2D SPACE',''
  ) );
#6635 = PCURVE('',#6516,#6636);
#6636 = DEFINITIONAL_REPRESENTATION('',(#6637),#6641);
#6637 = LINE('',#6638,#6639);
#6638 = CARTESIAN_POINT('',(0.,50.));
#6639 = VECTOR('',#6640,1.);
#6640 = DIRECTION('',(1.,0.));
#6641 = ( GEOMETRIC_REPRESENTATION_CONTEXT(2) 
PARAMETRIC_REPRESENTATION_CONTEXT() REPRESENTATION_CONTEXT('2D SPACE',''
  ) );
#6642 = ORIENTED_EDGE('',*,*,#6643,.T.);
#6643 = EDGE_CURVE('',#6614,#6644,#6646,.T.);
#6644 = VERTEX_POINT('',#6645);
#6645 = CARTESIAN_POINT('',(532.17543426454,35.,382.15396467945));
#6646 = SURFACE_CURVE('',#6647,(#6651,#6658),.PCURVE_S1.);
#6647 = LINE('',#6648,#6649);
#6648 = CARTESIAN_POINT('',(532.17543426454,-35.,382.15396467945));
#6649 = VECTOR('',#6650,1.);
#6650 = DIRECTION('',(-0.,1.,0.));
#6651 = PCURVE('',#6624,#6652);
#6652 = DEFINITIONAL_REPRESENTATION('',(#6653),#6657);
#6653 = LINE('',#6654,#6655);
#6654 = CARTESIAN_POINT('',(0.,0.));
#6655 = VECTOR('',#6656,1.);
#6656 = DIRECTION('',(0.,-1.));
#6657 = ( GEOMETRIC_REPRESENTATION_CONTEXT(2) 
PARAMETRIC_REPRESENTATION_CONTEXT() REPRESENTATION_CONTEXT('2D SPACE',''
  ) );
#6658 = PCURVE('',#6544,#6659);
#6659 = DEFINITIONAL_REPRESENTATION('',(#6660),#6664);
#6660 = LINE('',#6661,#6662);
#6661 = CARTESIAN_POINT('',(50.,0.));
#6662 = VECTOR('',#6663,1.);
#6663 = DIRECTION('',(0.,1.));
#6664 = ( GEOMETRIC_REPRESENTATION_CONTEXT(2) 
PARAMETRIC_REPRESENTATION_CONTEXT() REPRESENTATION_CONTEXT('2D SPACE',''
  ) );
#6665 = ORIENTED_EDGE('',*,*,#6666,.T.);
#6666 = EDGE_CURVE('',#6644,#6667,#6669,.T.);
#6667 = VERTEX_POINT('',#6668);
#6668 = CARTESIAN_POINT('',(512.76092739666,35.,411.27572498128));
#6669 = SURFACE_CURVE('',#6670,(#6674,#6681),.PCURVE_S1.);
#6670 = LINE('',#6671,#6672);
#6671 = CARTESIAN_POINT('',(532.17543426454,35.,382.15396467945));
#6672 = VECTOR('',#6673,1.);
#6673 = DIRECTION('',(-0.554700196225,0.,0.832050294338));
#6674 = PCURVE('',#6624,#6675);
#6675 = DEFINITIONAL_REPRESENTATION('',(#6676),#6680);
#6676 = LINE('',#6677,#6678);
#6677 = CARTESIAN_POINT('',(0.,-70.));
#6678 = VECTOR('',#6679,1.);
#6679 = DIRECTION('',(1.,0.));
#6680 = ( GEOMETRIC_REPRESENTATION_CONTEXT(2) 
PARAMETRIC_REPRESENTATION_CONTEXT() REPRESENTATION_CONTEXT('2D SPACE',''
  ) );
#6681 = PCURVE('',#6572,#6682);
#6682 = DEFINITIONAL_REPRESENTATION('',(#6683),#6687);
#6683 = LINE('',#6684,#6685);
#6684 = CARTESIAN_POINT('',(0.,50.));
#6685 = VECTOR('',#6686,1.);
#6686 = DIRECTION('',(1.,0.));
#6687 = ( GEOMETRIC_REPRESENTATION_CONTEXT(2) 
PARAMETRIC_REPRESENTATION_CONTEXT() REPRESENTATION_CONTEXT('2D SPACE',''
  ) );
#6688 = ORIENTED_EDGE('',*,*,#6689,.F.);
#6689 = EDGE_CURVE('',#6616,#6667,#6690,.T.);
#6690 = SURFACE_CURVE('',#6691,(#6695,#6702),.PCURVE_S1.);
#6691 = LINE('',#6692,#6693);
#6692 = CARTESIAN_POINT('',(512.76092739666,-35.,411.27572498128));
#6693 = VECTOR('',#6694,1.);
#6694 = DIRECTION('',(-0.,1.,0.));
#6695 = PCURVE('',#6624,#6696);
#6696 = DEFINITIONAL_REPRESENTATION('',(#6697),#6701);
#6697 = LINE('',#6698,#6699);
#6698 = CARTESIAN_POINT('',(35.,0.));
#6699 = VECTOR('',#6700,1.);
#6700 = DIRECTION('',(0.,-1.));
#6701 = ( GEOMETRIC_REPRESENTATION_CONTEXT(2) 
PARAMETRIC_REPRESENTATION_CONTEXT() REPRESENTATION_CONTEXT('2D SPACE',''
  ) );
#6702 = PCURVE('',#6598,#6703);
#6703 = DEFINITIONAL_REPRESENTATION('',(#6704),#6708);
#6704 = LINE('',#6705,#6706);
#6705 = CARTESIAN_POINT('',(50.,0.));
#6706 = VECTOR('',#6707,1.);
#6707 = DIRECTION('',(0.,1.));
#6708 = ( GEOMETRIC_REPRESENTATION_CONTEXT(2) 
PARAMETRIC_REPRESENTATION_CONTEXT() REPRESENTATION_CONTEXT('2D SPACE',''
  ) );
#6709 = ADVANCED_FACE('',(#6710),#6516,.F.);
#6710 = FACE_BOUND('',#6711,.F.);
#6711 = EDGE_LOOP('',(#6712,#6733,#6734,#6755));
#6712 = ORIENTED_EDGE('',*,*,#6713,.F.);
#6713 = EDGE_CURVE('',#6494,#6614,#6714,.T.);
#6714 = SURFACE_CURVE('',#6715,(#6719,#6726),.PCURVE_S1.);
#6715 = LINE('',#6716,#6717);
#6716 = CARTESIAN_POINT('',(490.57291954765,-35.,354.41895486819));
#6717 = VECTOR('',#6718,1.);
#6718 = DIRECTION('',(0.832050294338,0.,0.554700196225));
#6719 = PCURVE('',#6516,#6720);
#6720 = DEFINITIONAL_REPRESENTATION('',(#6721),#6725);
#6721 = LINE('',#6722,#6723);
#6722 = CARTESIAN_POINT('',(0.,0.));
#6723 = VECTOR('',#6724,1.);
#6724 = DIRECTION('',(0.,1.));
#6725 = ( GEOMETRIC_REPRESENTATION_CONTEXT(2) 
PARAMETRIC_REPRESENTATION_CONTEXT() REPRESENTATION_CONTEXT('2D SPACE',''
  ) );
#6726 = PCURVE('',#6544,#6727);
#6727 = DEFINITIONAL_REPRESENTATION('',(#6728),#6732);
#6728 = LINE('',#6729,#6730);
#6729 = CARTESIAN_POINT('',(0.,0.));
#6730 = VECTOR('',#6731,1.);
#6731 = DIRECTION('',(1.,0.));
#6732 = ( GEOMETRIC_REPRESENTATION_CONTEXT(2) 
PARAMETRIC_REPRESENTATION_CONTEXT() REPRESENTATION_CONTEXT('2D SPACE',''
  ) );
#6733 = ORIENTED_EDGE('',*,*,#6493,.T.);
#6734 = ORIENTED_EDGE('',*,*,#6735,.T.);
#6735 = EDGE_CURVE('',#6496,#6616,#6736,.T.);
#6736 = SURFACE_CURVE('',#6737,(#6741,#6748),.PCURVE_S1.);
#6737 = LINE('',#6738,#6739);
#6738 = CARTESIAN_POINT('',(471.15841267977,-35.,383.54071517002));
#6739 = VECTOR('',#6740,1.);
#6740 = DIRECTION('',(0.832050294338,0.,0.554700196225));
#6741 = PCURVE('',#6516,#6742);
#6742 = DEFINITIONAL_REPRESENTATION('',(#6743),#6747);
#6743 = LINE('',#6744,#6745);
#6744 = CARTESIAN_POINT('',(35.,0.));
#6745 = VECTOR('',#6746,1.);
#6746 = DIRECTION('',(0.,1.));
#6747 = ( GEOMETRIC_REPRESENTATION_CONTEXT(2) 
PARAMETRIC_REPRESENTATION_CONTEXT() REPRESENTATION_CONTEXT('2D SPACE',''
  ) );
#6748 = PCURVE('',#6598,#6749);
#6749 = DEFINITIONAL_REPRESENTATION('',(#6750),#6754);
#6750 = LINE('',#6751,#6752);
#6751 = CARTESIAN_POINT('',(0.,0.));
#6752 = VECTOR('',#6753,1.);
#6753 = DIRECTION('',(1.,0.));
#6754 = ( GEOMETRIC_REPRESENTATION_CONTEXT(2) 
PARAMETRIC_REPRESENTATION_CONTEXT() REPRESENTATION_CONTEXT('2D SPACE',''
  ) );
#6755 = ORIENTED_EDGE('',*,*,#6613,.F.);
#6756 = ADVANCED_FACE('',(#6757),#6572,.T.);
#6757 = FACE_BOUND('',#6758,.T.);
#6758 = EDGE_LOOP('',(#6759,#6780,#6781,#6802));
#6759 = ORIENTED_EDGE('',*,*,#6760,.F.);
#6760 = EDGE_CURVE('',#6529,#6644,#6761,.T.);
#6761 = SURFACE_CURVE('',#6762,(#6766,#6773),.PCURVE_S1.);
#6762 = LINE('',#6763,#6764);
#6763 = CARTESIAN_POINT('',(490.57291954765,35.,354.41895486819));
#6764 = VECTOR('',#6765,1.);
#6765 = DIRECTION('',(0.832050294338,0.,0.554700196225));
#6766 = PCURVE('',#6572,#6767);
#6767 = DEFINITIONAL_REPRESENTATION('',(#6768),#6772);
#6768 = LINE('',#6769,#6770);
#6769 = CARTESIAN_POINT('',(0.,0.));
#6770 = VECTOR('',#6771,1.);
#6771 = DIRECTION('',(0.,1.));
#6772 = ( GEOMETRIC_REPRESENTATION_CONTEXT(2) 
PARAMETRIC_REPRESENTATION_CONTEXT() REPRESENTATION_CONTEXT('2D SPACE',''
  ) );
#6773 = PCURVE('',#6544,#6774);
#6774 = DEFINITIONAL_REPRESENTATION('',(#6775),#6779);
#6775 = LINE('',#6776,#6777);
#6776 = CARTESIAN_POINT('',(0.,70.));
#6777 = VECTOR('',#6778,1.);
#6778 = DIRECTION('',(1.,0.));
#6779 = ( GEOMETRIC_REPRESENTATION_CONTEXT(2) 
PARAMETRIC_REPRESENTATION_CONTEXT() REPRESENTATION_CONTEXT('2D SPACE',''
  ) );
#6780 = ORIENTED_EDGE('',*,*,#6556,.T.);
#6781 = ORIENTED_EDGE('',*,*,#6782,.T.);
#6782 = EDGE_CURVE('',#6557,#6667,#6783,.T.);
#6783 = SURFACE_CURVE('',#6784,(#6788,#6795),.PCURVE_S1.);
#6784 = LINE('',#6785,#6786);
#6785 = CARTESIAN_POINT('',(471.15841267977,35.,383.54071517002));
#6786 = VECTOR('',#6787,1.);
#6787 = DIRECTION('',(0.832050294338,0.,0.554700196225));
#6788 = PCURVE('',#6572,#6789);
#6789 = DEFINITIONAL_REPRESENTATION('',(#6790),#6794);
#6790 = LINE('',#6791,#6792);
#6791 = CARTESIAN_POINT('',(35.,0.));
#6792 = VECTOR('',#6793,1.);
#6793 = DIRECTION('',(0.,1.));
#6794 = ( GEOMETRIC_REPRESENTATION_CONTEXT(2) 
PARAMETRIC_REPRESENTATION_CONTEXT() REPRESENTATION_CONTEXT('2D SPACE',''
  ) );
#6795 = PCURVE('',#6598,#6796);
#6796 = DEFINITIONAL_REPRESENTATION('',(#6797),#6801);
#6797 = LINE('',#6798,#6799);
#6798 = CARTESIAN_POINT('',(0.,70.));
#6799 = VECTOR('',#6800,1.);
#6800 = DIRECTION('',(1.,0.));
#6801 = ( GEOMETRIC_REPRESENTATION_CONTEXT(2) 
PARAMETRIC_REPRESENTATION_CONTEXT() REPRESENTATION_CONTEXT('2D SPACE',''
  ) );
#6802 = ORIENTED_EDGE('',*,*,#6666,.F.);
#6803 = ADVANCED_FACE('',(#6804),#6544,.F.);
#6804 = FACE_BOUND('',#6805,.F.);
#6805 = EDGE_LOOP('',(#6806,#6807,#6808,#6809));
#6806 = ORIENTED_EDGE('',*,*,#6528,.F.);
#6807 = ORIENTED_EDGE('',*,*,#6713,.T.);
#6808 = ORIENTED_EDGE('',*,*,#6643,.T.);
#6809 = ORIENTED_EDGE('',*,*,#6760,.F.);
#6810 = ADVANCED_FACE('',(#6811),#6598,.T.);
#6811 = FACE_BOUND('',#6812,.T.);
#6812 = EDGE_LOOP('',(#6813,#6814,#6815,#6816));
#6813 = ORIENTED_EDGE('',*,*,#6584,.F.);
#6814 = ORIENTED_EDGE('',*,*,#6735,.T.);
#6815 = ORIENTED_EDGE('',*,*,#6689,.T.);
#6816 = ORIENTED_EDGE('',*,*,#6782,.F.);
#6817 = MANIFOLD_SOLID_BREP('',#6818);
#6818 = CLOSED_SHELL('',(#6819,#6907,#6942,#6972));
#6819 = ADVANCED_FACE('',(#6820),#6833,.T.);
#6820 = FACE_BOUND('',#6821,.T.);
#6821 = EDGE_LOOP('',(#6822,#6856,#6879,#6906));
#6822 = ORIENTED_EDGE('',*,*,#6823,.F.);
#6823 = EDGE_CURVE('',#6824,#6824,#6826,.T.);
#6824 = VERTEX_POINT('',#6825);
#6825 = CARTESIAN_POINT('',(468.,-62.,290.));
#6826 = SURFACE_CURVE('',#6827,(#6832,#6844),.PCURVE_S1.);
#6827 = CIRCLE('',#6828,38.);
#6828 = AXIS2_PLACEMENT_3D('',#6829,#6830,#6831);
#6829 = CARTESIAN_POINT('',(430.,-62.,290.));
#6830 = DIRECTION('',(0.,-1.,2.22044604925E-16));
#6831 = DIRECTION('',(1.,0.,0.));
#6832 = PCURVE('',#6833,#6838);
#6833 = CYLINDRICAL_SURFACE('',#6834,38.);
#6834 = AXIS2_PLACEMENT_3D('',#6835,#6836,#6837);
#6835 = CARTESIAN_POINT('',(430.,-54.,290.));
#6836 = DIRECTION('',(0.,-1.,2.22044604925E-16));
#6837 = DIRECTION('',(1.,0.,0.));
#6838 = DEFINITIONAL_REPRESENTATION('',(#6839),#6843);
#6839 = LINE('',#6840,#6841);
#6840 = CARTESIAN_POINT('',(0.,8.));
#6841 = VECTOR('',#6842,1.);
#6842 = DIRECTION('',(1.,0.));
#6843 = ( GEOMETRIC_REPRESENTATION_CONTEXT(2) 
PARAMETRIC_REPRESENTATION_CONTEXT() REPRESENTATION_CONTEXT('2D SPACE',''
  ) );
#6844 = PCURVE('',#6845,#6850);
#6845 = PLANE('',#6846);
#6846 = AXIS2_PLACEMENT_3D('',#6847,#6848,#6849);
#6847 = CARTESIAN_POINT('',(430.,-62.,290.));
#6848 = DIRECTION('',(0.,-1.,2.22044604925E-16));
#6849 = DIRECTION('',(1.,0.,0.));
#6850 = DEFINITIONAL_REPRESENTATION('',(#6851),#6855);
#6851 = CIRCLE('',#6852,38.);
#6852 = AXIS2_PLACEMENT_2D('',#6853,#6854);
#6853 = CARTESIAN_POINT('',(0.,0.));
#6854 = DIRECTION('',(1.,0.));
#6855 = ( GEOMETRIC_REPRESENTATION_CONTEXT(2) 
PARAMETRIC_REPRESENTATION_CONTEXT() REPRESENTATION_CONTEXT('2D SPACE',''
  ) );
#6856 = ORIENTED_EDGE('',*,*,#6857,.F.);
#6857 = EDGE_CURVE('',#6858,#6824,#6860,.T.);
#6858 = VERTEX_POINT('',#6859);
#6859 = CARTESIAN_POINT('',(468.,-54.,290.));
#6860 = SEAM_CURVE('',#6861,(#6865,#6872),.PCURVE_S1.);
#6861 = LINE('',#6862,#6863);
#6862 = CARTESIAN_POINT('',(468.,-54.,290.));
#6863 = VECTOR('',#6864,1.);
#6864 = DIRECTION('',(0.,-1.,2.22044604925E-16));
#6865 = PCURVE('',#6833,#6866);
#6866 = DEFINITIONAL_REPRESENTATION('',(#6867),#6871);
#6867 = LINE('',#6868,#6869);
#6868 = CARTESIAN_POINT('',(6.28318530718,-0.));
#6869 = VECTOR('',#6870,1.);
#6870 = DIRECTION('',(0.,1.));
#6871 = ( GEOMETRIC_REPRESENTATION_CONTEXT(2) 
PARAMETRIC_REPRESENTATION_CONTEXT() REPRESENTATION_CONTEXT('2D SPACE',''
  ) );
#6872 = PCURVE('',#6833,#6873);
#6873 = DEFINITIONAL_REPRESENTATION('',(#6874),#6878);
#6874 = LINE('',#6875,#6876);
#6875 = CARTESIAN_POINT('',(0.,-0.));
#6876 = VECTOR('',#6877,1.);
#6877 = DIRECTION('',(0.,1.));
#6878 = ( GEOMETRIC_REPRESENTATION_CONTEXT(2) 
PARAMETRIC_REPRESENTATION_CONTEXT() REPRESENTATION_CONTEXT('2D SPACE',''
  ) );
#6879 = ORIENTED_EDGE('',*,*,#6880,.T.);
#6880 = EDGE_CURVE('',#6858,#6858,#6881,.T.);
#6881 = SURFACE_CURVE('',#6882,(#6887,#6894),.PCURVE_S1.);
#6882 = CIRCLE('',#6883,38.);
#6883 = AXIS2_PLACEMENT_3D('',#6884,#6885,#6886);
#6884 = CARTESIAN_POINT('',(430.,-54.,290.));
#6885 = DIRECTION('',(0.,-1.,2.22044604925E-16));
#6886 = DIRECTION('',(1.,0.,0.));
#6887 = PCURVE('',#6833,#6888);
#6888 = DEFINITIONAL_REPRESENTATION('',(#6889),#6893);
#6889 = LINE('',#6890,#6891);
#6890 = CARTESIAN_POINT('',(0.,0.));
#6891 = VECTOR('',#6892,1.);
#6892 = DIRECTION('',(1.,0.));
#6893 = ( GEOMETRIC_REPRESENTATION_CONTEXT(2) 
PARAMETRIC_REPRESENTATION_CONTEXT() REPRESENTATION_CONTEXT('2D SPACE',''
  ) );
#6894 = PCURVE('',#6895,#6900);
#6895 = PLANE('',#6896);
#6896 = AXIS2_PLACEMENT_3D('',#6897,#6898,#6899);
#6897 = CARTESIAN_POINT('',(430.,-54.,290.));
#6898 = DIRECTION('',(0.,-1.,2.22044604925E-16));
#6899 = DIRECTION('',(1.,0.,0.));
#6900 = DEFINITIONAL_REPRESENTATION('',(#6901),#6905);
#6901 = CIRCLE('',#6902,38.);
#6902 = AXIS2_PLACEMENT_2D('',#6903,#6904);
#6903 = CARTESIAN_POINT('',(0.,0.));
#6904 = DIRECTION('',(1.,0.));
#6905 = ( GEOMETRIC_REPRESENTATION_CONTEXT(2) 
PARAMETRIC_REPRESENTATION_CONTEXT() REPRESENTATION_CONTEXT('2D SPACE',''
  ) );
#6906 = ORIENTED_EDGE('',*,*,#6857,.T.);
#6907 = ADVANCED_FACE('',(#6908,#6911),#6845,.T.);
#6908 = FACE_BOUND('',#6909,.T.);
#6909 = EDGE_LOOP('',(#6910));
#6910 = ORIENTED_EDGE('',*,*,#6823,.T.);
#6911 = FACE_BOUND('',#6912,.T.);
#6912 = EDGE_LOOP('',(#6913));
#6913 = ORIENTED_EDGE('',*,*,#6914,.F.);
#6914 = EDGE_CURVE('',#6915,#6915,#6917,.T.);
#6915 = VERTEX_POINT('',#6916);
#6916 = CARTESIAN_POINT('',(448.,-62.,290.));
#6917 = SURFACE_CURVE('',#6918,(#6923,#6930),.PCURVE_S1.);
#6918 = CIRCLE('',#6919,18.);
#6919 = AXIS2_PLACEMENT_3D('',#6920,#6921,#6922);
#6920 = CARTESIAN_POINT('',(430.,-62.,290.));
#6921 = DIRECTION('',(0.,-1.,2.22044604925E-16));
#6922 = DIRECTION('',(1.,0.,0.));
#6923 = PCURVE('',#6845,#6924);
#6924 = DEFINITIONAL_REPRESENTATION('',(#6925),#6929);
#6925 = CIRCLE('',#6926,18.);
#6926 = AXIS2_PLACEMENT_2D('',#6927,#6928);
#6927 = CARTESIAN_POINT('',(0.,0.));
#6928 = DIRECTION('',(1.,0.));
#6929 = ( GEOMETRIC_REPRESENTATION_CONTEXT(2) 
PARAMETRIC_REPRESENTATION_CONTEXT() REPRESENTATION_CONTEXT('2D SPACE',''
  ) );
#6930 = PCURVE('',#6931,#6936);
#6931 = CYLINDRICAL_SURFACE('',#6932,18.);
#6932 = AXIS2_PLACEMENT_3D('',#6933,#6934,#6935);
#6933 = CARTESIAN_POINT('',(430.,-53.,290.));
#6934 = DIRECTION('',(0.,-1.,2.22044604925E-16));
#6935 = DIRECTION('',(1.,0.,0.));
#6936 = DEFINITIONAL_REPRESENTATION('',(#6937),#6941);
#6937 = LINE('',#6938,#6939);
#6938 = CARTESIAN_POINT('',(0.,9.));
#6939 = VECTOR('',#6940,1.);
#6940 = DIRECTION('',(1.,0.));
#6941 = ( GEOMETRIC_REPRESENTATION_CONTEXT(2) 
PARAMETRIC_REPRESENTATION_CONTEXT() REPRESENTATION_CONTEXT('2D SPACE',''
  ) );
#6942 = ADVANCED_FACE('',(#6943,#6946),#6895,.F.);
#6943 = FACE_BOUND('',#6944,.F.);
#6944 = EDGE_LOOP('',(#6945));
#6945 = ORIENTED_EDGE('',*,*,#6880,.T.);
#6946 = FACE_BOUND('',#6947,.F.);
#6947 = EDGE_LOOP('',(#6948));
#6948 = ORIENTED_EDGE('',*,*,#6949,.F.);
#6949 = EDGE_CURVE('',#6950,#6950,#6952,.T.);
#6950 = VERTEX_POINT('',#6951);
#6951 = CARTESIAN_POINT('',(448.,-54.,290.));
#6952 = SURFACE_CURVE('',#6953,(#6958,#6965),.PCURVE_S1.);
#6953 = CIRCLE('',#6954,18.);
#6954 = AXIS2_PLACEMENT_3D('',#6955,#6956,#6957);
#6955 = CARTESIAN_POINT('',(430.,-54.,290.));
#6956 = DIRECTION('',(0.,-1.,2.22044604925E-16));
#6957 = DIRECTION('',(1.,0.,0.));
#6958 = PCURVE('',#6895,#6959);
#6959 = DEFINITIONAL_REPRESENTATION('',(#6960),#6964);
#6960 = CIRCLE('',#6961,18.);
#6961 = AXIS2_PLACEMENT_2D('',#6962,#6963);
#6962 = CARTESIAN_POINT('',(0.,0.));
#6963 = DIRECTION('',(1.,0.));
#6964 = ( GEOMETRIC_REPRESENTATION_CONTEXT(2) 
PARAMETRIC_REPRESENTATION_CONTEXT() REPRESENTATION_CONTEXT('2D SPACE',''
  ) );
#6965 = PCURVE('',#6931,#6966);
#6966 = DEFINITIONAL_REPRESENTATION('',(#6967),#6971);
#6967 = LINE('',#6968,#6969);
#6968 = CARTESIAN_POINT('',(0.,1.));
#6969 = VECTOR('',#6970,1.);
#6970 = DIRECTION('',(1.,0.));
#6971 = ( GEOMETRIC_REPRESENTATION_CONTEXT(2) 
PARAMETRIC_REPRESENTATION_CONTEXT() REPRESENTATION_CONTEXT('2D SPACE',''
  ) );
#6972 = ADVANCED_FACE('',(#6973),#6931,.F.);
#6973 = FACE_BOUND('',#6974,.F.);
#6974 = EDGE_LOOP('',(#6975,#6976,#6997,#6998));
#6975 = ORIENTED_EDGE('',*,*,#6914,.F.);
#6976 = ORIENTED_EDGE('',*,*,#6977,.F.);
#6977 = EDGE_CURVE('',#6950,#6915,#6978,.T.);
#6978 = SEAM_CURVE('',#6979,(#6983,#6990),.PCURVE_S1.);
#6979 = LINE('',#6980,#6981);
#6980 = CARTESIAN_POINT('',(448.,-53.,290.));
#6981 = VECTOR('',#6982,1.);
#6982 = DIRECTION('',(0.,-1.,2.22044604925E-16));
#6983 = PCURVE('',#6931,#6984);
#6984 = DEFINITIONAL_REPRESENTATION('',(#6985),#6989);
#6985 = LINE('',#6986,#6987);
#6986 = CARTESIAN_POINT('',(6.28318530718,-0.));
#6987 = VECTOR('',#6988,1.);
#6988 = DIRECTION('',(0.,1.));
#6989 = ( GEOMETRIC_REPRESENTATION_CONTEXT(2) 
PARAMETRIC_REPRESENTATION_CONTEXT() REPRESENTATION_CONTEXT('2D SPACE',''
  ) );
#6990 = PCURVE('',#6931,#6991);
#6991 = DEFINITIONAL_REPRESENTATION('',(#6992),#6996);
#6992 = LINE('',#6993,#6994);
#6993 = CARTESIAN_POINT('',(0.,-0.));
#6994 = VECTOR('',#6995,1.);
#6995 = DIRECTION('',(0.,1.));
#6996 = ( GEOMETRIC_REPRESENTATION_CONTEXT(2) 
PARAMETRIC_REPRESENTATION_CONTEXT() REPRESENTATION_CONTEXT('2D SPACE',''
  ) );
#6997 = ORIENTED_EDGE('',*,*,#6949,.T.);
#6998 = ORIENTED_EDGE('',*,*,#6977,.T.);
#6999 = MANIFOLD_SOLID_BREP('',#7000);
#7000 = CLOSED_SHELL('',(#7001,#7121,#7221,#7268,#7315,#7322));
#7001 = ADVANCED_FACE('',(#7002),#7016,.F.);
#7002 = FACE_BOUND('',#7003,.F.);
#7003 = EDGE_LOOP('',(#7004,#7039,#7067,#7095));
#7004 = ORIENTED_EDGE('',*,*,#7005,.F.);
#7005 = EDGE_CURVE('',#7006,#7008,#7010,.T.);
#7006 = VERTEX_POINT('',#7007);
#7007 = CARTESIAN_POINT('',(922.5,-142.5,960.));
#7008 = VERTEX_POINT('',#7009);
#7009 = CARTESIAN_POINT('',(922.5,-142.5,990.));
#7010 = SURFACE_CURVE('',#7011,(#7015,#7027),.PCURVE_S1.);
#7011 = LINE('',#7012,#7013);
#7012 = CARTESIAN_POINT('',(922.5,-142.5,960.));
#7013 = VECTOR('',#7014,1.);
#7014 = DIRECTION('',(0.,0.,1.));
#7015 = PCURVE('',#7016,#7021);
#7016 = PLANE('',#7017);
#7017 = AXIS2_PLACEMENT_3D('',#7018,#7019,#7020);
#7018 = CARTESIAN_POINT('',(922.5,-142.5,960.));
#7019 = DIRECTION('',(1.,0.,-0.));
#7020 = DIRECTION('',(0.,0.,1.));
#7021 = DEFINITIONAL_REPRESENTATION('',(#7022),#7026);
#7022 = LINE('',#7023,#7024);
#7023 = CARTESIAN_POINT('',(0.,0.));
#7024 = VECTOR('',#7025,1.);
#7025 = DIRECTION('',(1.,0.));
#7026 = ( GEOMETRIC_REPRESENTATION_CONTEXT(2) 
PARAMETRIC_REPRESENTATION_CONTEXT() REPRESENTATION_CONTEXT('2D SPACE',''
  ) );
#7027 = PCURVE('',#7028,#7033);
#7028 = PLANE('',#7029);
#7029 = AXIS2_PLACEMENT_3D('',#7030,#7031,#7032);
#7030 = CARTESIAN_POINT('',(922.5,-142.5,960.));
#7031 = DIRECTION('',(-0.,1.,0.));
#7032 = DIRECTION('',(0.,0.,1.));
#7033 = DEFINITIONAL_REPRESENTATION('',(#7034),#7038);
#7034 = LINE('',#7035,#7036);
#7035 = CARTESIAN_POINT('',(0.,0.));
#7036 = VECTOR('',#7037,1.);
#7037 = DIRECTION('',(1.,0.));
#7038 = ( GEOMETRIC_REPRESENTATION_CONTEXT(2) 
PARAMETRIC_REPRESENTATION_CONTEXT() REPRESENTATION_CONTEXT('2D SPACE',''
  ) );
#7039 = ORIENTED_EDGE('',*,*,#7040,.T.);
#7040 = EDGE_CURVE('',#7006,#7041,#7043,.T.);
#7041 = VERTEX_POINT('',#7042);
#7042 = CARTESIAN_POINT('',(922.5,-97.5,960.));
#7043 = SURFACE_CURVE('',#7044,(#7048,#7055),.PCURVE_S1.);
#7044 = LINE('',#7045,#7046);
#7045 = CARTESIAN_POINT('',(922.5,-142.5,960.));
#7046 = VECTOR('',#7047,1.);
#7047 = DIRECTION('',(-0.,1.,0.));
#7048 = PCURVE('',#7016,#7049);
#7049 = DEFINITIONAL_REPRESENTATION('',(#7050),#7054);
#7050 = LINE('',#7051,#7052);
#7051 = CARTESIAN_POINT('',(0.,0.));
#7052 = VECTOR('',#7053,1.);
#7053 = DIRECTION('',(0.,-1.));
#7054 = ( GEOMETRIC_REPRESENTATION_CONTEXT(2) 
PARAMETRIC_REPRESENTATION_CONTEXT() REPRESENTATION_CONTEXT('2D SPACE',''
  ) );
#7055 = PCURVE('',#7056,#7061);
#7056 = PLANE('',#7057);
#7057 = AXIS2_PLACEMENT_3D('',#7058,#7059,#7060);
#7058 = CARTESIAN_POINT('',(922.5,-142.5,960.));
#7059 = DIRECTION('',(0.,0.,1.));
#7060 = DIRECTION('',(1.,0.,-0.));
#7061 = DEFINITIONAL_REPRESENTATION('',(#7062),#7066);
#7062 = LINE('',#7063,#7064);
#7063 = CARTESIAN_POINT('',(0.,0.));
#7064 = VECTOR('',#7065,1.);
#7065 = DIRECTION('',(0.,1.));
#7066 = ( GEOMETRIC_REPRESENTATION_CONTEXT(2) 
PARAMETRIC_REPRESENTATION_CONTEXT() REPRESENTATION_CONTEXT('2D SPACE',''
  ) );
#7067 = ORIENTED_EDGE('',*,*,#7068,.T.);
#7068 = EDGE_CURVE('',#7041,#7069,#7071,.T.);
#7069 = VERTEX_POINT('',#7070);
#7070 = CARTESIAN_POINT('',(922.5,-97.5,990.));
#7071 = SURFACE_CURVE('',#7072,(#7076,#7083),.PCURVE_S1.);
#7072 = LINE('',#7073,#7074);
#7073 = CARTESIAN_POINT('',(922.5,-97.5,960.));
#7074 = VECTOR('',#7075,1.);
#7075 = DIRECTION('',(0.,0.,1.));
#7076 = PCURVE('',#7016,#7077);
#7077 = DEFINITIONAL_REPRESENTATION('',(#7078),#7082);
#7078 = LINE('',#7079,#7080);
#7079 = CARTESIAN_POINT('',(0.,-45.));
#7080 = VECTOR('',#7081,1.);
#7081 = DIRECTION('',(1.,0.));
#7082 = ( GEOMETRIC_REPRESENTATION_CONTEXT(2) 
PARAMETRIC_REPRESENTATION_CONTEXT() REPRESENTATION_CONTEXT('2D SPACE',''
  ) );
#7083 = PCURVE('',#7084,#7089);
#7084 = PLANE('',#7085);
#7085 = AXIS2_PLACEMENT_3D('',#7086,#7087,#7088);
#7086 = CARTESIAN_POINT('',(922.5,-97.5,960.));
#7087 = DIRECTION('',(-0.,1.,0.));
#7088 = DIRECTION('',(0.,0.,1.));
#7089 = DEFINITIONAL_REPRESENTATION('',(#7090),#7094);
#7090 = LINE('',#7091,#7092);
#7091 = CARTESIAN_POINT('',(0.,0.));
#7092 = VECTOR('',#7093,1.);
#7093 = DIRECTION('',(1.,0.));
#7094 = ( GEOMETRIC_REPRESENTATION_CONTEXT(2) 
PARAMETRIC_REPRESENTATION_CONTEXT() REPRESENTATION_CONTEXT('2D SPACE',''
  ) );
#7095 = ORIENTED_EDGE('',*,*,#7096,.F.);
#7096 = EDGE_CURVE('',#7008,#7069,#7097,.T.);
#7097 = SURFACE_CURVE('',#7098,(#7102,#7109),.PCURVE_S1.);
#7098 = LINE('',#7099,#7100);
#7099 = CARTESIAN_POINT('',(922.5,-142.5,990.));
#7100 = VECTOR('',#7101,1.);
#7101 = DIRECTION('',(-0.,1.,0.));
#7102 = PCURVE('',#7016,#7103);
#7103 = DEFINITIONAL_REPRESENTATION('',(#7104),#7108);
#7104 = LINE('',#7105,#7106);
#7105 = CARTESIAN_POINT('',(30.,0.));
#7106 = VECTOR('',#7107,1.);
#7107 = DIRECTION('',(0.,-1.));
#7108 = ( GEOMETRIC_REPRESENTATION_CONTEXT(2) 
PARAMETRIC_REPRESENTATION_CONTEXT() REPRESENTATION_CONTEXT('2D SPACE',''
  ) );
#7109 = PCURVE('',#7110,#7115);
#7110 = PLANE('',#7111);
#7111 = AXIS2_PLACEMENT_3D('',#7112,#7113,#7114);
#7112 = CARTESIAN_POINT('',(922.5,-142.5,990.));
#7113 = DIRECTION('',(0.,0.,1.));
#7114 = DIRECTION('',(1.,0.,-0.));
#7115 = DEFINITIONAL_REPRESENTATION('',(#7116),#7120);
#7116 = LINE('',#7117,#7118);
#7117 = CARTESIAN_POINT('',(0.,0.));
#7118 = VECTOR('',#7119,1.);
#7119 = DIRECTION('',(0.,1.));
#7120 = ( GEOMETRIC_REPRESENTATION_CONTEXT(2) 
PARAMETRIC_REPRESENTATION_CONTEXT() REPRESENTATION_CONTEXT('2D SPACE',''
  ) );
#7121 = ADVANCED_FACE('',(#7122),#7136,.T.);
#7122 = FACE_BOUND('',#7123,.T.);
#7123 = EDGE_LOOP('',(#7124,#7154,#7177,#7200));
#7124 = ORIENTED_EDGE('',*,*,#7125,.F.);
#7125 = EDGE_CURVE('',#7126,#7128,#7130,.T.);
#7126 = VERTEX_POINT('',#7127);
#7127 = CARTESIAN_POINT('',(977.5,-142.5,960.));
#7128 = VERTEX_POINT('',#7129);
#7129 = CARTESIAN_POINT('',(977.5,-142.5,990.));
#7130 = SURFACE_CURVE('',#7131,(#7135,#7147),.PCURVE_S1.);
#7131 = LINE('',#7132,#7133);
#7132 = CARTESIAN_POINT('',(977.5,-142.5,960.));
#7133 = VECTOR('',#7134,1.);
#7134 = DIRECTION('',(0.,0.,1.));
#7135 = PCURVE('',#7136,#7141);
#7136 = PLANE('',#7137);
#7137 = AXIS2_PLACEMENT_3D('',#7138,#7139,#7140);
#7138 = CARTESIAN_POINT('',(977.5,-142.5,960.));
#7139 = DIRECTION('',(1.,0.,-0.));
#7140 = DIRECTION('',(0.,0.,1.));
#7141 = DEFINITIONAL_REPRESENTATION('',(#7142),#7146);
#7142 = LINE('',#7143,#7144);
#7143 = CARTESIAN_POINT('',(0.,0.));
#7144 = VECTOR('',#7145,1.);
#7145 = DIRECTION('',(1.,0.));
#7146 = ( GEOMETRIC_REPRESENTATION_CONTEXT(2) 
PARAMETRIC_REPRESENTATION_CONTEXT() REPRESENTATION_CONTEXT('2D SPACE',''
  ) );
#7147 = PCURVE('',#7028,#7148);
#7148 = DEFINITIONAL_REPRESENTATION('',(#7149),#7153);
#7149 = LINE('',#7150,#7151);
#7150 = CARTESIAN_POINT('',(0.,55.));
#7151 = VECTOR('',#7152,1.);
#7152 = DIRECTION('',(1.,0.));
#7153 = ( GEOMETRIC_REPRESENTATION_CONTEXT(2) 
PARAMETRIC_REPRESENTATION_CONTEXT() REPRESENTATION_CONTEXT('2D SPACE',''
  ) );
#7154 = ORIENTED_EDGE('',*,*,#7155,.T.);
#7155 = EDGE_CURVE('',#7126,#7156,#7158,.T.);
#7156 = VERTEX_POINT('',#7157);
#7157 = CARTESIAN_POINT('',(977.5,-97.5,960.));
#7158 = SURFACE_CURVE('',#7159,(#7163,#7170),.PCURVE_S1.);
#7159 = LINE('',#7160,#7161);
#7160 = CARTESIAN_POINT('',(977.5,-142.5,960.));
#7161 = VECTOR('',#7162,1.);
#7162 = DIRECTION('',(-0.,1.,0.));
#7163 = PCURVE('',#7136,#7164);
#7164 = DEFINITIONAL_REPRESENTATION('',(#7165),#7169);
#7165 = LINE('',#7166,#7167);
#7166 = CARTESIAN_POINT('',(0.,0.));
#7167 = VECTOR('',#7168,1.);
#7168 = DIRECTION('',(0.,-1.));
#7169 = ( GEOMETRIC_REPRESENTATION_CONTEXT(2) 
PARAMETRIC_REPRESENTATION_CONTEXT() REPRESENTATION_CONTEXT('2D SPACE',''
  ) );
#7170 = PCURVE('',#7056,#7171);
#7171 = DEFINITIONAL_REPRESENTATION('',(#7172),#7176);
#7172 = LINE('',#7173,#7174);
#7173 = CARTESIAN_POINT('',(55.,0.));
#7174 = VECTOR('',#7175,1.);
#7175 = DIRECTION('',(0.,1.));
#7176 = ( GEOMETRIC_REPRESENTATION_CONTEXT(2) 
PARAMETRIC_REPRESENTATION_CONTEXT() REPRESENTATION_CONTEXT('2D SPACE',''
  ) );
#7177 = ORIENTED_EDGE('',*,*,#7178,.T.);
#7178 = EDGE_CURVE('',#7156,#7179,#7181,.T.);
#7179 = VERTEX_POINT('',#7180);
#7180 = CARTESIAN_POINT('',(977.5,-97.5,990.));
#7181 = SURFACE_CURVE('',#7182,(#7186,#7193),.PCURVE_S1.);
#7182 = LINE('',#7183,#7184);
#7183 = CARTESIAN_POINT('',(977.5,-97.5,960.));
#7184 = VECTOR('',#7185,1.);
#7185 = DIRECTION('',(0.,0.,1.));
#7186 = PCURVE('',#7136,#7187);
#7187 = DEFINITIONAL_REPRESENTATION('',(#7188),#7192);
#7188 = LINE('',#7189,#7190);
#7189 = CARTESIAN_POINT('',(0.,-45.));
#7190 = VECTOR('',#7191,1.);
#7191 = DIRECTION('',(1.,0.));
#7192 = ( GEOMETRIC_REPRESENTATION_CONTEXT(2) 
PARAMETRIC_REPRESENTATION_CONTEXT() REPRESENTATION_CONTEXT('2D SPACE',''
  ) );
#7193 = PCURVE('',#7084,#7194);
#7194 = DEFINITIONAL_REPRESENTATION('',(#7195),#7199);
#7195 = LINE('',#7196,#7197);
#7196 = CARTESIAN_POINT('',(0.,55.));
#7197 = VECTOR('',#7198,1.);
#7198 = DIRECTION('',(1.,0.));
#7199 = ( GEOMETRIC_REPRESENTATION_CONTEXT(2) 
PARAMETRIC_REPRESENTATION_CONTEXT() REPRESENTATION_CONTEXT('2D SPACE',''
  ) );
#7200 = ORIENTED_EDGE('',*,*,#7201,.F.);
#7201 = EDGE_CURVE('',#7128,#7179,#7202,.T.);
#7202 = SURFACE_CURVE('',#7203,(#7207,#7214),.PCURVE_S1.);
#7203 = LINE('',#7204,#7205);
#7204 = CARTESIAN_POINT('',(977.5,-142.5,990.));
#7205 = VECTOR('',#7206,1.);
#7206 = DIRECTION('',(-0.,1.,0.));
#7207 = PCURVE('',#7136,#7208);
#7208 = DEFINITIONAL_REPRESENTATION('',(#7209),#7213);
#7209 = LINE('',#7210,#7211);
#7210 = CARTESIAN_POINT('',(30.,0.));
#7211 = VECTOR('',#7212,1.);
#7212 = DIRECTION('',(0.,-1.));
#7213 = ( GEOMETRIC_REPRESENTATION_CONTEXT(2) 
PARAMETRIC_REPRESENTATION_CONTEXT() REPRESENTATION_CONTEXT('2D SPACE',''
  ) );
#7214 = PCURVE('',#7110,#7215);
#7215 = DEFINITIONAL_REPRESENTATION('',(#7216),#7220);
#7216 = LINE('',#7217,#7218);
#7217 = CARTESIAN_POINT('',(55.,0.));
#7218 = VECTOR('',#7219,1.);
#7219 = DIRECTION('',(0.,1.));
#7220 = ( GEOMETRIC_REPRESENTATION_CONTEXT(2) 
PARAMETRIC_REPRESENTATION_CONTEXT() REPRESENTATION_CONTEXT('2D SPACE',''
  ) );
#7221 = ADVANCED_FACE('',(#7222),#7028,.F.);
#7222 = FACE_BOUND('',#7223,.F.);
#7223 = EDGE_LOOP('',(#7224,#7245,#7246,#7267));
#7224 = ORIENTED_EDGE('',*,*,#7225,.F.);
#7225 = EDGE_CURVE('',#7006,#7126,#7226,.T.);
#7226 = SURFACE_CURVE('',#7227,(#7231,#7238),.PCURVE_S1.);
#7227 = LINE('',#7228,#7229);
#7228 = CARTESIAN_POINT('',(922.5,-142.5,960.));
#7229 = VECTOR('',#7230,1.);
#7230 = DIRECTION('',(1.,0.,-0.));
#7231 = PCURVE('',#7028,#7232);
#7232 = DEFINITIONAL_REPRESENTATION('',(#7233),#7237);
#7233 = LINE('',#7234,#7235);
#7234 = CARTESIAN_POINT('',(0.,0.));
#7235 = VECTOR('',#7236,1.);
#7236 = DIRECTION('',(0.,1.));
#7237 = ( GEOMETRIC_REPRESENTATION_CONTEXT(2) 
PARAMETRIC_REPRESENTATION_CONTEXT() REPRESENTATION_CONTEXT('2D SPACE',''
  ) );
#7238 = PCURVE('',#7056,#7239);
#7239 = DEFINITIONAL_REPRESENTATION('',(#7240),#7244);
#7240 = LINE('',#7241,#7242);
#7241 = CARTESIAN_POINT('',(0.,0.));
#7242 = VECTOR('',#7243,1.);
#7243 = DIRECTION('',(1.,0.));
#7244 = ( GEOMETRIC_REPRESENTATION_CONTEXT(2) 
PARAMETRIC_REPRESENTATION_CONTEXT() REPRESENTATION_CONTEXT('2D SPACE',''
  ) );
#7245 = ORIENTED_EDGE('',*,*,#7005,.T.);
#7246 = ORIENTED_EDGE('',*,*,#7247,.T.);
#7247 = EDGE_CURVE('',#7008,#7128,#7248,.T.);
#7248 = SURFACE_CURVE('',#7249,(#7253,#7260),.PCURVE_S1.);
#7249 = LINE('',#7250,#7251);
#7250 = CARTESIAN_POINT('',(922.5,-142.5,990.));
#7251 = VECTOR('',#7252,1.);
#7252 = DIRECTION('',(1.,0.,-0.));
#7253 = PCURVE('',#7028,#7254);
#7254 = DEFINITIONAL_REPRESENTATION('',(#7255),#7259);
#7255 = LINE('',#7256,#7257);
#7256 = CARTESIAN_POINT('',(30.,0.));
#7257 = VECTOR('',#7258,1.);
#7258 = DIRECTION('',(0.,1.));
#7259 = ( GEOMETRIC_REPRESENTATION_CONTEXT(2) 
PARAMETRIC_REPRESENTATION_CONTEXT() REPRESENTATION_CONTEXT('2D SPACE',''
  ) );
#7260 = PCURVE('',#7110,#7261);
#7261 = DEFINITIONAL_REPRESENTATION('',(#7262),#7266);
#7262 = LINE('',#7263,#7264);
#7263 = CARTESIAN_POINT('',(0.,0.));
#7264 = VECTOR('',#7265,1.);
#7265 = DIRECTION('',(1.,0.));
#7266 = ( GEOMETRIC_REPRESENTATION_CONTEXT(2) 
PARAMETRIC_REPRESENTATION_CONTEXT() REPRESENTATION_CONTEXT('2D SPACE',''
  ) );
#7267 = ORIENTED_EDGE('',*,*,#7125,.F.);
#7268 = ADVANCED_FACE('',(#7269),#7084,.T.);
#7269 = FACE_BOUND('',#7270,.T.);
#7270 = EDGE_LOOP('',(#7271,#7292,#7293,#7314));
#7271 = ORIENTED_EDGE('',*,*,#7272,.F.);
#7272 = EDGE_CURVE('',#7041,#7156,#7273,.T.);
#7273 = SURFACE_CURVE('',#7274,(#7278,#7285),.PCURVE_S1.);
#7274 = LINE('',#7275,#7276);
#7275 = CARTESIAN_POINT('',(922.5,-97.5,960.));
#7276 = VECTOR('',#7277,1.);
#7277 = DIRECTION('',(1.,0.,-0.));
#7278 = PCURVE('',#7084,#7279);
#7279 = DEFINITIONAL_REPRESENTATION('',(#7280),#7284);
#7280 = LINE('',#7281,#7282);
#7281 = CARTESIAN_POINT('',(0.,0.));
#7282 = VECTOR('',#7283,1.);
#7283 = DIRECTION('',(0.,1.));
#7284 = ( GEOMETRIC_REPRESENTATION_CONTEXT(2) 
PARAMETRIC_REPRESENTATION_CONTEXT() REPRESENTATION_CONTEXT('2D SPACE',''
  ) );
#7285 = PCURVE('',#7056,#7286);
#7286 = DEFINITIONAL_REPRESENTATION('',(#7287),#7291);
#7287 = LINE('',#7288,#7289);
#7288 = CARTESIAN_POINT('',(0.,45.));
#7289 = VECTOR('',#7290,1.);
#7290 = DIRECTION('',(1.,0.));
#7291 = ( GEOMETRIC_REPRESENTATION_CONTEXT(2) 
PARAMETRIC_REPRESENTATION_CONTEXT() REPRESENTATION_CONTEXT('2D SPACE',''
  ) );
#7292 = ORIENTED_EDGE('',*,*,#7068,.T.);
#7293 = ORIENTED_EDGE('',*,*,#7294,.T.);
#7294 = EDGE_CURVE('',#7069,#7179,#7295,.T.);
#7295 = SURFACE_CURVE('',#7296,(#7300,#7307),.PCURVE_S1.);
#7296 = LINE('',#7297,#7298);
#7297 = CARTESIAN_POINT('',(922.5,-97.5,990.));
#7298 = VECTOR('',#7299,1.);
#7299 = DIRECTION('',(1.,0.,-0.));
#7300 = PCURVE('',#7084,#7301);
#7301 = DEFINITIONAL_REPRESENTATION('',(#7302),#7306);
#7302 = LINE('',#7303,#7304);
#7303 = CARTESIAN_POINT('',(30.,0.));
#7304 = VECTOR('',#7305,1.);
#7305 = DIRECTION('',(0.,1.));
#7306 = ( GEOMETRIC_REPRESENTATION_CONTEXT(2) 
PARAMETRIC_REPRESENTATION_CONTEXT() REPRESENTATION_CONTEXT('2D SPACE',''
  ) );
#7307 = PCURVE('',#7110,#7308);
#7308 = DEFINITIONAL_REPRESENTATION('',(#7309),#7313);
#7309 = LINE('',#7310,#7311);
#7310 = CARTESIAN_POINT('',(0.,45.));
#7311 = VECTOR('',#7312,1.);
#7312 = DIRECTION('',(1.,0.));
#7313 = ( GEOMETRIC_REPRESENTATION_CONTEXT(2) 
PARAMETRIC_REPRESENTATION_CONTEXT() REPRESENTATION_CONTEXT('2D SPACE',''
  ) );
#7314 = ORIENTED_EDGE('',*,*,#7178,.F.);
#7315 = ADVANCED_FACE('',(#7316),#7056,.F.);
#7316 = FACE_BOUND('',#7317,.F.);
#7317 = EDGE_LOOP('',(#7318,#7319,#7320,#7321));
#7318 = ORIENTED_EDGE('',*,*,#7040,.F.);
#7319 = ORIENTED_EDGE('',*,*,#7225,.T.);
#7320 = ORIENTED_EDGE('',*,*,#7155,.T.);
#7321 = ORIENTED_EDGE('',*,*,#7272,.F.);
#7322 = ADVANCED_FACE('',(#7323),#7110,.T.);
#7323 = FACE_BOUND('',#7324,.T.);
#7324 = EDGE_LOOP('',(#7325,#7326,#7327,#7328));
#7325 = ORIENTED_EDGE('',*,*,#7096,.F.);
#7326 = ORIENTED_EDGE('',*,*,#7247,.T.);
#7327 = ORIENTED_EDGE('',*,*,#7201,.T.);
#7328 = ORIENTED_EDGE('',*,*,#7294,.F.);
#7329 = MANIFOLD_SOLID_BREP('',#7330);
#7330 = CLOSED_SHELL('',(#7331,#7451,#7551,#7598,#7645,#7652));
#7331 = ADVANCED_FACE('',(#7332),#7346,.F.);
#7332 = FACE_BOUND('',#7333,.F.);
#7333 = EDGE_LOOP('',(#7334,#7369,#7397,#7425));
#7334 = ORIENTED_EDGE('',*,*,#7335,.F.);
#7335 = EDGE_CURVE('',#7336,#7338,#7340,.T.);
#7336 = VERTEX_POINT('',#7337);
#7337 = CARTESIAN_POINT('',(842.5,-329.,939.));
#7338 = VERTEX_POINT('',#7339);
#7339 = CARTESIAN_POINT('',(842.5,-329.,961.));
#7340 = SURFACE_CURVE('',#7341,(#7345,#7357),.PCURVE_S1.);
#7341 = LINE('',#7342,#7343);
#7342 = CARTESIAN_POINT('',(842.5,-329.,939.));
#7343 = VECTOR('',#7344,1.);
#7344 = DIRECTION('',(0.,0.,1.));
#7345 = PCURVE('',#7346,#7351);
#7346 = PLANE('',#7347);
#7347 = AXIS2_PLACEMENT_3D('',#7348,#7349,#7350);
#7348 = CARTESIAN_POINT('',(842.5,-329.,939.));
#7349 = DIRECTION('',(1.,0.,-0.));
#7350 = DIRECTION('',(0.,0.,1.));
#7351 = DEFINITIONAL_REPRESENTATION('',(#7352),#7356);
#7352 = LINE('',#7353,#7354);
#7353 = CARTESIAN_POINT('',(0.,0.));
#7354 = VECTOR('',#7355,1.);
#7355 = DIRECTION('',(1.,0.));
#7356 = ( GEOMETRIC_REPRESENTATION_CONTEXT(2) 
PARAMETRIC_REPRESENTATION_CONTEXT() REPRESENTATION_CONTEXT('2D SPACE',''
  ) );
#7357 = PCURVE('',#7358,#7363);
#7358 = PLANE('',#7359);
#7359 = AXIS2_PLACEMENT_3D('',#7360,#7361,#7362);
#7360 = CARTESIAN_POINT('',(842.5,-329.,939.));
#7361 = DIRECTION('',(-0.,1.,0.));
#7362 = DIRECTION('',(0.,0.,1.));
#7363 = DEFINITIONAL_REPRESENTATION('',(#7364),#7368);
#7364 = LINE('',#7365,#7366);
#7365 = CARTESIAN_POINT('',(0.,0.));
#7366 = VECTOR('',#7367,1.);
#7367 = DIRECTION('',(1.,0.));
#7368 = ( GEOMETRIC_REPRESENTATION_CONTEXT(2) 
PARAMETRIC_REPRESENTATION_CONTEXT() REPRESENTATION_CONTEXT('2D SPACE',''
  ) );
#7369 = ORIENTED_EDGE('',*,*,#7370,.T.);
#7370 = EDGE_CURVE('',#7336,#7371,#7373,.T.);
#7371 = VERTEX_POINT('',#7372);
#7372 = CARTESIAN_POINT('',(842.5,-307.,939.));
#7373 = SURFACE_CURVE('',#7374,(#7378,#7385),.PCURVE_S1.);
#7374 = LINE('',#7375,#7376);
#7375 = CARTESIAN_POINT('',(842.5,-329.,939.));
#7376 = VECTOR('',#7377,1.);
#7377 = DIRECTION('',(-0.,1.,0.));
#7378 = PCURVE('',#7346,#7379);
#7379 = DEFINITIONAL_REPRESENTATION('',(#7380),#7384);
#7380 = LINE('',#7381,#7382);
#7381 = CARTESIAN_POINT('',(0.,0.));
#7382 = VECTOR('',#7383,1.);
#7383 = DIRECTION('',(0.,-1.));
#7384 = ( GEOMETRIC_REPRESENTATION_CONTEXT(2) 
PARAMETRIC_REPRESENTATION_CONTEXT() REPRESENTATION_CONTEXT('2D SPACE',''
  ) );
#7385 = PCURVE('',#7386,#7391);
#7386 = PLANE('',#7387);
#7387 = AXIS2_PLACEMENT_3D('',#7388,#7389,#7390);
#7388 = CARTESIAN_POINT('',(842.5,-329.,939.));
#7389 = DIRECTION('',(0.,0.,1.));
#7390 = DIRECTION('',(1.,0.,-0.));
#7391 = DEFINITIONAL_REPRESENTATION('',(#7392),#7396);
#7392 = LINE('',#7393,#7394);
#7393 = CARTESIAN_POINT('',(0.,0.));
#7394 = VECTOR('',#7395,1.);
#7395 = DIRECTION('',(0.,1.));
#7396 = ( GEOMETRIC_REPRESENTATION_CONTEXT(2) 
PARAMETRIC_REPRESENTATION_CONTEXT() REPRESENTATION_CONTEXT('2D SPACE',''
  ) );
#7397 = ORIENTED_EDGE('',*,*,#7398,.T.);
#7398 = EDGE_CURVE('',#7371,#7399,#7401,.T.);
#7399 = VERTEX_POINT('',#7400);
#7400 = CARTESIAN_POINT('',(842.5,-307.,961.));
#7401 = SURFACE_CURVE('',#7402,(#7406,#7413),.PCURVE_S1.);
#7402 = LINE('',#7403,#7404);
#7403 = CARTESIAN_POINT('',(842.5,-307.,939.));
#7404 = VECTOR('',#7405,1.);
#7405 = DIRECTION('',(0.,0.,1.));
#7406 = PCURVE('',#7346,#7407);
#7407 = DEFINITIONAL_REPRESENTATION('',(#7408),#7412);
#7408 = LINE('',#7409,#7410);
#7409 = CARTESIAN_POINT('',(0.,-22.));
#7410 = VECTOR('',#7411,1.);
#7411 = DIRECTION('',(1.,0.));
#7412 = ( GEOMETRIC_REPRESENTATION_CONTEXT(2) 
PARAMETRIC_REPRESENTATION_CONTEXT() REPRESENTATION_CONTEXT('2D SPACE',''
  ) );
#7413 = PCURVE('',#7414,#7419);
#7414 = PLANE('',#7415);
#7415 = AXIS2_PLACEMENT_3D('',#7416,#7417,#7418);
#7416 = CARTESIAN_POINT('',(842.5,-307.,939.));
#7417 = DIRECTION('',(-0.,1.,0.));
#7418 = DIRECTION('',(0.,0.,1.));
#7419 = DEFINITIONAL_REPRESENTATION('',(#7420),#7424);
#7420 = LINE('',#7421,#7422);
#7421 = CARTESIAN_POINT('',(0.,0.));
#7422 = VECTOR('',#7423,1.);
#7423 = DIRECTION('',(1.,0.));
#7424 = ( GEOMETRIC_REPRESENTATION_CONTEXT(2) 
PARAMETRIC_REPRESENTATION_CONTEXT() REPRESENTATION_CONTEXT('2D SPACE',''
  ) );
#7425 = ORIENTED_EDGE('',*,*,#7426,.F.);
#7426 = EDGE_CURVE('',#7338,#7399,#7427,.T.);
#7427 = SURFACE_CURVE('',#7428,(#7432,#7439),.PCURVE_S1.);
#7428 = LINE('',#7429,#7430);
#7429 = CARTESIAN_POINT('',(842.5,-329.,961.));
#7430 = VECTOR('',#7431,1.);
#7431 = DIRECTION('',(-0.,1.,0.));
#7432 = PCURVE('',#7346,#7433);
#7433 = DEFINITIONAL_REPRESENTATION('',(#7434),#7438);
#7434 = LINE('',#7435,#7436);
#7435 = CARTESIAN_POINT('',(22.,0.));
#7436 = VECTOR('',#7437,1.);
#7437 = DIRECTION('',(0.,-1.));
#7438 = ( GEOMETRIC_REPRESENTATION_CONTEXT(2) 
PARAMETRIC_REPRESENTATION_CONTEXT() REPRESENTATION_CONTEXT('2D SPACE',''
  ) );
#7439 = PCURVE('',#7440,#7445);
#7440 = PLANE('',#7441);
#7441 = AXIS2_PLACEMENT_3D('',#7442,#7443,#7444);
#7442 = CARTESIAN_POINT('',(842.5,-329.,961.));
#7443 = DIRECTION('',(0.,0.,1.));
#7444 = DIRECTION('',(1.,0.,-0.));
#7445 = DEFINITIONAL_REPRESENTATION('',(#7446),#7450);
#7446 = LINE('',#7447,#7448);
#7447 = CARTESIAN_POINT('',(0.,0.));
#7448 = VECTOR('',#7449,1.);
#7449 = DIRECTION('',(0.,1.));
#7450 = ( GEOMETRIC_REPRESENTATION_CONTEXT(2) 
PARAMETRIC_REPRESENTATION_CONTEXT() REPRESENTATION_CONTEXT('2D SPACE',''
  ) );
#7451 = ADVANCED_FACE('',(#7452),#7466,.T.);
#7452 = FACE_BOUND('',#7453,.T.);
#7453 = EDGE_LOOP('',(#7454,#7484,#7507,#7530));
#7454 = ORIENTED_EDGE('',*,*,#7455,.F.);
#7455 = EDGE_CURVE('',#7456,#7458,#7460,.T.);
#7456 = VERTEX_POINT('',#7457);
#7457 = CARTESIAN_POINT('',(877.5,-329.,939.));
#7458 = VERTEX_POINT('',#7459);
#7459 = CARTESIAN_POINT('',(877.5,-329.,961.));
#7460 = SURFACE_CURVE('',#7461,(#7465,#7477),.PCURVE_S1.);
#7461 = LINE('',#7462,#7463);
#7462 = CARTESIAN_POINT('',(877.5,-329.,939.));
#7463 = VECTOR('',#7464,1.);
#7464 = DIRECTION('',(0.,0.,1.));
#7465 = PCURVE('',#7466,#7471);
#7466 = PLANE('',#7467);
#7467 = AXIS2_PLACEMENT_3D('',#7468,#7469,#7470);
#7468 = CARTESIAN_POINT('',(877.5,-329.,939.));
#7469 = DIRECTION('',(1.,0.,-0.));
#7470 = DIRECTION('',(0.,0.,1.));
#7471 = DEFINITIONAL_REPRESENTATION('',(#7472),#7476);
#7472 = LINE('',#7473,#7474);
#7473 = CARTESIAN_POINT('',(0.,0.));
#7474 = VECTOR('',#7475,1.);
#7475 = DIRECTION('',(1.,0.));
#7476 = ( GEOMETRIC_REPRESENTATION_CONTEXT(2) 
PARAMETRIC_REPRESENTATION_CONTEXT() REPRESENTATION_CONTEXT('2D SPACE',''
  ) );
#7477 = PCURVE('',#7358,#7478);
#7478 = DEFINITIONAL_REPRESENTATION('',(#7479),#7483);
#7479 = LINE('',#7480,#7481);
#7480 = CARTESIAN_POINT('',(0.,35.));
#7481 = VECTOR('',#7482,1.);
#7482 = DIRECTION('',(1.,0.));
#7483 = ( GEOMETRIC_REPRESENTATION_CONTEXT(2) 
PARAMETRIC_REPRESENTATION_CONTEXT() REPRESENTATION_CONTEXT('2D SPACE',''
  ) );
#7484 = ORIENTED_EDGE('',*,*,#7485,.T.);
#7485 = EDGE_CURVE('',#7456,#7486,#7488,.T.);
#7486 = VERTEX_POINT('',#7487);
#7487 = CARTESIAN_POINT('',(877.5,-307.,939.));
#7488 = SURFACE_CURVE('',#7489,(#7493,#7500),.PCURVE_S1.);
#7489 = LINE('',#7490,#7491);
#7490 = CARTESIAN_POINT('',(877.5,-329.,939.));
#7491 = VECTOR('',#7492,1.);
#7492 = DIRECTION('',(-0.,1.,0.));
#7493 = PCURVE('',#7466,#7494);
#7494 = DEFINITIONAL_REPRESENTATION('',(#7495),#7499);
#7495 = LINE('',#7496,#7497);
#7496 = CARTESIAN_POINT('',(0.,0.));
#7497 = VECTOR('',#7498,1.);
#7498 = DIRECTION('',(0.,-1.));
#7499 = ( GEOMETRIC_REPRESENTATION_CONTEXT(2) 
PARAMETRIC_REPRESENTATION_CONTEXT() REPRESENTATION_CONTEXT('2D SPACE',''
  ) );
#7500 = PCURVE('',#7386,#7501);
#7501 = DEFINITIONAL_REPRESENTATION('',(#7502),#7506);
#7502 = LINE('',#7503,#7504);
#7503 = CARTESIAN_POINT('',(35.,0.));
#7504 = VECTOR('',#7505,1.);
#7505 = DIRECTION('',(0.,1.));
#7506 = ( GEOMETRIC_REPRESENTATION_CONTEXT(2) 
PARAMETRIC_REPRESENTATION_CONTEXT() REPRESENTATION_CONTEXT('2D SPACE',''
  ) );
#7507 = ORIENTED_EDGE('',*,*,#7508,.T.);
#7508 = EDGE_CURVE('',#7486,#7509,#7511,.T.);
#7509 = VERTEX_POINT('',#7510);
#7510 = CARTESIAN_POINT('',(877.5,-307.,961.));
#7511 = SURFACE_CURVE('',#7512,(#7516,#7523),.PCURVE_S1.);
#7512 = LINE('',#7513,#7514);
#7513 = CARTESIAN_POINT('',(877.5,-307.,939.));
#7514 = VECTOR('',#7515,1.);
#7515 = DIRECTION('',(0.,0.,1.));
#7516 = PCURVE('',#7466,#7517);
#7517 = DEFINITIONAL_REPRESENTATION('',(#7518),#7522);
#7518 = LINE('',#7519,#7520);
#7519 = CARTESIAN_POINT('',(0.,-22.));
#7520 = VECTOR('',#7521,1.);
#7521 = DIRECTION('',(1.,0.));
#7522 = ( GEOMETRIC_REPRESENTATION_CONTEXT(2) 
PARAMETRIC_REPRESENTATION_CONTEXT() REPRESENTATION_CONTEXT('2D SPACE',''
  ) );
#7523 = PCURVE('',#7414,#7524);
#7524 = DEFINITIONAL_REPRESENTATION('',(#7525),#7529);
#7525 = LINE('',#7526,#7527);
#7526 = CARTESIAN_POINT('',(0.,35.));
#7527 = VECTOR('',#7528,1.);
#7528 = DIRECTION('',(1.,0.));
#7529 = ( GEOMETRIC_REPRESENTATION_CONTEXT(2) 
PARAMETRIC_REPRESENTATION_CONTEXT() REPRESENTATION_CONTEXT('2D SPACE',''
  ) );
#7530 = ORIENTED_EDGE('',*,*,#7531,.F.);
#7531 = EDGE_CURVE('',#7458,#7509,#7532,.T.);
#7532 = SURFACE_CURVE('',#7533,(#7537,#7544),.PCURVE_S1.);
#7533 = LINE('',#7534,#7535);
#7534 = CARTESIAN_POINT('',(877.5,-329.,961.));
#7535 = VECTOR('',#7536,1.);
#7536 = DIRECTION('',(-0.,1.,0.));
#7537 = PCURVE('',#7466,#7538);
#7538 = DEFINITIONAL_REPRESENTATION('',(#7539),#7543);
#7539 = LINE('',#7540,#7541);
#7540 = CARTESIAN_POINT('',(22.,0.));
#7541 = VECTOR('',#7542,1.);
#7542 = DIRECTION('',(0.,-1.));
#7543 = ( GEOMETRIC_REPRESENTATION_CONTEXT(2) 
PARAMETRIC_REPRESENTATION_CONTEXT() REPRESENTATION_CONTEXT('2D SPACE',''
  ) );
#7544 = PCURVE('',#7440,#7545);
#7545 = DEFINITIONAL_REPRESENTATION('',(#7546),#7550);
#7546 = LINE('',#7547,#7548);
#7547 = CARTESIAN_POINT('',(35.,0.));
#7548 = VECTOR('',#7549,1.);
#7549 = DIRECTION('',(0.,1.));
#7550 = ( GEOMETRIC_REPRESENTATION_CONTEXT(2) 
PARAMETRIC_REPRESENTATION_CONTEXT() REPRESENTATION_CONTEXT('2D SPACE',''
  ) );
#7551 = ADVANCED_FACE('',(#7552),#7358,.F.);
#7552 = FACE_BOUND('',#7553,.F.);
#7553 = EDGE_LOOP('',(#7554,#7575,#7576,#7597));
#7554 = ORIENTED_EDGE('',*,*,#7555,.F.);
#7555 = EDGE_CURVE('',#7336,#7456,#7556,.T.);
#7556 = SURFACE_CURVE('',#7557,(#7561,#7568),.PCURVE_S1.);
#7557 = LINE('',#7558,#7559);
#7558 = CARTESIAN_POINT('',(842.5,-329.,939.));
#7559 = VECTOR('',#7560,1.);
#7560 = DIRECTION('',(1.,0.,-0.));
#7561 = PCURVE('',#7358,#7562);
#7562 = DEFINITIONAL_REPRESENTATION('',(#7563),#7567);
#7563 = LINE('',#7564,#7565);
#7564 = CARTESIAN_POINT('',(0.,0.));
#7565 = VECTOR('',#7566,1.);
#7566 = DIRECTION('',(0.,1.));
#7567 = ( GEOMETRIC_REPRESENTATION_CONTEXT(2) 
PARAMETRIC_REPRESENTATION_CONTEXT() REPRESENTATION_CONTEXT('2D SPACE',''
  ) );
#7568 = PCURVE('',#7386,#7569);
#7569 = DEFINITIONAL_REPRESENTATION('',(#7570),#7574);
#7570 = LINE('',#7571,#7572);
#7571 = CARTESIAN_POINT('',(0.,0.));
#7572 = VECTOR('',#7573,1.);
#7573 = DIRECTION('',(1.,0.));
#7574 = ( GEOMETRIC_REPRESENTATION_CONTEXT(2) 
PARAMETRIC_REPRESENTATION_CONTEXT() REPRESENTATION_CONTEXT('2D SPACE',''
  ) );
#7575 = ORIENTED_EDGE('',*,*,#7335,.T.);
#7576 = ORIENTED_EDGE('',*,*,#7577,.T.);
#7577 = EDGE_CURVE('',#7338,#7458,#7578,.T.);
#7578 = SURFACE_CURVE('',#7579,(#7583,#7590),.PCURVE_S1.);
#7579 = LINE('',#7580,#7581);
#7580 = CARTESIAN_POINT('',(842.5,-329.,961.));
#7581 = VECTOR('',#7582,1.);
#7582 = DIRECTION('',(1.,0.,-0.));
#7583 = PCURVE('',#7358,#7584);
#7584 = DEFINITIONAL_REPRESENTATION('',(#7585),#7589);
#7585 = LINE('',#7586,#7587);
#7586 = CARTESIAN_POINT('',(22.,0.));
#7587 = VECTOR('',#7588,1.);
#7588 = DIRECTION('',(0.,1.));
#7589 = ( GEOMETRIC_REPRESENTATION_CONTEXT(2) 
PARAMETRIC_REPRESENTATION_CONTEXT() REPRESENTATION_CONTEXT('2D SPACE',''
  ) );
#7590 = PCURVE('',#7440,#7591);
#7591 = DEFINITIONAL_REPRESENTATION('',(#7592),#7596);
#7592 = LINE('',#7593,#7594);
#7593 = CARTESIAN_POINT('',(0.,0.));
#7594 = VECTOR('',#7595,1.);
#7595 = DIRECTION('',(1.,0.));
#7596 = ( GEOMETRIC_REPRESENTATION_CONTEXT(2) 
PARAMETRIC_REPRESENTATION_CONTEXT() REPRESENTATION_CONTEXT('2D SPACE',''
  ) );
#7597 = ORIENTED_EDGE('',*,*,#7455,.F.);
#7598 = ADVANCED_FACE('',(#7599),#7414,.T.);
#7599 = FACE_BOUND('',#7600,.T.);
#7600 = EDGE_LOOP('',(#7601,#7622,#7623,#7644));
#7601 = ORIENTED_EDGE('',*,*,#7602,.F.);
#7602 = EDGE_CURVE('',#7371,#7486,#7603,.T.);
#7603 = SURFACE_CURVE('',#7604,(#7608,#7615),.PCURVE_S1.);
#7604 = LINE('',#7605,#7606);
#7605 = CARTESIAN_POINT('',(842.5,-307.,939.));
#7606 = VECTOR('',#7607,1.);
#7607 = DIRECTION('',(1.,0.,-0.));
#7608 = PCURVE('',#7414,#7609);
#7609 = DEFINITIONAL_REPRESENTATION('',(#7610),#7614);
#7610 = LINE('',#7611,#7612);
#7611 = CARTESIAN_POINT('',(0.,0.));
#7612 = VECTOR('',#7613,1.);
#7613 = DIRECTION('',(0.,1.));
#7614 = ( GEOMETRIC_REPRESENTATION_CONTEXT(2) 
PARAMETRIC_REPRESENTATION_CONTEXT() REPRESENTATION_CONTEXT('2D SPACE',''
  ) );
#7615 = PCURVE('',#7386,#7616);
#7616 = DEFINITIONAL_REPRESENTATION('',(#7617),#7621);
#7617 = LINE('',#7618,#7619);
#7618 = CARTESIAN_POINT('',(0.,22.));
#7619 = VECTOR('',#7620,1.);
#7620 = DIRECTION('',(1.,0.));
#7621 = ( GEOMETRIC_REPRESENTATION_CONTEXT(2) 
PARAMETRIC_REPRESENTATION_CONTEXT() REPRESENTATION_CONTEXT('2D SPACE',''
  ) );
#7622 = ORIENTED_EDGE('',*,*,#7398,.T.);
#7623 = ORIENTED_EDGE('',*,*,#7624,.T.);
#7624 = EDGE_CURVE('',#7399,#7509,#7625,.T.);
#7625 = SURFACE_CURVE('',#7626,(#7630,#7637),.PCURVE_S1.);
#7626 = LINE('',#7627,#7628);
#7627 = CARTESIAN_POINT('',(842.5,-307.,961.));
#7628 = VECTOR('',#7629,1.);
#7629 = DIRECTION('',(1.,0.,-0.));
#7630 = PCURVE('',#7414,#7631);
#7631 = DEFINITIONAL_REPRESENTATION('',(#7632),#7636);
#7632 = LINE('',#7633,#7634);
#7633 = CARTESIAN_POINT('',(22.,0.));
#7634 = VECTOR('',#7635,1.);
#7635 = DIRECTION('',(0.,1.));
#7636 = ( GEOMETRIC_REPRESENTATION_CONTEXT(2) 
PARAMETRIC_REPRESENTATION_CONTEXT() REPRESENTATION_CONTEXT('2D SPACE',''
  ) );
#7637 = PCURVE('',#7440,#7638);
#7638 = DEFINITIONAL_REPRESENTATION('',(#7639),#7643);
#7639 = LINE('',#7640,#7641);
#7640 = CARTESIAN_POINT('',(0.,22.));
#7641 = VECTOR('',#7642,1.);
#7642 = DIRECTION('',(1.,0.));
#7643 = ( GEOMETRIC_REPRESENTATION_CONTEXT(2) 
PARAMETRIC_REPRESENTATION_CONTEXT() REPRESENTATION_CONTEXT('2D SPACE',''
  ) );
#7644 = ORIENTED_EDGE('',*,*,#7508,.F.);
#7645 = ADVANCED_FACE('',(#7646),#7386,.F.);
#7646 = FACE_BOUND('',#7647,.F.);
#7647 = EDGE_LOOP('',(#7648,#7649,#7650,#7651));
#7648 = ORIENTED_EDGE('',*,*,#7370,.F.);
#7649 = ORIENTED_EDGE('',*,*,#7555,.T.);
#7650 = ORIENTED_EDGE('',*,*,#7485,.T.);
#7651 = ORIENTED_EDGE('',*,*,#7602,.F.);
#7652 = ADVANCED_FACE('',(#7653),#7440,.T.);
#7653 = FACE_BOUND('',#7654,.T.);
#7654 = EDGE_LOOP('',(#7655,#7656,#7657,#7658));
#7655 = ORIENTED_EDGE('',*,*,#7426,.F.);
#7656 = ORIENTED_EDGE('',*,*,#7577,.T.);
#7657 = ORIENTED_EDGE('',*,*,#7531,.T.);
#7658 = ORIENTED_EDGE('',*,*,#7624,.F.);
#7659 = MANIFOLD_SOLID_BREP('',#7660);
#7660 = CLOSED_SHELL('',(#7661,#7781,#7881,#7928,#7975,#7982));
#7661 = ADVANCED_FACE('',(#7662),#7676,.F.);
#7662 = FACE_BOUND('',#7663,.F.);
#7663 = EDGE_LOOP('',(#7664,#7699,#7727,#7755));
#7664 = ORIENTED_EDGE('',*,*,#7665,.F.);
#7665 = EDGE_CURVE('',#7666,#7668,#7670,.T.);
#7666 = VERTEX_POINT('',#7667);
#7667 = CARTESIAN_POINT('',(842.5,307.,939.));
#7668 = VERTEX_POINT('',#7669);
#7669 = CARTESIAN_POINT('',(842.5,307.,961.));
#7670 = SURFACE_CURVE('',#7671,(#7675,#7687),.PCURVE_S1.);
#7671 = LINE('',#7672,#7673);
#7672 = CARTESIAN_POINT('',(842.5,307.,939.));
#7673 = VECTOR('',#7674,1.);
#7674 = DIRECTION('',(0.,0.,1.));
#7675 = PCURVE('',#7676,#7681);
#7676 = PLANE('',#7677);
#7677 = AXIS2_PLACEMENT_3D('',#7678,#7679,#7680);
#7678 = CARTESIAN_POINT('',(842.5,307.,939.));
#7679 = DIRECTION('',(1.,0.,-0.));
#7680 = DIRECTION('',(0.,0.,1.));
#7681 = DEFINITIONAL_REPRESENTATION('',(#7682),#7686);
#7682 = LINE('',#7683,#7684);
#7683 = CARTESIAN_POINT('',(0.,0.));
#7684 = VECTOR('',#7685,1.);
#7685 = DIRECTION('',(1.,0.));
#7686 = ( GEOMETRIC_REPRESENTATION_CONTEXT(2) 
PARAMETRIC_REPRESENTATION_CONTEXT() REPRESENTATION_CONTEXT('2D SPACE',''
  ) );
#7687 = PCURVE('',#7688,#7693);
#7688 = PLANE('',#7689);
#7689 = AXIS2_PLACEMENT_3D('',#7690,#7691,#7692);
#7690 = CARTESIAN_POINT('',(842.5,307.,939.));
#7691 = DIRECTION('',(-0.,1.,0.));
#7692 = DIRECTION('',(0.,0.,1.));
#7693 = DEFINITIONAL_REPRESENTATION('',(#7694),#7698);
#7694 = LINE('',#7695,#7696);
#7695 = CARTESIAN_POINT('',(0.,0.));
#7696 = VECTOR('',#7697,1.);
#7697 = DIRECTION('',(1.,0.));
#7698 = ( GEOMETRIC_REPRESENTATION_CONTEXT(2) 
PARAMETRIC_REPRESENTATION_CONTEXT() REPRESENTATION_CONTEXT('2D SPACE',''
  ) );
#7699 = ORIENTED_EDGE('',*,*,#7700,.T.);
#7700 = EDGE_CURVE('',#7666,#7701,#7703,.T.);
#7701 = VERTEX_POINT('',#7702);
#7702 = CARTESIAN_POINT('',(842.5,329.,939.));
#7703 = SURFACE_CURVE('',#7704,(#7708,#7715),.PCURVE_S1.);
#7704 = LINE('',#7705,#7706);
#7705 = CARTESIAN_POINT('',(842.5,307.,939.));
#7706 = VECTOR('',#7707,1.);
#7707 = DIRECTION('',(-0.,1.,0.));
#7708 = PCURVE('',#7676,#7709);
#7709 = DEFINITIONAL_REPRESENTATION('',(#7710),#7714);
#7710 = LINE('',#7711,#7712);
#7711 = CARTESIAN_POINT('',(0.,0.));
#7712 = VECTOR('',#7713,1.);
#7713 = DIRECTION('',(0.,-1.));
#7714 = ( GEOMETRIC_REPRESENTATION_CONTEXT(2) 
PARAMETRIC_REPRESENTATION_CONTEXT() REPRESENTATION_CONTEXT('2D SPACE',''
  ) );
#7715 = PCURVE('',#7716,#7721);
#7716 = PLANE('',#7717);
#7717 = AXIS2_PLACEMENT_3D('',#7718,#7719,#7720);
#7718 = CARTESIAN_POINT('',(842.5,307.,939.));
#7719 = DIRECTION('',(0.,0.,1.));
#7720 = DIRECTION('',(1.,0.,-0.));
#7721 = DEFINITIONAL_REPRESENTATION('',(#7722),#7726);
#7722 = LINE('',#7723,#7724);
#7723 = CARTESIAN_POINT('',(0.,0.));
#7724 = VECTOR('',#7725,1.);
#7725 = DIRECTION('',(0.,1.));
#7726 = ( GEOMETRIC_REPRESENTATION_CONTEXT(2) 
PARAMETRIC_REPRESENTATION_CONTEXT() REPRESENTATION_CONTEXT('2D SPACE',''
  ) );
#7727 = ORIENTED_EDGE('',*,*,#7728,.T.);
#7728 = EDGE_CURVE('',#7701,#7729,#7731,.T.);
#7729 = VERTEX_POINT('',#7730);
#7730 = CARTESIAN_POINT('',(842.5,329.,961.));
#7731 = SURFACE_CURVE('',#7732,(#7736,#7743),.PCURVE_S1.);
#7732 = LINE('',#7733,#7734);
#7733 = CARTESIAN_POINT('',(842.5,329.,939.));
#7734 = VECTOR('',#7735,1.);
#7735 = DIRECTION('',(0.,0.,1.));
#7736 = PCURVE('',#7676,#7737);
#7737 = DEFINITIONAL_REPRESENTATION('',(#7738),#7742);
#7738 = LINE('',#7739,#7740);
#7739 = CARTESIAN_POINT('',(0.,-22.));
#7740 = VECTOR('',#7741,1.);
#7741 = DIRECTION('',(1.,0.));
#7742 = ( GEOMETRIC_REPRESENTATION_CONTEXT(2) 
PARAMETRIC_REPRESENTATION_CONTEXT() REPRESENTATION_CONTEXT('2D SPACE',''
  ) );
#7743 = PCURVE('',#7744,#7749);
#7744 = PLANE('',#7745);
#7745 = AXIS2_PLACEMENT_3D('',#7746,#7747,#7748);
#7746 = CARTESIAN_POINT('',(842.5,329.,939.));
#7747 = DIRECTION('',(-0.,1.,0.));
#7748 = DIRECTION('',(0.,0.,1.));
#7749 = DEFINITIONAL_REPRESENTATION('',(#7750),#7754);
#7750 = LINE('',#7751,#7752);
#7751 = CARTESIAN_POINT('',(0.,0.));
#7752 = VECTOR('',#7753,1.);
#7753 = DIRECTION('',(1.,0.));
#7754 = ( GEOMETRIC_REPRESENTATION_CONTEXT(2) 
PARAMETRIC_REPRESENTATION_CONTEXT() REPRESENTATION_CONTEXT('2D SPACE',''
  ) );
#7755 = ORIENTED_EDGE('',*,*,#7756,.F.);
#7756 = EDGE_CURVE('',#7668,#7729,#7757,.T.);
#7757 = SURFACE_CURVE('',#7758,(#7762,#7769),.PCURVE_S1.);
#7758 = LINE('',#7759,#7760);
#7759 = CARTESIAN_POINT('',(842.5,307.,961.));
#7760 = VECTOR('',#7761,1.);
#7761 = DIRECTION('',(-0.,1.,0.));
#7762 = PCURVE('',#7676,#7763);
#7763 = DEFINITIONAL_REPRESENTATION('',(#7764),#7768);
#7764 = LINE('',#7765,#7766);
#7765 = CARTESIAN_POINT('',(22.,0.));
#7766 = VECTOR('',#7767,1.);
#7767 = DIRECTION('',(0.,-1.));
#7768 = ( GEOMETRIC_REPRESENTATION_CONTEXT(2) 
PARAMETRIC_REPRESENTATION_CONTEXT() REPRESENTATION_CONTEXT('2D SPACE',''
  ) );
#7769 = PCURVE('',#7770,#7775);
#7770 = PLANE('',#7771);
#7771 = AXIS2_PLACEMENT_3D('',#7772,#7773,#7774);
#7772 = CARTESIAN_POINT('',(842.5,307.,961.));
#7773 = DIRECTION('',(0.,0.,1.));
#7774 = DIRECTION('',(1.,0.,-0.));
#7775 = DEFINITIONAL_REPRESENTATION('',(#7776),#7780);
#7776 = LINE('',#7777,#7778);
#7777 = CARTESIAN_POINT('',(0.,0.));
#7778 = VECTOR('',#7779,1.);
#7779 = DIRECTION('',(0.,1.));
#7780 = ( GEOMETRIC_REPRESENTATION_CONTEXT(2) 
PARAMETRIC_REPRESENTATION_CONTEXT() REPRESENTATION_CONTEXT('2D SPACE',''
  ) );
#7781 = ADVANCED_FACE('',(#7782),#7796,.T.);
#7782 = FACE_BOUND('',#7783,.T.);
#7783 = EDGE_LOOP('',(#7784,#7814,#7837,#7860));
#7784 = ORIENTED_EDGE('',*,*,#7785,.F.);
#7785 = EDGE_CURVE('',#7786,#7788,#7790,.T.);
#7786 = VERTEX_POINT('',#7787);
#7787 = CARTESIAN_POINT('',(877.5,307.,939.));
#7788 = VERTEX_POINT('',#7789);
#7789 = CARTESIAN_POINT('',(877.5,307.,961.));
#7790 = SURFACE_CURVE('',#7791,(#7795,#7807),.PCURVE_S1.);
#7791 = LINE('',#7792,#7793);
#7792 = CARTESIAN_POINT('',(877.5,307.,939.));
#7793 = VECTOR('',#7794,1.);
#7794 = DIRECTION('',(0.,0.,1.));
#7795 = PCURVE('',#7796,#7801);
#7796 = PLANE('',#7797);
#7797 = AXIS2_PLACEMENT_3D('',#7798,#7799,#7800);
#7798 = CARTESIAN_POINT('',(877.5,307.,939.));
#7799 = DIRECTION('',(1.,0.,-0.));
#7800 = DIRECTION('',(0.,0.,1.));
#7801 = DEFINITIONAL_REPRESENTATION('',(#7802),#7806);
#7802 = LINE('',#7803,#7804);
#7803 = CARTESIAN_POINT('',(0.,0.));
#7804 = VECTOR('',#7805,1.);
#7805 = DIRECTION('',(1.,0.));
#7806 = ( GEOMETRIC_REPRESENTATION_CONTEXT(2) 
PARAMETRIC_REPRESENTATION_CONTEXT() REPRESENTATION_CONTEXT('2D SPACE',''
  ) );
#7807 = PCURVE('',#7688,#7808);
#7808 = DEFINITIONAL_REPRESENTATION('',(#7809),#7813);
#7809 = LINE('',#7810,#7811);
#7810 = CARTESIAN_POINT('',(0.,35.));
#7811 = VECTOR('',#7812,1.);
#7812 = DIRECTION('',(1.,0.));
#7813 = ( GEOMETRIC_REPRESENTATION_CONTEXT(2) 
PARAMETRIC_REPRESENTATION_CONTEXT() REPRESENTATION_CONTEXT('2D SPACE',''
  ) );
#7814 = ORIENTED_EDGE('',*,*,#7815,.T.);
#7815 = EDGE_CURVE('',#7786,#7816,#7818,.T.);
#7816 = VERTEX_POINT('',#7817);
#7817 = CARTESIAN_POINT('',(877.5,329.,939.));
#7818 = SURFACE_CURVE('',#7819,(#7823,#7830),.PCURVE_S1.);
#7819 = LINE('',#7820,#7821);
#7820 = CARTESIAN_POINT('',(877.5,307.,939.));
#7821 = VECTOR('',#7822,1.);
#7822 = DIRECTION('',(-0.,1.,0.));
#7823 = PCURVE('',#7796,#7824);
#7824 = DEFINITIONAL_REPRESENTATION('',(#7825),#7829);
#7825 = LINE('',#7826,#7827);
#7826 = CARTESIAN_POINT('',(0.,0.));
#7827 = VECTOR('',#7828,1.);
#7828 = DIRECTION('',(0.,-1.));
#7829 = ( GEOMETRIC_REPRESENTATION_CONTEXT(2) 
PARAMETRIC_REPRESENTATION_CONTEXT() REPRESENTATION_CONTEXT('2D SPACE',''
  ) );
#7830 = PCURVE('',#7716,#7831);
#7831 = DEFINITIONAL_REPRESENTATION('',(#7832),#7836);
#7832 = LINE('',#7833,#7834);
#7833 = CARTESIAN_POINT('',(35.,0.));
#7834 = VECTOR('',#7835,1.);
#7835 = DIRECTION('',(0.,1.));
#7836 = ( GEOMETRIC_REPRESENTATION_CONTEXT(2) 
PARAMETRIC_REPRESENTATION_CONTEXT() REPRESENTATION_CONTEXT('2D SPACE',''
  ) );
#7837 = ORIENTED_EDGE('',*,*,#7838,.T.);
#7838 = EDGE_CURVE('',#7816,#7839,#7841,.T.);
#7839 = VERTEX_POINT('',#7840);
#7840 = CARTESIAN_POINT('',(877.5,329.,961.));
#7841 = SURFACE_CURVE('',#7842,(#7846,#7853),.PCURVE_S1.);
#7842 = LINE('',#7843,#7844);
#7843 = CARTESIAN_POINT('',(877.5,329.,939.));
#7844 = VECTOR('',#7845,1.);
#7845 = DIRECTION('',(0.,0.,1.));
#7846 = PCURVE('',#7796,#7847);
#7847 = DEFINITIONAL_REPRESENTATION('',(#7848),#7852);
#7848 = LINE('',#7849,#7850);
#7849 = CARTESIAN_POINT('',(0.,-22.));
#7850 = VECTOR('',#7851,1.);
#7851 = DIRECTION('',(1.,0.));
#7852 = ( GEOMETRIC_REPRESENTATION_CONTEXT(2) 
PARAMETRIC_REPRESENTATION_CONTEXT() REPRESENTATION_CONTEXT('2D SPACE',''
  ) );
#7853 = PCURVE('',#7744,#7854);
#7854 = DEFINITIONAL_REPRESENTATION('',(#7855),#7859);
#7855 = LINE('',#7856,#7857);
#7856 = CARTESIAN_POINT('',(0.,35.));
#7857 = VECTOR('',#7858,1.);
#7858 = DIRECTION('',(1.,0.));
#7859 = ( GEOMETRIC_REPRESENTATION_CONTEXT(2) 
PARAMETRIC_REPRESENTATION_CONTEXT() REPRESENTATION_CONTEXT('2D SPACE',''
  ) );
#7860 = ORIENTED_EDGE('',*,*,#7861,.F.);
#7861 = EDGE_CURVE('',#7788,#7839,#7862,.T.);
#7862 = SURFACE_CURVE('',#7863,(#7867,#7874),.PCURVE_S1.);
#7863 = LINE('',#7864,#7865);
#7864 = CARTESIAN_POINT('',(877.5,307.,961.));
#7865 = VECTOR('',#7866,1.);
#7866 = DIRECTION('',(-0.,1.,0.));
#7867 = PCURVE('',#7796,#7868);
#7868 = DEFINITIONAL_REPRESENTATION('',(#7869),#7873);
#7869 = LINE('',#7870,#7871);
#7870 = CARTESIAN_POINT('',(22.,0.));
#7871 = VECTOR('',#7872,1.);
#7872 = DIRECTION('',(0.,-1.));
#7873 = ( GEOMETRIC_REPRESENTATION_CONTEXT(2) 
PARAMETRIC_REPRESENTATION_CONTEXT() REPRESENTATION_CONTEXT('2D SPACE',''
  ) );
#7874 = PCURVE('',#7770,#7875);
#7875 = DEFINITIONAL_REPRESENTATION('',(#7876),#7880);
#7876 = LINE('',#7877,#7878);
#7877 = CARTESIAN_POINT('',(35.,0.));
#7878 = VECTOR('',#7879,1.);
#7879 = DIRECTION('',(0.,1.));
#7880 = ( GEOMETRIC_REPRESENTATION_CONTEXT(2) 
PARAMETRIC_REPRESENTATION_CONTEXT() REPRESENTATION_CONTEXT('2D SPACE',''
  ) );
#7881 = ADVANCED_FACE('',(#7882),#7688,.F.);
#7882 = FACE_BOUND('',#7883,.F.);
#7883 = EDGE_LOOP('',(#7884,#7905,#7906,#7927));
#7884 = ORIENTED_EDGE('',*,*,#7885,.F.);
#7885 = EDGE_CURVE('',#7666,#7786,#7886,.T.);
#7886 = SURFACE_CURVE('',#7887,(#7891,#7898),.PCURVE_S1.);
#7887 = LINE('',#7888,#7889);
#7888 = CARTESIAN_POINT('',(842.5,307.,939.));
#7889 = VECTOR('',#7890,1.);
#7890 = DIRECTION('',(1.,0.,-0.));
#7891 = PCURVE('',#7688,#7892);
#7892 = DEFINITIONAL_REPRESENTATION('',(#7893),#7897);
#7893 = LINE('',#7894,#7895);
#7894 = CARTESIAN_POINT('',(0.,0.));
#7895 = VECTOR('',#7896,1.);
#7896 = DIRECTION('',(0.,1.));
#7897 = ( GEOMETRIC_REPRESENTATION_CONTEXT(2) 
PARAMETRIC_REPRESENTATION_CONTEXT() REPRESENTATION_CONTEXT('2D SPACE',''
  ) );
#7898 = PCURVE('',#7716,#7899);
#7899 = DEFINITIONAL_REPRESENTATION('',(#7900),#7904);
#7900 = LINE('',#7901,#7902);
#7901 = CARTESIAN_POINT('',(0.,0.));
#7902 = VECTOR('',#7903,1.);
#7903 = DIRECTION('',(1.,0.));
#7904 = ( GEOMETRIC_REPRESENTATION_CONTEXT(2) 
PARAMETRIC_REPRESENTATION_CONTEXT() REPRESENTATION_CONTEXT('2D SPACE',''
  ) );
#7905 = ORIENTED_EDGE('',*,*,#7665,.T.);
#7906 = ORIENTED_EDGE('',*,*,#7907,.T.);
#7907 = EDGE_CURVE('',#7668,#7788,#7908,.T.);
#7908 = SURFACE_CURVE('',#7909,(#7913,#7920),.PCURVE_S1.);
#7909 = LINE('',#7910,#7911);
#7910 = CARTESIAN_POINT('',(842.5,307.,961.));
#7911 = VECTOR('',#7912,1.);
#7912 = DIRECTION('',(1.,0.,-0.));
#7913 = PCURVE('',#7688,#7914);
#7914 = DEFINITIONAL_REPRESENTATION('',(#7915),#7919);
#7915 = LINE('',#7916,#7917);
#7916 = CARTESIAN_POINT('',(22.,0.));
#7917 = VECTOR('',#7918,1.);
#7918 = DIRECTION('',(0.,1.));
#7919 = ( GEOMETRIC_REPRESENTATION_CONTEXT(2) 
PARAMETRIC_REPRESENTATION_CONTEXT() REPRESENTATION_CONTEXT('2D SPACE',''
  ) );
#7920 = PCURVE('',#7770,#7921);
#7921 = DEFINITIONAL_REPRESENTATION('',(#7922),#7926);
#7922 = LINE('',#7923,#7924);
#7923 = CARTESIAN_POINT('',(0.,0.));
#7924 = VECTOR('',#7925,1.);
#7925 = DIRECTION('',(1.,0.));
#7926 = ( GEOMETRIC_REPRESENTATION_CONTEXT(2) 
PARAMETRIC_REPRESENTATION_CONTEXT() REPRESENTATION_CONTEXT('2D SPACE',''
  ) );
#7927 = ORIENTED_EDGE('',*,*,#7785,.F.);
#7928 = ADVANCED_FACE('',(#7929),#7744,.T.);
#7929 = FACE_BOUND('',#7930,.T.);
#7930 = EDGE_LOOP('',(#7931,#7952,#7953,#7974));
#7931 = ORIENTED_EDGE('',*,*,#7932,.F.);
#7932 = EDGE_CURVE('',#7701,#7816,#7933,.T.);
#7933 = SURFACE_CURVE('',#7934,(#7938,#7945),.PCURVE_S1.);
#7934 = LINE('',#7935,#7936);
#7935 = CARTESIAN_POINT('',(842.5,329.,939.));
#7936 = VECTOR('',#7937,1.);
#7937 = DIRECTION('',(1.,0.,-0.));
#7938 = PCURVE('',#7744,#7939);
#7939 = DEFINITIONAL_REPRESENTATION('',(#7940),#7944);
#7940 = LINE('',#7941,#7942);
#7941 = CARTESIAN_POINT('',(0.,0.));
#7942 = VECTOR('',#7943,1.);
#7943 = DIRECTION('',(0.,1.));
#7944 = ( GEOMETRIC_REPRESENTATION_CONTEXT(2) 
PARAMETRIC_REPRESENTATION_CONTEXT() REPRESENTATION_CONTEXT('2D SPACE',''
  ) );
#7945 = PCURVE('',#7716,#7946);
#7946 = DEFINITIONAL_REPRESENTATION('',(#7947),#7951);
#7947 = LINE('',#7948,#7949);
#7948 = CARTESIAN_POINT('',(0.,22.));
#7949 = VECTOR('',#7950,1.);
#7950 = DIRECTION('',(1.,0.));
#7951 = ( GEOMETRIC_REPRESENTATION_CONTEXT(2) 
PARAMETRIC_REPRESENTATION_CONTEXT() REPRESENTATION_CONTEXT('2D SPACE',''
  ) );
#7952 = ORIENTED_EDGE('',*,*,#7728,.T.);
#7953 = ORIENTED_EDGE('',*,*,#7954,.T.);
#7954 = EDGE_CURVE('',#7729,#7839,#7955,.T.);
#7955 = SURFACE_CURVE('',#7956,(#7960,#7967),.PCURVE_S1.);
#7956 = LINE('',#7957,#7958);
#7957 = CARTESIAN_POINT('',(842.5,329.,961.));
#7958 = VECTOR('',#7959,1.);
#7959 = DIRECTION('',(1.,0.,-0.));
#7960 = PCURVE('',#7744,#7961);
#7961 = DEFINITIONAL_REPRESENTATION('',(#7962),#7966);
#7962 = LINE('',#7963,#7964);
#7963 = CARTESIAN_POINT('',(22.,0.));
#7964 = VECTOR('',#7965,1.);
#7965 = DIRECTION('',(0.,1.));
#7966 = ( GEOMETRIC_REPRESENTATION_CONTEXT(2) 
PARAMETRIC_REPRESENTATION_CONTEXT() REPRESENTATION_CONTEXT('2D SPACE',''
  ) );
#7967 = PCURVE('',#7770,#7968);
#7968 = DEFINITIONAL_REPRESENTATION('',(#7969),#7973);
#7969 = LINE('',#7970,#7971);
#7970 = CARTESIAN_POINT('',(0.,22.));
#7971 = VECTOR('',#7972,1.);
#7972 = DIRECTION('',(1.,0.));
#7973 = ( GEOMETRIC_REPRESENTATION_CONTEXT(2) 
PARAMETRIC_REPRESENTATION_CONTEXT() REPRESENTATION_CONTEXT('2D SPACE',''
  ) );
#7974 = ORIENTED_EDGE('',*,*,#7838,.F.);
#7975 = ADVANCED_FACE('',(#7976),#7716,.F.);
#7976 = FACE_BOUND('',#7977,.F.);
#7977 = EDGE_LOOP('',(#7978,#7979,#7980,#7981));
#7978 = ORIENTED_EDGE('',*,*,#7700,.F.);
#7979 = ORIENTED_EDGE('',*,*,#7885,.T.);
#7980 = ORIENTED_EDGE('',*,*,#7815,.T.);
#7981 = ORIENTED_EDGE('',*,*,#7932,.F.);
#7982 = ADVANCED_FACE('',(#7983),#7770,.T.);
#7983 = FACE_BOUND('',#7984,.T.);
#7984 = EDGE_LOOP('',(#7985,#7986,#7987,#7988));
#7985 = ORIENTED_EDGE('',*,*,#7756,.F.);
#7986 = ORIENTED_EDGE('',*,*,#7907,.T.);
#7987 = ORIENTED_EDGE('',*,*,#7861,.T.);
#7988 = ORIENTED_EDGE('',*,*,#7954,.F.);
#7989 = MANIFOLD_SOLID_BREP('',#7990);
#7990 = CLOSED_SHELL('',(#7991,#8180,#8184,#8213,#8445,#8450,#8730,#8816
    ,#8860,#8884,#8913,#8991,#8997,#9001,#9006));
#7991 = ADVANCED_FACE('',(#7992),#8006,.T.);
#7992 = FACE_BOUND('',#7993,.T.);
#7993 = EDGE_LOOP('',(#7994,#8024,#8053,#8094,#8130,#8152,#8153));
#7994 = ORIENTED_EDGE('',*,*,#7995,.T.);
#7995 = EDGE_CURVE('',#7996,#7998,#8000,.T.);
#7996 = VERTEX_POINT('',#7997);
#7997 = CARTESIAN_POINT('',(428.05829909279,-30.,426.55642160343));
#7998 = VERTEX_POINT('',#7999);
#7999 = CARTESIAN_POINT('',(485.95829909279,-30.,347.05642160343));
#8000 = SEAM_CURVE('',#8001,(#8005,#8017),.PCURVE_S1.);
#8001 = LINE('',#8002,#8003);
#8002 = CARTESIAN_POINT('',(428.05829909279,-30.,426.55642160343));
#8003 = VECTOR('',#8004,1.);
#8004 = DIRECTION('',(0.588715679313,0.,-0.80834018144));
#8005 = PCURVE('',#8006,#8011);
#8006 = CYLINDRICAL_SURFACE('',#8007,5.);
#8007 = AXIS2_PLACEMENT_3D('',#8008,#8009,#8010);
#8008 = CARTESIAN_POINT('',(432.1,-30.,429.5));
#8009 = DIRECTION('',(0.588715679313,0.,-0.80834018144));
#8010 = DIRECTION('',(-0.80834018144,0.,-0.588715679313));
#8011 = DEFINITIONAL_REPRESENTATION('',(#8012),#8016);
#8012 = LINE('',#8013,#8014);
#8013 = CARTESIAN_POINT('',(6.28318530718,-0.));
#8014 = VECTOR('',#8015,1.);
#8015 = DIRECTION('',(0.,1.));
#8016 = ( GEOMETRIC_REPRESENTATION_CONTEXT(2) 
PARAMETRIC_REPRESENTATION_CONTEXT() REPRESENTATION_CONTEXT('2D SPACE',''
  ) );
#8017 = PCURVE('',#8006,#8018);
#8018 = DEFINITIONAL_REPRESENTATION('',(#8019),#8023);
#8019 = LINE('',#8020,#8021);
#8020 = CARTESIAN_POINT('',(0.,-0.));
#8021 = VECTOR('',#8022,1.);
#8022 = DIRECTION('',(0.,1.));
#8023 = ( GEOMETRIC_REPRESENTATION_CONTEXT(2) 
PARAMETRIC_REPRESENTATION_CONTEXT() REPRESENTATION_CONTEXT('2D SPACE',''
  ) );
#8024 = ORIENTED_EDGE('',*,*,#8025,.F.);
#8025 = EDGE_CURVE('',#8026,#7998,#8028,.T.);
#8026 = VERTEX_POINT('',#8027);
#8027 = CARTESIAN_POINT('',(490.,-35.,350.));
#8028 = SURFACE_CURVE('',#8029,(#8034,#8041),.PCURVE_S1.);
#8029 = CIRCLE('',#8030,5.);
#8030 = AXIS2_PLACEMENT_3D('',#8031,#8032,#8033);
#8031 = CARTESIAN_POINT('',(490.,-30.,350.));
#8032 = DIRECTION('',(0.588715679313,0.,-0.80834018144));
#8033 = DIRECTION('',(-0.80834018144,0.,-0.588715679313));
#8034 = PCURVE('',#8006,#8035);
#8035 = DEFINITIONAL_REPRESENTATION('',(#8036),#8040);
#8036 = LINE('',#8037,#8038);
#8037 = CARTESIAN_POINT('',(0.,98.349682256731));
#8038 = VECTOR('',#8039,1.);
#8039 = DIRECTION('',(1.,0.));
#8040 = ( GEOMETRIC_REPRESENTATION_CONTEXT(2) 
PARAMETRIC_REPRESENTATION_CONTEXT() REPRESENTATION_CONTEXT('2D SPACE',''
  ) );
#8041 = PCURVE('',#8042,#8047);
#8042 = PLANE('',#8043);
#8043 = AXIS2_PLACEMENT_3D('',#8044,#8045,#8046);
#8044 = CARTESIAN_POINT('',(490.,-30.,350.));
#8045 = DIRECTION('',(0.588715679313,0.,-0.80834018144));
#8046 = DIRECTION('',(-0.80834018144,0.,-0.588715679313));
#8047 = DEFINITIONAL_REPRESENTATION('',(#8048),#8052);
#8048 = CIRCLE('',#8049,5.);
#8049 = AXIS2_PLACEMENT_2D('',#8050,#8051);
#8050 = CARTESIAN_POINT('',(0.,0.));
#8051 = DIRECTION('',(1.,0.));
#8052 = ( GEOMETRIC_REPRESENTATION_CONTEXT(2) 
PARAMETRIC_REPRESENTATION_CONTEXT() REPRESENTATION_CONTEXT('2D SPACE',''
  ) );
#8053 = ORIENTED_EDGE('',*,*,#8054,.F.);
#8054 = EDGE_CURVE('',#8055,#8026,#8057,.T.);
#8055 = VERTEX_POINT('',#8056);
#8056 = CARTESIAN_POINT('',(491.28068944866,-30.,356.73460449248));
#8057 = SURFACE_CURVE('',#8058,(#8063,#8076),.PCURVE_S1.);
#8058 = ELLIPSE('',#8059,6.855294532995,5.);
#8059 = AXIS2_PLACEMENT_3D('',#8060,#8061,#8062);
#8060 = CARTESIAN_POINT('',(490.,-30.,350.));
#8061 = DIRECTION('',(0.982394623611,0.,-0.186817567429));
#8062 = DIRECTION('',(-0.186817567429,0.,-0.982394623611));
#8063 = PCURVE('',#8006,#8064);
#8064 = DEFINITIONAL_REPRESENTATION('',(#8065),#8075);
#8065 = B_SPLINE_CURVE_WITH_KNOTS('',8,(#8066,#8067,#8068,#8069,#8070,
    #8071,#8072,#8073,#8074),.UNSPECIFIED.,.F.,.F.,(9,9),(3.14159265359,
    4.712389044352),.PIECEWISE_BEZIER_KNOTS.);
#8066 = CARTESIAN_POINT('',(3.14159265359,93.659792798108));
#8067 = CARTESIAN_POINT('',(3.337942202435,93.659792798108));
#8068 = CARTESIAN_POINT('',(3.534291751277,93.866432983705));
#8069 = CARTESIAN_POINT('',(3.730641300121,94.279711599578));
#8070 = CARTESIAN_POINT('',(3.926990848959,94.882640532858));
#8071 = CARTESIAN_POINT('',(4.123340397809,95.641209055146));
#8072 = CARTESIAN_POINT('',(4.319689946655,96.50796696615));
#8073 = CARTESIAN_POINT('',(4.516039495507,97.428824877396));
#8074 = CARTESIAN_POINT('',(4.712389044352,98.349682556731));
#8075 = ( GEOMETRIC_REPRESENTATION_CONTEXT(2) 
PARAMETRIC_REPRESENTATION_CONTEXT() REPRESENTATION_CONTEXT('2D SPACE',''
  ) );
#8076 = PCURVE('',#8077,#8082);
#8077 = CYLINDRICAL_SURFACE('',#8078,5.);
#8078 = AXIS2_PLACEMENT_3D('',#8079,#8080,#8081);
#8079 = CARTESIAN_POINT('',(490.,-30.,350.));
#8080 = DIRECTION('',(0.844329420183,0.,0.535824439731));
#8081 = DIRECTION('',(-0.535824439731,0.,0.844329420183));
#8082 = DEFINITIONAL_REPRESENTATION('',(#8083),#8093);
#8083 = B_SPLINE_CURVE_WITH_KNOTS('',8,(#8084,#8085,#8086,#8087,#8088,
    #8089,#8090,#8091,#8092),.UNSPECIFIED.,.F.,.F.,(9,9),(3.14159265359,
    4.712389044352),.PIECEWISE_BEZIER_KNOTS.);
#8084 = CARTESIAN_POINT('',(0.,4.689889458624));
#8085 = CARTESIAN_POINT('',(0.196349548845,4.689889458624));
#8086 = CARTESIAN_POINT('',(0.39269909769,4.483249272955));
#8087 = CARTESIAN_POINT('',(0.589048646534,4.069970657043));
#8088 = CARTESIAN_POINT('',(0.785398195383,3.467041723288));
#8089 = CARTESIAN_POINT('',(0.981747744225,2.708473201508));
#8090 = CARTESIAN_POINT('',(1.178097293071,1.841715290528));
#8091 = CARTESIAN_POINT('',(1.374446841917,0.920857379335));
#8092 = CARTESIAN_POINT('',(1.570796390762,-3.000000106113E-07));
#8093 = ( GEOMETRIC_REPRESENTATION_CONTEXT(2) 
PARAMETRIC_REPRESENTATION_CONTEXT() REPRESENTATION_CONTEXT('2D SPACE',''
  ) );
#8094 = ORIENTED_EDGE('',*,*,#8095,.F.);
#8095 = EDGE_CURVE('',#8096,#8055,#8098,.T.);
#8096 = VERTEX_POINT('',#8097);
#8097 = CARTESIAN_POINT('',(490.,-25.,350.));
#8098 = SURFACE_CURVE('',#8099,(#8104,#8117),.PCURVE_S1.);
#8099 = ELLIPSE('',#8100,6.855294532995,5.);
#8100 = AXIS2_PLACEMENT_3D('',#8101,#8102,#8103);
#8101 = CARTESIAN_POINT('',(490.,-30.,350.));
#8102 = DIRECTION('',(0.982394623611,0.,-0.186817567429));
#8103 = DIRECTION('',(-0.186817567429,0.,-0.982394623611));
#8104 = PCURVE('',#8006,#8105);
#8105 = DEFINITIONAL_REPRESENTATION('',(#8106),#8116);
#8106 = B_SPLINE_CURVE_WITH_KNOTS('',8,(#8107,#8108,#8109,#8110,#8111,
    #8112,#8113,#8114,#8115),.UNSPECIFIED.,.F.,.F.,(9,9),(1.570796262828
    ,3.14159265359),.PIECEWISE_BEZIER_KNOTS.);
#8107 = CARTESIAN_POINT('',(1.570796262827,98.349682556731));
#8108 = CARTESIAN_POINT('',(1.767145811673,97.428824877396));
#8109 = CARTESIAN_POINT('',(1.963495360516,96.507966966252));
#8110 = CARTESIAN_POINT('',(2.159844909369,95.641209054738));
#8111 = CARTESIAN_POINT('',(2.356194458191,94.88264053379));
#8112 = CARTESIAN_POINT('',(2.552544007056,94.279711599229));
#8113 = CARTESIAN_POINT('',(2.748893555898,93.866432983777));
#8114 = CARTESIAN_POINT('',(2.945243104745,93.659792798108));
#8115 = CARTESIAN_POINT('',(3.14159265359,93.659792798108));
#8116 = ( GEOMETRIC_REPRESENTATION_CONTEXT(2) 
PARAMETRIC_REPRESENTATION_CONTEXT() REPRESENTATION_CONTEXT('2D SPACE',''
  ) );
#8117 = PCURVE('',#8077,#8118);
#8118 = DEFINITIONAL_REPRESENTATION('',(#8119),#8129);
#8119 = B_SPLINE_CURVE_WITH_KNOTS('',8,(#8120,#8121,#8122,#8123,#8124,
    #8125,#8126,#8127,#8128),.UNSPECIFIED.,.F.,.F.,(9,9),(1.570796262828
    ,3.14159265359),.PIECEWISE_BEZIER_KNOTS.);
#8120 = CARTESIAN_POINT('',(4.712388916417,-3.000000106113E-07));
#8121 = CARTESIAN_POINT('',(4.908738465263,0.920857379335));
#8122 = CARTESIAN_POINT('',(5.105088014108,1.841715290527));
#8123 = CARTESIAN_POINT('',(5.301437562951,2.708473201516));
#8124 = CARTESIAN_POINT('',(5.497787111803,3.46704172331));
#8125 = CARTESIAN_POINT('',(5.694136660643,4.069970657038));
#8126 = CARTESIAN_POINT('',(5.89048620949,4.483249272955));
#8127 = CARTESIAN_POINT('',(6.086835758334,4.689889458624));
#8128 = CARTESIAN_POINT('',(6.28318530718,4.689889458624));
#8129 = ( GEOMETRIC_REPRESENTATION_CONTEXT(2) 
PARAMETRIC_REPRESENTATION_CONTEXT() REPRESENTATION_CONTEXT('2D SPACE',''
  ) );
#8130 = ORIENTED_EDGE('',*,*,#8131,.F.);
#8131 = EDGE_CURVE('',#7998,#8096,#8132,.T.);
#8132 = SURFACE_CURVE('',#8133,(#8138,#8145),.PCURVE_S1.);
#8133 = CIRCLE('',#8134,5.);
#8134 = AXIS2_PLACEMENT_3D('',#8135,#8136,#8137);
#8135 = CARTESIAN_POINT('',(490.,-30.,350.));
#8136 = DIRECTION('',(0.588715679313,0.,-0.80834018144));
#8137 = DIRECTION('',(-0.80834018144,0.,-0.588715679313));
#8138 = PCURVE('',#8006,#8139);
#8139 = DEFINITIONAL_REPRESENTATION('',(#8140),#8144);
#8140 = LINE('',#8141,#8142);
#8141 = CARTESIAN_POINT('',(0.,98.349682256731));
#8142 = VECTOR('',#8143,1.);
#8143 = DIRECTION('',(1.,0.));
#8144 = ( GEOMETRIC_REPRESENTATION_CONTEXT(2) 
PARAMETRIC_REPRESENTATION_CONTEXT() REPRESENTATION_CONTEXT('2D SPACE',''
  ) );
#8145 = PCURVE('',#8042,#8146);
#8146 = DEFINITIONAL_REPRESENTATION('',(#8147),#8151);
#8147 = CIRCLE('',#8148,5.);
#8148 = AXIS2_PLACEMENT_2D('',#8149,#8150);
#8149 = CARTESIAN_POINT('',(0.,0.));
#8150 = DIRECTION('',(1.,0.));
#8151 = ( GEOMETRIC_REPRESENTATION_CONTEXT(2) 
PARAMETRIC_REPRESENTATION_CONTEXT() REPRESENTATION_CONTEXT('2D SPACE',''
  ) );
#8152 = ORIENTED_EDGE('',*,*,#7995,.F.);
#8153 = ORIENTED_EDGE('',*,*,#8154,.T.);
#8154 = EDGE_CURVE('',#7996,#7996,#8155,.T.);
#8155 = SURFACE_CURVE('',#8156,(#8161,#8168),.PCURVE_S1.);
#8156 = CIRCLE('',#8157,5.);
#8157 = AXIS2_PLACEMENT_3D('',#8158,#8159,#8160);
#8158 = CARTESIAN_POINT('',(432.1,-30.,429.5));
#8159 = DIRECTION('',(0.588715679313,0.,-0.80834018144));
#8160 = DIRECTION('',(-0.80834018144,0.,-0.588715679313));
#8161 = PCURVE('',#8006,#8162);
#8162 = DEFINITIONAL_REPRESENTATION('',(#8163),#8167);
#8163 = LINE('',#8164,#8165);
#8164 = CARTESIAN_POINT('',(0.,0.));
#8165 = VECTOR('',#8166,1.);
#8166 = DIRECTION('',(1.,0.));
#8167 = ( GEOMETRIC_REPRESENTATION_CONTEXT(2) 
PARAMETRIC_REPRESENTATION_CONTEXT() REPRESENTATION_CONTEXT('2D SPACE',''
  ) );
#8168 = PCURVE('',#8169,#8174);
#8169 = PLANE('',#8170);
#8170 = AXIS2_PLACEMENT_3D('',#8171,#8172,#8173);
#8171 = CARTESIAN_POINT('',(432.1,-30.,429.5));
#8172 = DIRECTION('',(0.588715679313,0.,-0.80834018144));
#8173 = DIRECTION('',(-0.80834018144,0.,-0.588715679313));
#8174 = DEFINITIONAL_REPRESENTATION('',(#8175),#8179);
#8175 = CIRCLE('',#8176,5.);
#8176 = AXIS2_PLACEMENT_2D('',#8177,#8178);
#8177 = CARTESIAN_POINT('',(0.,0.));
#8178 = DIRECTION('',(1.,0.));
#8179 = ( GEOMETRIC_REPRESENTATION_CONTEXT(2) 
PARAMETRIC_REPRESENTATION_CONTEXT() REPRESENTATION_CONTEXT('2D SPACE',''
  ) );
#8180 = ADVANCED_FACE('',(#8181),#8169,.F.);
#8181 = FACE_BOUND('',#8182,.T.);
#8182 = EDGE_LOOP('',(#8183));
#8183 = ORIENTED_EDGE('',*,*,#8154,.F.);
#8184 = ADVANCED_FACE('',(#8185),#8042,.T.);
#8185 = FACE_BOUND('',#8186,.T.);
#8186 = EDGE_LOOP('',(#8187,#8188,#8189));
#8187 = ORIENTED_EDGE('',*,*,#8025,.T.);
#8188 = ORIENTED_EDGE('',*,*,#8131,.T.);
#8189 = ORIENTED_EDGE('',*,*,#8190,.T.);
#8190 = EDGE_CURVE('',#8096,#8026,#8191,.T.);
#8191 = SURFACE_CURVE('',#8192,(#8196,#8202),.PCURVE_S1.);
#8192 = LINE('',#8193,#8194);
#8193 = CARTESIAN_POINT('',(490.,-30.,350.));
#8194 = VECTOR('',#8195,1.);
#8195 = DIRECTION('',(0.,-1.,0.));
#8196 = PCURVE('',#8042,#8197);
#8197 = DEFINITIONAL_REPRESENTATION('',(#8198),#8201);
#8198 = B_SPLINE_CURVE_WITH_KNOTS('',1,(#8199,#8200),.UNSPECIFIED.,.F.,
  .F.,(2,2),(-5.,5.),.PIECEWISE_BEZIER_KNOTS.);
#8199 = CARTESIAN_POINT('',(0.,5.));
#8200 = CARTESIAN_POINT('',(0.,-5.));
#8201 = ( GEOMETRIC_REPRESENTATION_CONTEXT(2) 
PARAMETRIC_REPRESENTATION_CONTEXT() REPRESENTATION_CONTEXT('2D SPACE',''
  ) );
#8202 = PCURVE('',#8203,#8208);
#8203 = PLANE('',#8204);
#8204 = AXIS2_PLACEMENT_3D('',#8205,#8206,#8207);
#8205 = CARTESIAN_POINT('',(490.,-30.,350.));
#8206 = DIRECTION('',(0.844329420183,0.,0.535824439731));
#8207 = DIRECTION('',(-0.535824439731,0.,0.844329420183));
#8208 = DEFINITIONAL_REPRESENTATION('',(#8209),#8212);
#8209 = B_SPLINE_CURVE_WITH_KNOTS('',1,(#8210,#8211),.UNSPECIFIED.,.F.,
  .F.,(2,2),(-5.,5.),.PIECEWISE_BEZIER_KNOTS.);
#8210 = CARTESIAN_POINT('',(0.,-5.));
#8211 = CARTESIAN_POINT('',(0.,5.));
#8212 = ( GEOMETRIC_REPRESENTATION_CONTEXT(2) 
PARAMETRIC_REPRESENTATION_CONTEXT() REPRESENTATION_CONTEXT('2D SPACE',''
  ) );
#8213 = ADVANCED_FACE('',(#8214),#8077,.T.);
#8214 = FACE_BOUND('',#8215,.T.);
#8215 = EDGE_LOOP('',(#8216,#8238,#8239,#8262,#8303,#8332,#8373,#8409,
    #8443,#8444));
#8216 = ORIENTED_EDGE('',*,*,#8217,.T.);
#8217 = EDGE_CURVE('',#8026,#8096,#8218,.T.);
#8218 = SURFACE_CURVE('',#8219,(#8224,#8231),.PCURVE_S1.);
#8219 = CIRCLE('',#8220,5.);
#8220 = AXIS2_PLACEMENT_3D('',#8221,#8222,#8223);
#8221 = CARTESIAN_POINT('',(490.,-30.,350.));
#8222 = DIRECTION('',(0.844329420183,0.,0.535824439731));
#8223 = DIRECTION('',(-0.535824439731,0.,0.844329420183));
#8224 = PCURVE('',#8077,#8225);
#8225 = DEFINITIONAL_REPRESENTATION('',(#8226),#8230);
#8226 = LINE('',#8227,#8228);
#8227 = CARTESIAN_POINT('',(0.,0.));
#8228 = VECTOR('',#8229,1.);
#8229 = DIRECTION('',(1.,0.));
#8230 = ( GEOMETRIC_REPRESENTATION_CONTEXT(2) 
PARAMETRIC_REPRESENTATION_CONTEXT() REPRESENTATION_CONTEXT('2D SPACE',''
  ) );
#8231 = PCURVE('',#8203,#8232);
#8232 = DEFINITIONAL_REPRESENTATION('',(#8233),#8237);
#8233 = CIRCLE('',#8234,5.);
#8234 = AXIS2_PLACEMENT_2D('',#8235,#8236);
#8235 = CARTESIAN_POINT('',(0.,0.));
#8236 = DIRECTION('',(1.,0.));
#8237 = ( GEOMETRIC_REPRESENTATION_CONTEXT(2) 
PARAMETRIC_REPRESENTATION_CONTEXT() REPRESENTATION_CONTEXT('2D SPACE',''
  ) );
#8238 = ORIENTED_EDGE('',*,*,#8095,.T.);
#8239 = ORIENTED_EDGE('',*,*,#8240,.T.);
#8240 = EDGE_CURVE('',#8055,#8241,#8243,.T.);
#8241 = VERTEX_POINT('',#8242);
#8242 = CARTESIAN_POINT('',(1.004410717155E+03,-30.,682.37481438308));
#8243 = SEAM_CURVE('',#8244,(#8248,#8255),.PCURVE_S1.);
#8244 = LINE('',#8245,#8246);
#8245 = CARTESIAN_POINT('',(487.32087780134,-30.,354.22164710091));
#8246 = VECTOR('',#8247,1.);
#8247 = DIRECTION('',(0.844329420183,-1.232595164408E-32,0.535824439731)
  );
#8248 = PCURVE('',#8077,#8249);
#8249 = DEFINITIONAL_REPRESENTATION('',(#8250),#8254);
#8250 = LINE('',#8251,#8252);
#8251 = CARTESIAN_POINT('',(0.,-0.));
#8252 = VECTOR('',#8253,1.);
#8253 = DIRECTION('',(0.,1.));
#8254 = ( GEOMETRIC_REPRESENTATION_CONTEXT(2) 
PARAMETRIC_REPRESENTATION_CONTEXT() REPRESENTATION_CONTEXT('2D SPACE',''
  ) );
#8255 = PCURVE('',#8077,#8256);
#8256 = DEFINITIONAL_REPRESENTATION('',(#8257),#8261);
#8257 = LINE('',#8258,#8259);
#8258 = CARTESIAN_POINT('',(6.28318530718,-0.));
#8259 = VECTOR('',#8260,1.);
#8260 = DIRECTION('',(0.,1.));
#8261 = ( GEOMETRIC_REPRESENTATION_CONTEXT(2) 
PARAMETRIC_REPRESENTATION_CONTEXT() REPRESENTATION_CONTEXT('2D SPACE',''
  ) );
#8262 = ORIENTED_EDGE('',*,*,#8263,.F.);
#8263 = EDGE_CURVE('',#8264,#8241,#8266,.T.);
#8264 = VERTEX_POINT('',#8265);
#8265 = CARTESIAN_POINT('',(1.01E+03,-25.,680.));
#8266 = SURFACE_CURVE('',#8267,(#8272,#8285),.PCURVE_S1.);
#8267 = ELLIPSE('',#8268,6.072876260447,5.);
#8268 = AXIS2_PLACEMENT_3D('',#8269,#8270,#8271);
#8269 = CARTESIAN_POINT('',(1.01E+03,-30.,680.));
#8270 = DIRECTION('',(0.391052654664,0.,0.920368307408));
#8271 = DIRECTION('',(0.920368307408,0.,-0.391052654664));
#8272 = PCURVE('',#8077,#8273);
#8273 = DEFINITIONAL_REPRESENTATION('',(#8274),#8284);
#8274 = B_SPLINE_CURVE_WITH_KNOTS('',8,(#8275,#8276,#8277,#8278,#8279,
    #8280,#8281,#8282,#8283),.UNSPECIFIED.,.F.,.F.,(9,9),(1.570796208791
    ,3.14159265359),.PIECEWISE_BEZIER_KNOTS.);
#8275 = CARTESIAN_POINT('',(4.71238886238,615.87336401324));
#8276 = CARTESIAN_POINT('',(4.90873841798,615.19660357358));
#8277 = CARTESIAN_POINT('',(5.10508797358,614.51984295551));
#8278 = CARTESIAN_POINT('',(5.301437529183,613.88284172071));
#8279 = CARTESIAN_POINT('',(5.49778708478,613.32535146689));
#8280 = CARTESIAN_POINT('',(5.694136640382,612.88224448915));
#8281 = CARTESIAN_POINT('',(5.89048619598,612.57851609296));
#8282 = CARTESIAN_POINT('',(6.08683575158,612.4266512491));
#8283 = CARTESIAN_POINT('',(6.28318530718,612.4266512491));
#8284 = ( GEOMETRIC_REPRESENTATION_CONTEXT(2) 
PARAMETRIC_REPRESENTATION_CONTEXT() REPRESENTATION_CONTEXT('2D SPACE',''
  ) );
#8285 = PCURVE('',#8286,#8291);
#8286 = CYLINDRICAL_SURFACE('',#8287,5.);
#8287 = AXIS2_PLACEMENT_3D('',#8288,#8289,#8290);
#8288 = CARTESIAN_POINT('',(1.01E+03,-30.,680.));
#8289 = DIRECTION('',(-0.200396236149,0.,0.979714932283));
#8290 = DIRECTION('',(0.979714932283,0.,0.200396236149));
#8291 = DEFINITIONAL_REPRESENTATION('',(#8292),#8302);
#8292 = B_SPLINE_CURVE_WITH_KNOTS('',8,(#8293,#8294,#8295,#8296,#8297,
    #8298,#8299,#8300,#8301),.UNSPECIFIED.,.F.,.F.,(9,9),(1.570796208791
    ,3.14159265359),.PIECEWISE_BEZIER_KNOTS.);
#8293 = CARTESIAN_POINT('',(1.570796208791,-4.067267127539E-07));
#8294 = CARTESIAN_POINT('',(1.767145764391,0.676760032931));
#8295 = CARTESIAN_POINT('',(1.963495319991,1.353520651194));
#8296 = CARTESIAN_POINT('',(2.159844875583,1.990521884571));
#8297 = CARTESIAN_POINT('',(2.356194431195,2.548012137791));
#8298 = CARTESIAN_POINT('',(2.552543986778,2.991119115841));
#8299 = CARTESIAN_POINT('',(2.748893542391,3.294847513522));
#8300 = CARTESIAN_POINT('',(2.94524309799,3.446712357407));
#8301 = CARTESIAN_POINT('',(3.14159265359,3.446712357407));
#8302 = ( GEOMETRIC_REPRESENTATION_CONTEXT(2) 
PARAMETRIC_REPRESENTATION_CONTEXT() REPRESENTATION_CONTEXT('2D SPACE',''
  ) );
#8303 = ORIENTED_EDGE('',*,*,#8304,.F.);
#8304 = EDGE_CURVE('',#8305,#8264,#8307,.T.);
#8305 = VERTEX_POINT('',#8306);
#8306 = CARTESIAN_POINT('',(1.01025782446E+03,-25.02320663753,
    679.59373115408));
#8307 = SURFACE_CURVE('',#8308,(#8313,#8320),.PCURVE_S1.);
#8308 = CIRCLE('',#8309,5.);
#8309 = AXIS2_PLACEMENT_3D('',#8310,#8311,#8312);
#8310 = CARTESIAN_POINT('',(1.01E+03,-30.,680.));
#8311 = DIRECTION('',(0.844329420183,0.,0.535824439731));
#8312 = DIRECTION('',(-0.535824439731,0.,0.844329420183));
#8313 = PCURVE('',#8077,#8314);
#8314 = DEFINITIONAL_REPRESENTATION('',(#8315),#8319);
#8315 = LINE('',#8316,#8317);
#8316 = CARTESIAN_POINT('',(0.,615.87336360651));
#8317 = VECTOR('',#8318,1.);
#8318 = DIRECTION('',(1.,0.));
#8319 = ( GEOMETRIC_REPRESENTATION_CONTEXT(2) 
PARAMETRIC_REPRESENTATION_CONTEXT() REPRESENTATION_CONTEXT('2D SPACE',''
  ) );
#8320 = PCURVE('',#8321,#8326);
#8321 = PLANE('',#8322);
#8322 = AXIS2_PLACEMENT_3D('',#8323,#8324,#8325);
#8323 = CARTESIAN_POINT('',(1.01E+03,-30.,680.));
#8324 = DIRECTION('',(0.844329420183,0.,0.535824439731));
#8325 = DIRECTION('',(-0.535824439731,0.,0.844329420183));
#8326 = DEFINITIONAL_REPRESENTATION('',(#8327),#8331);
#8327 = CIRCLE('',#8328,5.);
#8328 = AXIS2_PLACEMENT_2D('',#8329,#8330);
#8329 = CARTESIAN_POINT('',(0.,0.));
#8330 = DIRECTION('',(1.,0.));
#8331 = ( GEOMETRIC_REPRESENTATION_CONTEXT(2) 
PARAMETRIC_REPRESENTATION_CONTEXT() REPRESENTATION_CONTEXT('2D SPACE',''
  ) );
#8332 = ORIENTED_EDGE('',*,*,#8333,.F.);
#8333 = EDGE_CURVE('',#8334,#8305,#8336,.T.);
#8334 = VERTEX_POINT('',#8335);
#8335 = CARTESIAN_POINT('',(1.007820350814E+03,-30.54679524362,
    672.73041928591));
#8336 = SURFACE_CURVE('',#8337,(#8342,#8355),.PCURVE_S1.);
#8337 = ELLIPSE('',#8338,7.609361803662,5.);
#8338 = AXIS2_PLACEMENT_3D('',#8339,#8340,#8341);
#8339 = CARTESIAN_POINT('',(1.01E+03,-30.,680.));
#8340 = DIRECTION('',(0.956834926966,-7.254325915403E-02,-0.281432759447
    ));
#8341 = DIRECTION('',(0.286020951075,6.323439446107E-02,0.956134628022)
  );
#8342 = PCURVE('',#8077,#8343);
#8343 = DEFINITIONAL_REPRESENTATION('',(#8344),#8354);
#8344 = B_SPLINE_CURVE_WITH_KNOTS('',8,(#8345,#8346,#8347,#8348,#8349,
    #8350,#8351,#8352,#8353),.UNSPECIFIED.,.F.,.F.,(9,9),(3.128398284907
    ,4.712389085448),.PIECEWISE_BEZIER_KNOTS.);
#8345 = CARTESIAN_POINT('',(3.032014445216,610.1378026601));
#8346 = CARTESIAN_POINT('',(3.230013295283,610.1228178106));
#8347 = CARTESIAN_POINT('',(3.428012145347,610.36480958329));
#8348 = CARTESIAN_POINT('',(3.626010995426,610.8646708643));
#8349 = CARTESIAN_POINT('',(3.824009845488,611.60181439202));
#8350 = CARTESIAN_POINT('',(4.022008695556,612.53401318332));
#8351 = CARTESIAN_POINT('',(4.220007545619,613.60189723211));
#8352 = CARTESIAN_POINT('',(4.418006395689,614.73763087803));
#8353 = CARTESIAN_POINT('',(4.616005245757,615.87336420916));
#8354 = ( GEOMETRIC_REPRESENTATION_CONTEXT(2) 
PARAMETRIC_REPRESENTATION_CONTEXT() REPRESENTATION_CONTEXT('2D SPACE',''
  ) );
#8355 = PCURVE('',#8356,#8361);
#8356 = CYLINDRICAL_SURFACE('',#8357,5.);
#8357 = AXIS2_PLACEMENT_3D('',#8358,#8359,#8360);
#8358 = CARTESIAN_POINT('',(1.01E+03,-30.,680.));
#8359 = DIRECTION('',(0.413114964319,-9.533422253507E-02,-0.905675114083
    ));
#8360 = DIRECTION('',(-0.909819048293,0.,-0.415005179923));
#8361 = DEFINITIONAL_REPRESENTATION('',(#8362),#8372);
#8362 = B_SPLINE_CURVE_WITH_KNOTS('',8,(#8363,#8364,#8365,#8366,#8367,
    #8368,#8369,#8370,#8371),.UNSPECIFIED.,.F.,.F.,(9,9),(3.128398284907
    ,4.712389085448),.PIECEWISE_BEZIER_KNOTS.);
#8363 = CARTESIAN_POINT('',(0.,5.735560946408));
#8364 = CARTESIAN_POINT('',(0.197998850068,5.750545795906));
#8365 = CARTESIAN_POINT('',(0.395997700135,5.508554022269));
#8366 = CARTESIAN_POINT('',(0.593996550204,5.008692744623));
#8367 = CARTESIAN_POINT('',(0.791995400265,4.271549208443));
#8368 = CARTESIAN_POINT('',(0.989994250341,3.339350427212));
#8369 = CARTESIAN_POINT('',(1.187993100405,2.271466373231));
#8370 = CARTESIAN_POINT('',(1.385991950474,1.13573272848));
#8371 = CARTESIAN_POINT('',(1.583990800541,-6.026502887835E-07));
#8372 = ( GEOMETRIC_REPRESENTATION_CONTEXT(2) 
PARAMETRIC_REPRESENTATION_CONTEXT() REPRESENTATION_CONTEXT('2D SPACE',''
  ) );
#8373 = ORIENTED_EDGE('',*,*,#8374,.F.);
#8374 = EDGE_CURVE('',#8375,#8334,#8377,.T.);
#8375 = VERTEX_POINT('',#8376);
#8376 = CARTESIAN_POINT('',(1.009663642842E+03,-34.99093802378,
    680.14291382983));
#8377 = SURFACE_CURVE('',#8378,(#8383,#8396),.PCURVE_S1.);
#8378 = ELLIPSE('',#8379,7.609361803662,5.);
#8379 = AXIS2_PLACEMENT_3D('',#8380,#8381,#8382);
#8380 = CARTESIAN_POINT('',(1.01E+03,-30.,680.));
#8381 = DIRECTION('',(0.956834926966,-7.254325915403E-02,-0.281432759447
    ));
#8382 = DIRECTION('',(0.286020951075,6.323439446107E-02,0.956134628022)
  );
#8383 = PCURVE('',#8077,#8384);
#8384 = DEFINITIONAL_REPRESENTATION('',(#8385),#8395);
#8385 = B_SPLINE_CURVE_WITH_KNOTS('',8,(#8386,#8387,#8388,#8389,#8390,
    #8391,#8392,#8393,#8394),.UNSPECIFIED.,.F.,.F.,(9,9),(1.570796305451
    ,3.128398284907),.PIECEWISE_BEZIER_KNOTS.);
#8386 = CARTESIAN_POINT('',(1.47441246576,615.87336372894));
#8387 = CARTESIAN_POINT('',(1.669112713192,614.75655138123));
#8388 = CARTESIAN_POINT('',(1.863812960619,613.63973877794));
#8389 = CARTESIAN_POINT('',(2.058513208068,612.587440714));
#8390 = CARTESIAN_POINT('',(2.253213455473,611.66415961645));
#8391 = CARTESIAN_POINT('',(2.447913702928,610.92661193106));
#8392 = CARTESIAN_POINT('',(2.642613950348,610.41575868404));
#8393 = CARTESIAN_POINT('',(2.837314197784,610.15253786641));
#8394 = CARTESIAN_POINT('',(3.032014445216,610.1378026601));
#8395 = ( GEOMETRIC_REPRESENTATION_CONTEXT(2) 
PARAMETRIC_REPRESENTATION_CONTEXT() REPRESENTATION_CONTEXT('2D SPACE',''
  ) );
#8396 = PCURVE('',#8356,#8397);
#8397 = DEFINITIONAL_REPRESENTATION('',(#8398),#8408);
#8398 = B_SPLINE_CURVE_WITH_KNOTS('',8,(#8399,#8400,#8401,#8402,#8403,
    #8404,#8405,#8406,#8407),.UNSPECIFIED.,.F.,.F.,(9,9),(1.570796305451
    ,3.128398284907),.PIECEWISE_BEZIER_KNOTS.);
#8399 = CARTESIAN_POINT('',(4.725583327724,-1.224282755174E-07));
#8400 = CARTESIAN_POINT('',(4.920283575156,1.116812225281));
#8401 = CARTESIAN_POINT('',(5.114983822588,2.23362482761));
#8402 = CARTESIAN_POINT('',(5.309684070021,3.285922892361));
#8403 = CARTESIAN_POINT('',(5.504384317456,4.209203985101));
#8404 = CARTESIAN_POINT('',(5.699084564885,4.946751675814));
#8405 = CARTESIAN_POINT('',(5.893784812316,5.457604921906));
#8406 = CARTESIAN_POINT('',(6.088485059748,5.720825740096));
#8407 = CARTESIAN_POINT('',(6.28318530718,5.735560946408));
#8408 = ( GEOMETRIC_REPRESENTATION_CONTEXT(2) 
PARAMETRIC_REPRESENTATION_CONTEXT() REPRESENTATION_CONTEXT('2D SPACE',''
  ) );
#8409 = ORIENTED_EDGE('',*,*,#8410,.F.);
#8410 = EDGE_CURVE('',#8241,#8375,#8411,.T.);
#8411 = SURFACE_CURVE('',#8412,(#8417,#8430),.PCURVE_S1.);
#8412 = ELLIPSE('',#8413,6.072876260447,5.);
#8413 = AXIS2_PLACEMENT_3D('',#8414,#8415,#8416);
#8414 = CARTESIAN_POINT('',(1.01E+03,-30.,680.));
#8415 = DIRECTION('',(0.391052654664,0.,0.920368307408));
#8416 = DIRECTION('',(0.920368307408,0.,-0.391052654664));
#8417 = PCURVE('',#8077,#8418);
#8418 = DEFINITIONAL_REPRESENTATION('',(#8419),#8429);
#8419 = B_SPLINE_CURVE_WITH_KNOTS('',8,(#8420,#8421,#8422,#8423,#8424,
    #8425,#8426,#8427,#8428),.UNSPECIFIED.,.F.,.F.,(9,9),(3.14159265359,
    4.712389067424),.PIECEWISE_BEZIER_KNOTS.);
#8420 = CARTESIAN_POINT('',(0.,612.4266512491));
#8421 = CARTESIAN_POINT('',(0.196349551729,612.4266512491));
#8422 = CARTESIAN_POINT('',(0.392699103459,612.57851608697));
#8423 = CARTESIAN_POINT('',(0.589048655188,612.88224447076));
#8424 = CARTESIAN_POINT('',(0.785398206915,613.32535143429));
#8425 = CARTESIAN_POINT('',(0.981747758647,613.88284166483));
#8426 = CARTESIAN_POINT('',(1.178097310375,614.51984287984));
#8427 = CARTESIAN_POINT('',(1.374446862105,615.19660348019));
#8428 = CARTESIAN_POINT('',(1.570796413834,615.87336390651));
#8429 = ( GEOMETRIC_REPRESENTATION_CONTEXT(2) 
PARAMETRIC_REPRESENTATION_CONTEXT() REPRESENTATION_CONTEXT('2D SPACE',''
  ) );
#8430 = PCURVE('',#8286,#8431);
#8431 = DEFINITIONAL_REPRESENTATION('',(#8432),#8442);
#8432 = B_SPLINE_CURVE_WITH_KNOTS('',8,(#8433,#8434,#8435,#8436,#8437,
    #8438,#8439,#8440,#8441),.UNSPECIFIED.,.F.,.F.,(9,9),(3.14159265359,
    4.712389067424),.PIECEWISE_BEZIER_KNOTS.);
#8433 = CARTESIAN_POINT('',(3.14159265359,3.446712357407));
#8434 = CARTESIAN_POINT('',(3.337942205319,3.446712357407));
#8435 = CARTESIAN_POINT('',(3.534291757044,3.294847519505));
#8436 = CARTESIAN_POINT('',(3.730641308779,2.991119133812));
#8437 = CARTESIAN_POINT('',(3.926990860502,2.548012172709));
#8438 = CARTESIAN_POINT('',(4.123340412247,1.990521939532));
#8439 = CARTESIAN_POINT('',(4.319689963961,1.353520726534));
#8440 = CARTESIAN_POINT('',(4.516039515695,0.676760126317));
#8441 = CARTESIAN_POINT('',(4.712389067424,-3.000000106113E-07));
#8442 = ( GEOMETRIC_REPRESENTATION_CONTEXT(2) 
PARAMETRIC_REPRESENTATION_CONTEXT() REPRESENTATION_CONTEXT('2D SPACE',''
  ) );
#8443 = ORIENTED_EDGE('',*,*,#8240,.F.);
#8444 = ORIENTED_EDGE('',*,*,#8054,.T.);
#8445 = ADVANCED_FACE('',(#8446),#8203,.F.);
#8446 = FACE_BOUND('',#8447,.F.);
#8447 = EDGE_LOOP('',(#8448,#8449));
#8448 = ORIENTED_EDGE('',*,*,#8190,.T.);
#8449 = ORIENTED_EDGE('',*,*,#8217,.T.);
#8450 = ADVANCED_FACE('',(#8451),#8286,.T.);
#8451 = FACE_BOUND('',#8452,.T.);
#8452 = EDGE_LOOP('',(#8453,#8485,#8508,#8537,#8578,#8612,#8634,#8635,
    #8669,#8696,#8697,#8698));
#8453 = ORIENTED_EDGE('',*,*,#8454,.F.);
#8454 = EDGE_CURVE('',#8455,#8457,#8459,.T.);
#8455 = VERTEX_POINT('',#8456);
#8456 = CARTESIAN_POINT('',(1.014785035035E+03,-30.,681.55706379921));
#8457 = VERTEX_POINT('',#8458);
#8458 = CARTESIAN_POINT('',(1.014381525351E+03,-31.96366966126,
    681.52505302773));
#8459 = SURFACE_CURVE('',#8460,(#8465,#8475),.PCURVE_S1.);
#8460 = ELLIPSE('',#8461,5.03781199338,5.);
#8461 = AXIS2_PLACEMENT_3D('',#8462,#8463,#8464);
#8462 = CARTESIAN_POINT('',(1.01E+03,-30.,680.));
#8463 = DIRECTION('',(0.309075408379,-4.802758896667E-02,-0.949824058778
    ));
#8464 = DIRECTION('',(0.869727841596,-0.389786213508,0.30272130634));
#8465 = PCURVE('',#8286,#8466);
#8466 = DEFINITIONAL_REPRESENTATION('',(#8467),#8474);
#8467 = B_SPLINE_CURVE_WITH_KNOTS('',5,(#8468,#8469,#8470,#8471,#8472,
    #8473),.UNSPECIFIED.,.F.,.F.,(6,6),(5.879582805196,6.28318530718),
  .PIECEWISE_BEZIER_KNOTS.);
#8468 = CARTESIAN_POINT('',(6.283185307179,0.566575643746));
#8469 = CARTESIAN_POINT('',(6.202464806783,0.58610628877));
#8470 = CARTESIAN_POINT('',(6.121744306386,0.601022396171));
#8471 = CARTESIAN_POINT('',(6.041023805989,0.611058329642));
#8472 = CARTESIAN_POINT('',(5.960303305592,0.616076034789));
#8473 = CARTESIAN_POINT('',(5.879582805195,0.616076034789));
#8474 = ( GEOMETRIC_REPRESENTATION_CONTEXT(2) 
PARAMETRIC_REPRESENTATION_CONTEXT() REPRESENTATION_CONTEXT('2D SPACE',''
  ) );
#8475 = PCURVE('',#8356,#8476);
#8476 = DEFINITIONAL_REPRESENTATION('',(#8477),#8484);
#8477 = B_SPLINE_CURVE_WITH_KNOTS('',5,(#8478,#8479,#8480,#8481,#8482,
    #8483),.UNSPECIFIED.,.F.,.F.,(6,6),(5.879582805196,6.28318530718),
  .PIECEWISE_BEZIER_KNOTS.);
#8478 = CARTESIAN_POINT('',(3.130740202397,0.566575643746));
#8479 = CARTESIAN_POINT('',(3.211460702794,0.58610628877));
#8480 = CARTESIAN_POINT('',(3.292181203191,0.601022396171));
#8481 = CARTESIAN_POINT('',(3.372901703588,0.611058329642));
#8482 = CARTESIAN_POINT('',(3.453622203985,0.616076034789));
#8483 = CARTESIAN_POINT('',(3.534342704381,0.616076034789));
#8484 = ( GEOMETRIC_REPRESENTATION_CONTEXT(2) 
PARAMETRIC_REPRESENTATION_CONTEXT() REPRESENTATION_CONTEXT('2D SPACE',''
  ) );
#8485 = ORIENTED_EDGE('',*,*,#8486,.T.);
#8486 = EDGE_CURVE('',#8455,#8487,#8489,.T.);
#8487 = VERTEX_POINT('',#8488);
#8488 = CARTESIAN_POINT('',(969.89857466141,-30.,901.00198118074));
#8489 = SEAM_CURVE('',#8490,(#8494,#8501),.PCURVE_S1.);
#8490 = LINE('',#8491,#8492);
#8491 = CARTESIAN_POINT('',(1.014898574661E+03,-30.,681.00198118074));
#8492 = VECTOR('',#8493,1.);
#8493 = DIRECTION('',(-0.200396236149,6.162975822039E-33,0.979714932283)
  );
#8494 = PCURVE('',#8286,#8495);
#8495 = DEFINITIONAL_REPRESENTATION('',(#8496),#8500);
#8496 = LINE('',#8497,#8498);
#8497 = CARTESIAN_POINT('',(0.,-0.));
#8498 = VECTOR('',#8499,1.);
#8499 = DIRECTION('',(0.,1.));
#8500 = ( GEOMETRIC_REPRESENTATION_CONTEXT(2) 
PARAMETRIC_REPRESENTATION_CONTEXT() REPRESENTATION_CONTEXT('2D SPACE',''
  ) );
#8501 = PCURVE('',#8286,#8502);
#8502 = DEFINITIONAL_REPRESENTATION('',(#8503),#8507);
#8503 = LINE('',#8504,#8505);
#8504 = CARTESIAN_POINT('',(6.28318530718,-0.));
#8505 = VECTOR('',#8506,1.);
#8506 = DIRECTION('',(0.,1.));
#8507 = ( GEOMETRIC_REPRESENTATION_CONTEXT(2) 
PARAMETRIC_REPRESENTATION_CONTEXT() REPRESENTATION_CONTEXT('2D SPACE',''
  ) );
#8508 = ORIENTED_EDGE('',*,*,#8509,.F.);
#8509 = EDGE_CURVE('',#8510,#8487,#8512,.T.);
#8510 = VERTEX_POINT('',#8511);
#8511 = CARTESIAN_POINT('',(969.89641729289,-30.1483762816,
    901.00153990081));
#8512 = SURFACE_CURVE('',#8513,(#8518,#8525),.PCURVE_S1.);
#8513 = CIRCLE('',#8514,5.);
#8514 = AXIS2_PLACEMENT_3D('',#8515,#8516,#8517);
#8515 = CARTESIAN_POINT('',(965.,-30.,900.));
#8516 = DIRECTION('',(-0.200396236149,0.,0.979714932283));
#8517 = DIRECTION('',(0.979714932283,0.,0.200396236149));
#8518 = PCURVE('',#8286,#8519);
#8519 = DEFINITIONAL_REPRESENTATION('',(#8520),#8524);
#8520 = LINE('',#8521,#8522);
#8521 = CARTESIAN_POINT('',(0.,224.55511572885));
#8522 = VECTOR('',#8523,1.);
#8523 = DIRECTION('',(1.,0.));
#8524 = ( GEOMETRIC_REPRESENTATION_CONTEXT(2) 
PARAMETRIC_REPRESENTATION_CONTEXT() REPRESENTATION_CONTEXT('2D SPACE',''
  ) );
#8525 = PCURVE('',#8526,#8531);
#8526 = PLANE('',#8527);
#8527 = AXIS2_PLACEMENT_3D('',#8528,#8529,#8530);
#8528 = CARTESIAN_POINT('',(965.,-30.,900.));
#8529 = DIRECTION('',(-0.200396236149,0.,0.979714932283));
#8530 = DIRECTION('',(0.979714932283,0.,0.200396236149));
#8531 = DEFINITIONAL_REPRESENTATION('',(#8532),#8536);
#8532 = CIRCLE('',#8533,5.);
#8533 = AXIS2_PLACEMENT_2D('',#8534,#8535);
#8534 = CARTESIAN_POINT('',(0.,0.));
#8535 = DIRECTION('',(1.,0.));
#8536 = ( GEOMETRIC_REPRESENTATION_CONTEXT(2) 
PARAMETRIC_REPRESENTATION_CONTEXT() REPRESENTATION_CONTEXT('2D SPACE',''
  ) );
#8537 = ORIENTED_EDGE('',*,*,#8538,.F.);
#8538 = EDGE_CURVE('',#8539,#8510,#8541,.T.);
#8539 = VERTEX_POINT('',#8540);
#8540 = CARTESIAN_POINT('',(964.64244848872,-34.91881004875,
    897.26995457339));
#8541 = SURFACE_CURVE('',#8542,(#8547,#8560),.PCURVE_S1.);
#8542 = ELLIPSE('',#8543,5.650847972764,5.);
#8543 = AXIS2_PLACEMENT_3D('',#8544,#8545,#8546);
#8544 = CARTESIAN_POINT('',(965.,-30.,900.));
#8545 = DIRECTION('',(-0.190861232912,-0.465722198596,0.864103479628));
#8546 = DIRECTION('',(-6.764538067279E-02,0.884433272156,0.461737901386)
  );
#8547 = PCURVE('',#8286,#8548);
#8548 = DEFINITIONAL_REPRESENTATION('',(#8549),#8559);
#8549 = B_SPLINE_CURVE_WITH_KNOTS('',8,(#8550,#8551,#8552,#8553,#8554,
    #8555,#8556,#8557,#8558),.UNSPECIFIED.,.F.,.F.,(9,9),(2.990816583201
    ,4.712389201748),.PIECEWISE_BEZIER_KNOTS.);
#8550 = CARTESIAN_POINT('',(4.531933296507,221.9521014357));
#8551 = CARTESIAN_POINT('',(4.747129873825,221.86699686168));
#8552 = CARTESIAN_POINT('',(4.962326451135,221.91965761836));
#8553 = CARTESIAN_POINT('',(5.177523028466,222.1160872539));
#8554 = CARTESIAN_POINT('',(5.392719605752,222.44868939928));
#8555 = CARTESIAN_POINT('',(5.607916183111,222.89533677091));
#8556 = CARTESIAN_POINT('',(5.823112760409,223.42194038929));
#8557 = CARTESIAN_POINT('',(6.038309337736,223.98852849621));
#8558 = CARTESIAN_POINT('',(6.253505915054,224.55511631168));
#8559 = ( GEOMETRIC_REPRESENTATION_CONTEXT(2) 
PARAMETRIC_REPRESENTATION_CONTEXT() REPRESENTATION_CONTEXT('2D SPACE',''
  ) );
#8560 = PCURVE('',#8561,#8566);
#8561 = CYLINDRICAL_SURFACE('',#8562,5.);
#8562 = AXIS2_PLACEMENT_3D('',#8563,#8564,#8565);
#8563 = CARTESIAN_POINT('',(965.,-30.,900.));
#8564 = DIRECTION('',(-0.137360563949,-0.824163383692,0.549442255795));
#8565 = DIRECTION('',(-1.387778780781E-17,-0.554700196225,
    -0.832050294338));
#8566 = DEFINITIONAL_REPRESENTATION('',(#8567),#8577);
#8567 = B_SPLINE_CURVE_WITH_KNOTS('',8,(#8568,#8569,#8570,#8571,#8572,
    #8573,#8574,#8575,#8576),.UNSPECIFIED.,.F.,.F.,(9,9),(2.990816583201
    ,4.712389201748),.PIECEWISE_BEZIER_KNOTS.);
#8568 = CARTESIAN_POINT('',(-3.179678742526E-13,2.603014293154));
#8569 = CARTESIAN_POINT('',(0.215196577318,2.688118867172));
#8570 = CARTESIAN_POINT('',(0.430393154637,2.635458110418));
#8571 = CARTESIAN_POINT('',(0.645589731955,2.439028474748));
#8572 = CARTESIAN_POINT('',(0.860786309272,2.106426329314));
#8573 = CARTESIAN_POINT('',(1.075982886592,1.659778957968));
#8574 = CARTESIAN_POINT('',(1.29117946391,1.133175339522));
#8575 = CARTESIAN_POINT('',(1.506376041229,0.56658723264));
#8576 = CARTESIAN_POINT('',(1.721572618548,-5.828252369611E-07));
#8577 = ( GEOMETRIC_REPRESENTATION_CONTEXT(2) 
PARAMETRIC_REPRESENTATION_CONTEXT() REPRESENTATION_CONTEXT('2D SPACE',''
  ) );
#8578 = ORIENTED_EDGE('',*,*,#8579,.F.);
#8579 = EDGE_CURVE('',#8580,#8539,#8582,.T.);
#8580 = VERTEX_POINT('',#8581);
#8581 = CARTESIAN_POINT('',(960.1035827071,-29.85162371839,
    898.99846009918));
#8582 = SURFACE_CURVE('',#8583,(#8588,#8600),.PCURVE_S1.);
#8583 = ELLIPSE('',#8584,5.650847972764,5.);
#8584 = AXIS2_PLACEMENT_3D('',#8585,#8586,#8587);
#8585 = CARTESIAN_POINT('',(965.,-30.,900.));
#8586 = DIRECTION('',(-0.190861232912,-0.465722198596,0.864103479628));
#8587 = DIRECTION('',(-6.764538067279E-02,0.884433272156,0.461737901386)
  );
#8588 = PCURVE('',#8286,#8589);
#8589 = DEFINITIONAL_REPRESENTATION('',(#8590),#8599);
#8590 = B_SPLINE_CURVE_WITH_KNOTS('',7,(#8591,#8592,#8593,#8594,#8595,
    #8596,#8597,#8598),.UNSPECIFIED.,.F.,.F.,(8,8),(1.570796212851,
    2.990816583201),.PIECEWISE_BEZIER_KNOTS.);
#8591 = CARTESIAN_POINT('',(3.111912926157,224.55511602885));
#8592 = CARTESIAN_POINT('',(3.314772979064,224.02100886203));
#8593 = CARTESIAN_POINT('',(3.517633031972,223.48690266833));
#8594 = CARTESIAN_POINT('',(3.720493084878,222.98868974894));
#8595 = CARTESIAN_POINT('',(3.923353137787,222.56229969023));
#8596 = CARTESIAN_POINT('',(4.126213190692,222.23752722577));
#8597 = CARTESIAN_POINT('',(4.3290732436,222.03232723949));
#8598 = CARTESIAN_POINT('',(4.531933296507,221.9521014357));
#8599 = ( GEOMETRIC_REPRESENTATION_CONTEXT(2) 
PARAMETRIC_REPRESENTATION_CONTEXT() REPRESENTATION_CONTEXT('2D SPACE',''
  ) );
#8600 = PCURVE('',#8561,#8601);
#8601 = DEFINITIONAL_REPRESENTATION('',(#8602),#8611);
#8602 = B_SPLINE_CURVE_WITH_KNOTS('',7,(#8603,#8604,#8605,#8606,#8607,
    #8608,#8609,#8610),.UNSPECIFIED.,.F.,.F.,(8,8),(1.570796212851,
    2.990816583201),.PIECEWISE_BEZIER_KNOTS.);
#8603 = CARTESIAN_POINT('',(4.86316493683,-3.000000674547E-07));
#8604 = CARTESIAN_POINT('',(5.066024989737,0.534106866824));
#8605 = CARTESIAN_POINT('',(5.268885042644,1.068213060514));
#8606 = CARTESIAN_POINT('',(5.471745095551,1.566425979964));
#8607 = CARTESIAN_POINT('',(5.674605148459,1.992816038642));
#8608 = CARTESIAN_POINT('',(5.877465201365,2.317588503098));
#8609 = CARTESIAN_POINT('',(6.080325254272,2.522788489365));
#8610 = CARTESIAN_POINT('',(6.283185307179,2.603014293154));
#8611 = ( GEOMETRIC_REPRESENTATION_CONTEXT(2) 
PARAMETRIC_REPRESENTATION_CONTEXT() REPRESENTATION_CONTEXT('2D SPACE',''
  ) );
#8612 = ORIENTED_EDGE('',*,*,#8613,.F.);
#8613 = EDGE_CURVE('',#8487,#8580,#8614,.T.);
#8614 = SURFACE_CURVE('',#8615,(#8620,#8627),.PCURVE_S1.);
#8615 = CIRCLE('',#8616,5.);
#8616 = AXIS2_PLACEMENT_3D('',#8617,#8618,#8619);
#8617 = CARTESIAN_POINT('',(965.,-30.,900.));
#8618 = DIRECTION('',(-0.200396236149,0.,0.979714932283));
#8619 = DIRECTION('',(0.979714932283,0.,0.200396236149));
#8620 = PCURVE('',#8286,#8621);
#8621 = DEFINITIONAL_REPRESENTATION('',(#8622),#8626);
#8622 = LINE('',#8623,#8624);
#8623 = CARTESIAN_POINT('',(0.,224.55511572885));
#8624 = VECTOR('',#8625,1.);
#8625 = DIRECTION('',(1.,0.));
#8626 = ( GEOMETRIC_REPRESENTATION_CONTEXT(2) 
PARAMETRIC_REPRESENTATION_CONTEXT() REPRESENTATION_CONTEXT('2D SPACE',''
  ) );
#8627 = PCURVE('',#8526,#8628);
#8628 = DEFINITIONAL_REPRESENTATION('',(#8629),#8633);
#8629 = CIRCLE('',#8630,5.);
#8630 = AXIS2_PLACEMENT_2D('',#8631,#8632);
#8631 = CARTESIAN_POINT('',(0.,0.));
#8632 = DIRECTION('',(1.,0.));
#8633 = ( GEOMETRIC_REPRESENTATION_CONTEXT(2) 
PARAMETRIC_REPRESENTATION_CONTEXT() REPRESENTATION_CONTEXT('2D SPACE',''
  ) );
#8634 = ORIENTED_EDGE('',*,*,#8486,.F.);
#8635 = ORIENTED_EDGE('',*,*,#8636,.F.);
#8636 = EDGE_CURVE('',#8637,#8455,#8639,.T.);
#8637 = VERTEX_POINT('',#8638);
#8638 = CARTESIAN_POINT('',(1.011923836489E+03,-25.4017393004,
    680.39351200915));
#8639 = SURFACE_CURVE('',#8640,(#8645,#8657),.PCURVE_S1.);
#8640 = ELLIPSE('',#8641,5.03781199338,5.);
#8641 = AXIS2_PLACEMENT_3D('',#8642,#8643,#8644);
#8642 = CARTESIAN_POINT('',(1.01E+03,-30.,680.));
#8643 = DIRECTION('',(0.309075408379,-4.802758896667E-02,-0.949824058778
    ));
#8644 = DIRECTION('',(0.869727841596,-0.389786213508,0.30272130634));
#8645 = PCURVE('',#8286,#8646);
#8646 = DEFINITIONAL_REPRESENTATION('',(#8647),#8656);
#8647 = B_SPLINE_CURVE_WITH_KNOTS('',7,(#8648,#8649,#8650,#8651,#8652,
    #8653,#8654,#8655),.UNSPECIFIED.,.F.,.F.,(8,8),(4.712389011364,
    5.879582805196),.PIECEWISE_BEZIER_KNOTS.);
#8648 = CARTESIAN_POINT('',(1.167193793832,1.908546209961E-08));
#8649 = CARTESIAN_POINT('',(1.000451823284,0.102725751133));
#8650 = CARTESIAN_POINT('',(0.833709852737,0.205451441798));
#8651 = CARTESIAN_POINT('',(0.66696788219,0.303512497735));
#8652 = CARTESIAN_POINT('',(0.500225911642,0.392242790568));
#8653 = CARTESIAN_POINT('',(0.333483941095,0.467509992173));
#8654 = CARTESIAN_POINT('',(0.166741970547,0.526231763056));
#8655 = CARTESIAN_POINT('',(-2.513544927751E-13,0.566575643746));
#8656 = ( GEOMETRIC_REPRESENTATION_CONTEXT(2) 
PARAMETRIC_REPRESENTATION_CONTEXT() REPRESENTATION_CONTEXT('2D SPACE',''
  ) );
#8657 = PCURVE('',#8356,#8658);
#8658 = DEFINITIONAL_REPRESENTATION('',(#8659),#8668);
#8659 = B_SPLINE_CURVE_WITH_KNOTS('',7,(#8660,#8661,#8662,#8663,#8664,
    #8665,#8666,#8667),.UNSPECIFIED.,.F.,.F.,(8,8),(4.712389011364,
    5.879582805196),.PIECEWISE_BEZIER_KNOTS.);
#8660 = CARTESIAN_POINT('',(1.963546408566,1.908534841277E-08));
#8661 = CARTESIAN_POINT('',(2.130288379113,0.102725751133));
#8662 = CARTESIAN_POINT('',(2.29703034966,0.2054514418));
#8663 = CARTESIAN_POINT('',(2.463772320209,0.303512497732));
#8664 = CARTESIAN_POINT('',(2.630514290754,0.392242790569));
#8665 = CARTESIAN_POINT('',(2.797256261303,0.467509992173));
#8666 = CARTESIAN_POINT('',(2.96399823185,0.526231763055));
#8667 = CARTESIAN_POINT('',(3.130740202397,0.566575643746));
#8668 = ( GEOMETRIC_REPRESENTATION_CONTEXT(2) 
PARAMETRIC_REPRESENTATION_CONTEXT() REPRESENTATION_CONTEXT('2D SPACE',''
  ) );
#8669 = ORIENTED_EDGE('',*,*,#8670,.T.);
#8670 = EDGE_CURVE('',#8637,#8264,#8671,.T.);
#8671 = SURFACE_CURVE('',#8672,(#8677,#8684),.PCURVE_S1.);
#8672 = CIRCLE('',#8673,5.);
#8673 = AXIS2_PLACEMENT_3D('',#8674,#8675,#8676);
#8674 = CARTESIAN_POINT('',(1.01E+03,-30.,680.));
#8675 = DIRECTION('',(-0.200396236149,0.,0.979714932283));
#8676 = DIRECTION('',(0.979714932283,0.,0.200396236149));
#8677 = PCURVE('',#8286,#8678);
#8678 = DEFINITIONAL_REPRESENTATION('',(#8679),#8683);
#8679 = LINE('',#8680,#8681);
#8680 = CARTESIAN_POINT('',(0.,0.));
#8681 = VECTOR('',#8682,1.);
#8682 = DIRECTION('',(1.,0.));
#8683 = ( GEOMETRIC_REPRESENTATION_CONTEXT(2) 
PARAMETRIC_REPRESENTATION_CONTEXT() REPRESENTATION_CONTEXT('2D SPACE',''
  ) );
#8684 = PCURVE('',#8685,#8690);
#8685 = PLANE('',#8686);
#8686 = AXIS2_PLACEMENT_3D('',#8687,#8688,#8689);
#8687 = CARTESIAN_POINT('',(1.01E+03,-30.,680.));
#8688 = DIRECTION('',(-0.200396236149,0.,0.979714932283));
#8689 = DIRECTION('',(0.979714932283,0.,0.200396236149));
#8690 = DEFINITIONAL_REPRESENTATION('',(#8691),#8695);
#8691 = CIRCLE('',#8692,5.);
#8692 = AXIS2_PLACEMENT_2D('',#8693,#8694);
#8693 = CARTESIAN_POINT('',(0.,0.));
#8694 = DIRECTION('',(1.,0.));
#8695 = ( GEOMETRIC_REPRESENTATION_CONTEXT(2) 
PARAMETRIC_REPRESENTATION_CONTEXT() REPRESENTATION_CONTEXT('2D SPACE',''
  ) );
#8696 = ORIENTED_EDGE('',*,*,#8263,.T.);
#8697 = ORIENTED_EDGE('',*,*,#8410,.T.);
#8698 = ORIENTED_EDGE('',*,*,#8699,.F.);
#8699 = EDGE_CURVE('',#8457,#8375,#8700,.T.);
#8700 = SURFACE_CURVE('',#8701,(#8706,#8718),.PCURVE_S1.);
#8701 = ELLIPSE('',#8702,5.03781199338,5.);
#8702 = AXIS2_PLACEMENT_3D('',#8703,#8704,#8705);
#8703 = CARTESIAN_POINT('',(1.01E+03,-30.,680.));
#8704 = DIRECTION('',(0.309075408379,-4.802758896667E-02,-0.949824058778
    ));
#8705 = DIRECTION('',(0.869727841596,-0.389786213508,0.30272130634));
#8706 = PCURVE('',#8286,#8707);
#8707 = DEFINITIONAL_REPRESENTATION('',(#8708),#8717);
#8708 = B_SPLINE_CURVE_WITH_KNOTS('',7,(#8709,#8710,#8711,#8712,#8713,
    #8714,#8715,#8716),.UNSPECIFIED.,.F.,.F.,(8,8),(0.,1.570797180429),
  .PIECEWISE_BEZIER_KNOTS.);
#8709 = CARTESIAN_POINT('',(5.879582805195,0.616076034789));
#8710 = CARTESIAN_POINT('',(5.655183207991,0.616076034789));
#8711 = CARTESIAN_POINT('',(5.430783610787,0.579882346178));
#8712 = CARTESIAN_POINT('',(5.206384013587,0.507500219457));
#8713 = CARTESIAN_POINT('',(4.981984416378,0.403373601859));
#8714 = CARTESIAN_POINT('',(4.757584819175,0.276493371731));
#8715 = CARTESIAN_POINT('',(4.533185221971,0.13824668815));
#8716 = CARTESIAN_POINT('',(4.308785624767,-5.259032604954E-07));
#8717 = ( GEOMETRIC_REPRESENTATION_CONTEXT(2) 
PARAMETRIC_REPRESENTATION_CONTEXT() REPRESENTATION_CONTEXT('2D SPACE',''
  ) );
#8718 = PCURVE('',#8356,#8719);
#8719 = DEFINITIONAL_REPRESENTATION('',(#8720),#8729);
#8720 = B_SPLINE_CURVE_WITH_KNOTS('',7,(#8721,#8722,#8723,#8724,#8725,
    #8726,#8727,#8728),.UNSPECIFIED.,.F.,.F.,(8,8),(0.,1.570797180429),
  .PIECEWISE_BEZIER_KNOTS.);
#8721 = CARTESIAN_POINT('',(3.534342704381,0.616076034789));
#8722 = CARTESIAN_POINT('',(3.758742301585,0.616076034789));
#8723 = CARTESIAN_POINT('',(3.98314189879,0.579882346178));
#8724 = CARTESIAN_POINT('',(4.207541495993,0.507500219458));
#8725 = CARTESIAN_POINT('',(4.431941093199,0.403373601856));
#8726 = CARTESIAN_POINT('',(4.656340690402,0.276493371734));
#8727 = CARTESIAN_POINT('',(4.880740287606,0.13824668815));
#8728 = CARTESIAN_POINT('',(5.10513988481,-5.259034878691E-07));
#8729 = ( GEOMETRIC_REPRESENTATION_CONTEXT(2) 
PARAMETRIC_REPRESENTATION_CONTEXT() REPRESENTATION_CONTEXT('2D SPACE',''
  ) );
#8730 = ADVANCED_FACE('',(#8731),#8356,.T.);
#8731 = FACE_BOUND('',#8732,.T.);
#8732 = EDGE_LOOP('',(#8733,#8734,#8757,#8784,#8785,#8786,#8813,#8814,
    #8815));
#8733 = ORIENTED_EDGE('',*,*,#8374,.T.);
#8734 = ORIENTED_EDGE('',*,*,#8735,.T.);
#8735 = EDGE_CURVE('',#8334,#8736,#8738,.T.);
#8736 = VERTEX_POINT('',#8737);
#8737 = CARTESIAN_POINT('',(1.135450904759E+03,-60.,392.92497410038));
#8738 = SEAM_CURVE('',#8739,(#8743,#8750),.PCURVE_S1.);
#8739 = LINE('',#8740,#8741);
#8740 = CARTESIAN_POINT('',(1.005450904759E+03,-30.,677.92497410038));
#8741 = VECTOR('',#8742,1.);
#8742 = DIRECTION('',(0.413114964319,-9.533422253507E-02,-0.905675114083
    ));
#8743 = PCURVE('',#8356,#8744);
#8744 = DEFINITIONAL_REPRESENTATION('',(#8745),#8749);
#8745 = LINE('',#8746,#8747);
#8746 = CARTESIAN_POINT('',(0.,-0.));
#8747 = VECTOR('',#8748,1.);
#8748 = DIRECTION('',(0.,1.));
#8749 = ( GEOMETRIC_REPRESENTATION_CONTEXT(2) 
PARAMETRIC_REPRESENTATION_CONTEXT() REPRESENTATION_CONTEXT('2D SPACE',''
  ) );
#8750 = PCURVE('',#8356,#8751);
#8751 = DEFINITIONAL_REPRESENTATION('',(#8752),#8756);
#8752 = LINE('',#8753,#8754);
#8753 = CARTESIAN_POINT('',(6.28318530718,-0.));
#8754 = VECTOR('',#8755,1.);
#8755 = DIRECTION('',(0.,1.));
#8756 = ( GEOMETRIC_REPRESENTATION_CONTEXT(2) 
PARAMETRIC_REPRESENTATION_CONTEXT() REPRESENTATION_CONTEXT('2D SPACE',''
  ) );
#8757 = ORIENTED_EDGE('',*,*,#8758,.F.);
#8758 = EDGE_CURVE('',#8736,#8736,#8759,.T.);
#8759 = SURFACE_CURVE('',#8760,(#8765,#8772),.PCURVE_S1.);
#8760 = CIRCLE('',#8761,5.);
#8761 = AXIS2_PLACEMENT_3D('',#8762,#8763,#8764);
#8762 = CARTESIAN_POINT('',(1.14E+03,-60.,395.));
#8763 = DIRECTION('',(0.413114964319,-9.533422253507E-02,-0.905675114083
    ));
#8764 = DIRECTION('',(-0.909819048293,0.,-0.415005179923));
#8765 = PCURVE('',#8356,#8766);
#8766 = DEFINITIONAL_REPRESENTATION('',(#8767),#8771);
#8767 = LINE('',#8768,#8769);
#8768 = CARTESIAN_POINT('',(0.,314.68237955119));
#8769 = VECTOR('',#8770,1.);
#8770 = DIRECTION('',(1.,0.));
#8771 = ( GEOMETRIC_REPRESENTATION_CONTEXT(2) 
PARAMETRIC_REPRESENTATION_CONTEXT() REPRESENTATION_CONTEXT('2D SPACE',''
  ) );
#8772 = PCURVE('',#8773,#8778);
#8773 = PLANE('',#8774);
#8774 = AXIS2_PLACEMENT_3D('',#8775,#8776,#8777);
#8775 = CARTESIAN_POINT('',(1.14E+03,-60.,395.));
#8776 = DIRECTION('',(0.413114964319,-9.533422253507E-02,-0.905675114083
    ));
#8777 = DIRECTION('',(-0.909819048293,0.,-0.415005179923));
#8778 = DEFINITIONAL_REPRESENTATION('',(#8779),#8783);
#8779 = CIRCLE('',#8780,5.);
#8780 = AXIS2_PLACEMENT_2D('',#8781,#8782);
#8781 = CARTESIAN_POINT('',(0.,0.));
#8782 = DIRECTION('',(1.,0.));
#8783 = ( GEOMETRIC_REPRESENTATION_CONTEXT(2) 
PARAMETRIC_REPRESENTATION_CONTEXT() REPRESENTATION_CONTEXT('2D SPACE',''
  ) );
#8784 = ORIENTED_EDGE('',*,*,#8735,.F.);
#8785 = ORIENTED_EDGE('',*,*,#8333,.T.);
#8786 = ORIENTED_EDGE('',*,*,#8787,.T.);
#8787 = EDGE_CURVE('',#8305,#8637,#8788,.T.);
#8788 = SURFACE_CURVE('',#8789,(#8794,#8801),.PCURVE_S1.);
#8789 = CIRCLE('',#8790,5.);
#8790 = AXIS2_PLACEMENT_3D('',#8791,#8792,#8793);
#8791 = CARTESIAN_POINT('',(1.01E+03,-30.,680.));
#8792 = DIRECTION('',(0.413114964319,-9.533422253507E-02,-0.905675114083
    ));
#8793 = DIRECTION('',(-0.909819048293,0.,-0.415005179923));
#8794 = PCURVE('',#8356,#8795);
#8795 = DEFINITIONAL_REPRESENTATION('',(#8796),#8800);
#8796 = LINE('',#8797,#8798);
#8797 = CARTESIAN_POINT('',(0.,0.));
#8798 = VECTOR('',#8799,1.);
#8799 = DIRECTION('',(1.,0.));
#8800 = ( GEOMETRIC_REPRESENTATION_CONTEXT(2) 
PARAMETRIC_REPRESENTATION_CONTEXT() REPRESENTATION_CONTEXT('2D SPACE',''
  ) );
#8801 = PCURVE('',#8802,#8807);
#8802 = PLANE('',#8803);
#8803 = AXIS2_PLACEMENT_3D('',#8804,#8805,#8806);
#8804 = CARTESIAN_POINT('',(1.01E+03,-30.,680.));
#8805 = DIRECTION('',(0.413114964319,-9.533422253507E-02,-0.905675114083
    ));
#8806 = DIRECTION('',(-0.909819048293,0.,-0.415005179923));
#8807 = DEFINITIONAL_REPRESENTATION('',(#8808),#8812);
#8808 = CIRCLE('',#8809,5.);
#8809 = AXIS2_PLACEMENT_2D('',#8810,#8811);
#8810 = CARTESIAN_POINT('',(0.,0.));
#8811 = DIRECTION('',(1.,0.));
#8812 = ( GEOMETRIC_REPRESENTATION_CONTEXT(2) 
PARAMETRIC_REPRESENTATION_CONTEXT() REPRESENTATION_CONTEXT('2D SPACE',''
  ) );
#8813 = ORIENTED_EDGE('',*,*,#8636,.T.);
#8814 = ORIENTED_EDGE('',*,*,#8454,.T.);
#8815 = ORIENTED_EDGE('',*,*,#8699,.T.);
#8816 = ADVANCED_FACE('',(#8817),#8321,.T.);
#8817 = FACE_BOUND('',#8818,.T.);
#8818 = EDGE_LOOP('',(#8819,#8840,#8841));
#8819 = ORIENTED_EDGE('',*,*,#8820,.T.);
#8820 = EDGE_CURVE('',#8821,#8305,#8823,.T.);
#8821 = VERTEX_POINT('',#8822);
#8822 = CARTESIAN_POINT('',(1.01E+03,-30.,680.));
#8823 = SURFACE_CURVE('',#8824,(#8828,#8834),.PCURVE_S1.);
#8824 = LINE('',#8825,#8826);
#8825 = CARTESIAN_POINT('',(1.01E+03,-30.,680.));
#8826 = VECTOR('',#8827,1.);
#8827 = DIRECTION('',(5.156489198162E-02,0.995358672494,
    -8.125376918316E-02));
#8828 = PCURVE('',#8321,#8829);
#8829 = DEFINITIONAL_REPRESENTATION('',(#8830),#8833);
#8830 = B_SPLINE_CURVE_WITH_KNOTS('',1,(#8831,#8832),.UNSPECIFIED.,.F.,
  .F.,(2,2),(-5.000435259985,5.000435259985),.PIECEWISE_BEZIER_KNOTS.);
#8831 = CARTESIAN_POINT('',(0.481215272994,4.97722660227));
#8832 = CARTESIAN_POINT('',(-0.481215272994,-4.97722660227));
#8833 = ( GEOMETRIC_REPRESENTATION_CONTEXT(2) 
PARAMETRIC_REPRESENTATION_CONTEXT() REPRESENTATION_CONTEXT('2D SPACE',''
  ) );
#8834 = PCURVE('',#8802,#8835);
#8835 = DEFINITIONAL_REPRESENTATION('',(#8836),#8839);
#8836 = B_SPLINE_CURVE_WITH_KNOTS('',1,(#8837,#8838),.UNSPECIFIED.,.F.,
  .F.,(2,2),(-5.000435259985,5.000435259985),.PIECEWISE_BEZIER_KNOTS.);
#8837 = CARTESIAN_POINT('',(6.597567205789E-02,-5.));
#8838 = CARTESIAN_POINT('',(-6.597567205789E-02,5.));
#8839 = ( GEOMETRIC_REPRESENTATION_CONTEXT(2) 
PARAMETRIC_REPRESENTATION_CONTEXT() REPRESENTATION_CONTEXT('2D SPACE',''
  ) );
#8840 = ORIENTED_EDGE('',*,*,#8304,.T.);
#8841 = ORIENTED_EDGE('',*,*,#8842,.T.);
#8842 = EDGE_CURVE('',#8264,#8821,#8843,.T.);
#8843 = SURFACE_CURVE('',#8844,(#8848,#8854),.PCURVE_S1.);
#8844 = LINE('',#8845,#8846);
#8845 = CARTESIAN_POINT('',(1.01E+03,-30.,680.));
#8846 = VECTOR('',#8847,1.);
#8847 = DIRECTION('',(0.,-1.,0.));
#8848 = PCURVE('',#8321,#8849);
#8849 = DEFINITIONAL_REPRESENTATION('',(#8850),#8853);
#8850 = B_SPLINE_CURVE_WITH_KNOTS('',1,(#8851,#8852),.UNSPECIFIED.,.F.,
  .F.,(2,2),(-5.,4.976793362469),.PIECEWISE_BEZIER_KNOTS.);
#8851 = CARTESIAN_POINT('',(0.,-5.));
#8852 = CARTESIAN_POINT('',(0.,4.976793362469));
#8853 = ( GEOMETRIC_REPRESENTATION_CONTEXT(2) 
PARAMETRIC_REPRESENTATION_CONTEXT() REPRESENTATION_CONTEXT('2D SPACE',''
  ) );
#8854 = PCURVE('',#8685,#8855);
#8855 = DEFINITIONAL_REPRESENTATION('',(#8856),#8859);
#8856 = B_SPLINE_CURVE_WITH_KNOTS('',1,(#8857,#8858),.UNSPECIFIED.,.F.,
  .F.,(2,2),(-5.,4.976793362469),.PIECEWISE_BEZIER_KNOTS.);
#8857 = CARTESIAN_POINT('',(0.,5.));
#8858 = CARTESIAN_POINT('',(0.,-4.976793362469));
#8859 = ( GEOMETRIC_REPRESENTATION_CONTEXT(2) 
PARAMETRIC_REPRESENTATION_CONTEXT() REPRESENTATION_CONTEXT('2D SPACE',''
  ) );
#8860 = ADVANCED_FACE('',(#8861),#8685,.F.);
#8861 = FACE_BOUND('',#8862,.F.);
#8862 = EDGE_LOOP('',(#8863,#8882,#8883));
#8863 = ORIENTED_EDGE('',*,*,#8864,.F.);
#8864 = EDGE_CURVE('',#8637,#8821,#8865,.T.);
#8865 = SURFACE_CURVE('',#8866,(#8870,#8876),.PCURVE_S1.);
#8866 = LINE('',#8867,#8868);
#8867 = CARTESIAN_POINT('',(1.01E+03,-30.,680.));
#8868 = VECTOR('',#8869,1.);
#8869 = DIRECTION('',(-0.384767297842,-0.919652139919,
    -7.870240183139E-02));
#8870 = PCURVE('',#8685,#8871);
#8871 = DEFINITIONAL_REPRESENTATION('',(#8872),#8875);
#8872 = B_SPLINE_CURVE_WITH_KNOTS('',1,(#8873,#8874),.UNSPECIFIED.,.F.,
  .F.,(2,2),(-5.411604177758,0.172366523167),.PIECEWISE_BEZIER_KNOTS.);
#8873 = CARTESIAN_POINT('',(2.125320588528,4.976793362469));
#8874 = CARTESIAN_POINT('',(-6.769418243216E-02,-0.158517241881));
#8875 = ( GEOMETRIC_REPRESENTATION_CONTEXT(2) 
PARAMETRIC_REPRESENTATION_CONTEXT() REPRESENTATION_CONTEXT('2D SPACE',''
  ) );
#8876 = PCURVE('',#8802,#8877);
#8877 = DEFINITIONAL_REPRESENTATION('',(#8878),#8881);
#8878 = B_SPLINE_CURVE_WITH_KNOTS('',1,(#8879,#8880),.UNSPECIFIED.,.F.,
  .F.,(2,2),(-5.411604177758,0.172366523167),.PIECEWISE_BEZIER_KNOTS.);
#8879 = CARTESIAN_POINT('',(-2.071186087317,4.999564777902));
#8880 = CARTESIAN_POINT('',(6.596992924391E-02,-0.159242540624));
#8881 = ( GEOMETRIC_REPRESENTATION_CONTEXT(2) 
PARAMETRIC_REPRESENTATION_CONTEXT() REPRESENTATION_CONTEXT('2D SPACE',''
  ) );
#8882 = ORIENTED_EDGE('',*,*,#8670,.T.);
#8883 = ORIENTED_EDGE('',*,*,#8842,.T.);
#8884 = ADVANCED_FACE('',(#8885),#8526,.T.);
#8885 = FACE_BOUND('',#8886,.T.);
#8886 = EDGE_LOOP('',(#8887,#8888,#8889));
#8887 = ORIENTED_EDGE('',*,*,#8509,.T.);
#8888 = ORIENTED_EDGE('',*,*,#8613,.T.);
#8889 = ORIENTED_EDGE('',*,*,#8890,.T.);
#8890 = EDGE_CURVE('',#8580,#8510,#8891,.T.);
#8891 = SURFACE_CURVE('',#8892,(#8896,#8902),.PCURVE_S1.);
#8892 = LINE('',#8893,#8894);
#8893 = CARTESIAN_POINT('',(965.,-30.,900.));
#8894 = VECTOR('',#8895,1.);
#8895 = DIRECTION('',(0.979283458578,-2.967525632055E-02,0.200307980164)
  );
#8896 = PCURVE('',#8526,#8897);
#8897 = DEFINITIONAL_REPRESENTATION('',(#8898),#8901);
#8898 = B_SPLINE_CURVE_WITH_KNOTS('',1,(#8899,#8900),.UNSPECIFIED.,.F.,
  .F.,(2,2),(-5.002203007212,5.002203007212),.PIECEWISE_BEZIER_KNOTS.);
#8899 = CARTESIAN_POINT('',(-5.,0.148441656406));
#8900 = CARTESIAN_POINT('',(5.,-0.148441656406));
#8901 = ( GEOMETRIC_REPRESENTATION_CONTEXT(2) 
PARAMETRIC_REPRESENTATION_CONTEXT() REPRESENTATION_CONTEXT('2D SPACE',''
  ) );
#8902 = PCURVE('',#8903,#8908);
#8903 = PLANE('',#8904);
#8904 = AXIS2_PLACEMENT_3D('',#8905,#8906,#8907);
#8905 = CARTESIAN_POINT('',(965.,-30.,900.));
#8906 = DIRECTION('',(-0.137360563949,-0.824163383692,0.549442255795));
#8907 = DIRECTION('',(-1.387778780781E-17,-0.554700196225,
    -0.832050294338));
#8908 = DEFINITIONAL_REPRESENTATION('',(#8909),#8912);
#8909 = B_SPLINE_CURVE_WITH_KNOTS('',1,(#8910,#8911),.UNSPECIFIED.,.F.,
  .F.,(2,2),(-5.002203007212,5.002203007212),.PIECEWISE_BEZIER_KNOTS.);
#8910 = CARTESIAN_POINT('',(0.751358120422,-4.945452042052));
#8911 = CARTESIAN_POINT('',(-0.751358120422,4.945452042052));
#8912 = ( GEOMETRIC_REPRESENTATION_CONTEXT(2) 
PARAMETRIC_REPRESENTATION_CONTEXT() REPRESENTATION_CONTEXT('2D SPACE',''
  ) );
#8913 = ADVANCED_FACE('',(#8914),#8561,.T.);
#8914 = FACE_BOUND('',#8915,.T.);
#8915 = EDGE_LOOP('',(#8916,#8939,#8966,#8967,#8968,#8990));
#8916 = ORIENTED_EDGE('',*,*,#8917,.T.);
#8917 = EDGE_CURVE('',#8539,#8918,#8920,.T.);
#8918 = VERTEX_POINT('',#8919);
#8919 = CARTESIAN_POINT('',(950.,-122.7735009811,955.83974852831));
#8920 = SEAM_CURVE('',#8921,(#8925,#8932),.PCURVE_S1.);
#8921 = LINE('',#8922,#8923);
#8922 = CARTESIAN_POINT('',(965.,-32.77350098112,895.83974852831));
#8923 = VECTOR('',#8924,1.);
#8924 = DIRECTION('',(-0.137360563949,-0.824163383692,0.549442255795));
#8925 = PCURVE('',#8561,#8926);
#8926 = DEFINITIONAL_REPRESENTATION('',(#8927),#8931);
#8927 = LINE('',#8928,#8929);
#8928 = CARTESIAN_POINT('',(6.28318530718,-0.));
#8929 = VECTOR('',#8930,1.);
#8930 = DIRECTION('',(0.,1.));
#8931 = ( GEOMETRIC_REPRESENTATION_CONTEXT(2) 
PARAMETRIC_REPRESENTATION_CONTEXT() REPRESENTATION_CONTEXT('2D SPACE',''
  ) );
#8932 = PCURVE('',#8561,#8933);
#8933 = DEFINITIONAL_REPRESENTATION('',(#8934),#8938);
#8934 = LINE('',#8935,#8936);
#8935 = CARTESIAN_POINT('',(0.,-0.));
#8936 = VECTOR('',#8937,1.);
#8937 = DIRECTION('',(0.,1.));
#8938 = ( GEOMETRIC_REPRESENTATION_CONTEXT(2) 
PARAMETRIC_REPRESENTATION_CONTEXT() REPRESENTATION_CONTEXT('2D SPACE',''
  ) );
#8939 = ORIENTED_EDGE('',*,*,#8940,.F.);
#8940 = EDGE_CURVE('',#8918,#8918,#8941,.T.);
#8941 = SURFACE_CURVE('',#8942,(#8947,#8954),.PCURVE_S1.);
#8942 = CIRCLE('',#8943,5.);
#8943 = AXIS2_PLACEMENT_3D('',#8944,#8945,#8946);
#8944 = CARTESIAN_POINT('',(950.,-120.,960.));
#8945 = DIRECTION('',(-0.137360563949,-0.824163383692,0.549442255795));
#8946 = DIRECTION('',(-2.775557561563E-17,-0.554700196225,
    -0.832050294338));
#8947 = PCURVE('',#8561,#8948);
#8948 = DEFINITIONAL_REPRESENTATION('',(#8949),#8953);
#8949 = LINE('',#8950,#8951);
#8950 = CARTESIAN_POINT('',(0.,109.2016483392));
#8951 = VECTOR('',#8952,1.);
#8952 = DIRECTION('',(1.,0.));
#8953 = ( GEOMETRIC_REPRESENTATION_CONTEXT(2) 
PARAMETRIC_REPRESENTATION_CONTEXT() REPRESENTATION_CONTEXT('2D SPACE',''
  ) );
#8954 = PCURVE('',#8955,#8960);
#8955 = PLANE('',#8956);
#8956 = AXIS2_PLACEMENT_3D('',#8957,#8958,#8959);
#8957 = CARTESIAN_POINT('',(950.,-120.,960.));
#8958 = DIRECTION('',(-0.137360563949,-0.824163383692,0.549442255795));
#8959 = DIRECTION('',(-1.387778780781E-17,-0.554700196225,
    -0.832050294338));
#8960 = DEFINITIONAL_REPRESENTATION('',(#8961),#8965);
#8961 = CIRCLE('',#8962,5.);
#8962 = AXIS2_PLACEMENT_2D('',#8963,#8964);
#8963 = CARTESIAN_POINT('',(0.,0.));
#8964 = DIRECTION('',(1.,0.));
#8965 = ( GEOMETRIC_REPRESENTATION_CONTEXT(2) 
PARAMETRIC_REPRESENTATION_CONTEXT() REPRESENTATION_CONTEXT('2D SPACE',''
  ) );
#8966 = ORIENTED_EDGE('',*,*,#8917,.F.);
#8967 = ORIENTED_EDGE('',*,*,#8538,.T.);
#8968 = ORIENTED_EDGE('',*,*,#8969,.T.);
#8969 = EDGE_CURVE('',#8510,#8580,#8970,.T.);
#8970 = SURFACE_CURVE('',#8971,(#8976,#8983),.PCURVE_S1.);
#8971 = CIRCLE('',#8972,5.);
#8972 = AXIS2_PLACEMENT_3D('',#8973,#8974,#8975);
#8973 = CARTESIAN_POINT('',(965.,-30.,900.));
#8974 = DIRECTION('',(-0.137360563949,-0.824163383692,0.549442255795));
#8975 = DIRECTION('',(-2.775557561563E-17,-0.554700196225,
    -0.832050294338));
#8976 = PCURVE('',#8561,#8977);
#8977 = DEFINITIONAL_REPRESENTATION('',(#8978),#8982);
#8978 = LINE('',#8979,#8980);
#8979 = CARTESIAN_POINT('',(0.,0.));
#8980 = VECTOR('',#8981,1.);
#8981 = DIRECTION('',(1.,0.));
#8982 = ( GEOMETRIC_REPRESENTATION_CONTEXT(2) 
PARAMETRIC_REPRESENTATION_CONTEXT() REPRESENTATION_CONTEXT('2D SPACE',''
  ) );
#8983 = PCURVE('',#8903,#8984);
#8984 = DEFINITIONAL_REPRESENTATION('',(#8985),#8989);
#8985 = CIRCLE('',#8986,5.);
#8986 = AXIS2_PLACEMENT_2D('',#8987,#8988);
#8987 = CARTESIAN_POINT('',(0.,0.));
#8988 = DIRECTION('',(1.,0.));
#8989 = ( GEOMETRIC_REPRESENTATION_CONTEXT(2) 
PARAMETRIC_REPRESENTATION_CONTEXT() REPRESENTATION_CONTEXT('2D SPACE',''
  ) );
#8990 = ORIENTED_EDGE('',*,*,#8579,.T.);
#8991 = ADVANCED_FACE('',(#8992),#8802,.F.);
#8992 = FACE_BOUND('',#8993,.F.);
#8993 = EDGE_LOOP('',(#8994,#8995,#8996));
#8994 = ORIENTED_EDGE('',*,*,#8864,.T.);
#8995 = ORIENTED_EDGE('',*,*,#8820,.T.);
#8996 = ORIENTED_EDGE('',*,*,#8787,.T.);
#8997 = ADVANCED_FACE('',(#8998),#8773,.T.);
#8998 = FACE_BOUND('',#8999,.T.);
#8999 = EDGE_LOOP('',(#9000));
#9000 = ORIENTED_EDGE('',*,*,#8758,.T.);
#9001 = ADVANCED_FACE('',(#9002),#8903,.F.);
#9002 = FACE_BOUND('',#9003,.F.);
#9003 = EDGE_LOOP('',(#9004,#9005));
#9004 = ORIENTED_EDGE('',*,*,#8890,.T.);
#9005 = ORIENTED_EDGE('',*,*,#8969,.T.);
#9006 = ADVANCED_FACE('',(#9007),#8955,.T.);
#9007 = FACE_BOUND('',#9008,.T.);
#9008 = EDGE_LOOP('',(#9009));
#9009 = ORIENTED_EDGE('',*,*,#8940,.T.);
#9010 = ( GEOMETRIC_REPRESENTATION_CONTEXT(3) 
GLOBAL_UNCERTAINTY_ASSIGNED_CONTEXT((#9014)) 
GLOBAL_UNIT_ASSIGNED_CONTEXT((#9011,#9012,#9013)) REPRESENTATION_CONTEXT
('Context #1','3D Context with UNIT and UNCERTAINTY') );
#9011 = ( LENGTH_UNIT() NAMED_UNIT(*) SI_UNIT(.MILLI.,.METRE.) );
#9012 = ( NAMED_UNIT(*) PLANE_ANGLE_UNIT() SI_UNIT($,.RADIAN.) );
#9013 = ( NAMED_UNIT(*) SI_UNIT($,.STERADIAN.) SOLID_ANGLE_UNIT() );
#9014 = UNCERTAINTY_MEASURE_WITH_UNIT(LENGTH_MEASURE(2.E-07),#9011,
  'distance_accuracy_value','confusion accuracy');
#9015 = PRODUCT_RELATED_PRODUCT_CATEGORY('part',$,(#7));
ENDSEC;
END-ISO-10303-21;
